Command line invocation:
    /Applications/Xcode.app/Contents/Developer/usr/bin/xcodebuild -workspace /Users/apple/Plnmo/app/ios/Planmoni.xcworkspace -configuration Debug -scheme Planmoni -destination id=2898BCB4-256C-4A0D-82F1-572E772951CB

User defaults from command line:
    IDEPackageSupportUseBuiltinSCM = YES

Prepare packages

ComputeTargetDependencyGraph
note: Building targets in dependency order
note: Target dependency graph (145 targets)
    Target 'Planmoni' in project 'Planmoni'
        ➜ Implicit dependency on target 'Pods-Planmoni' in project 'Pods' via file 'libPods-Planmoni.a' in build phase 'Link Binary'
        ➜ Implicit dependency on target 'DoubleConversion' in project 'Pods' via options '-lDoubleConversion' in build setting 'OTHER_LDFLAGS'
        ➜ Implicit dependency on target 'EXApplication' in project 'Pods' via options '-lEXApplication' in build setting 'OTHER_LDFLAGS'
        ➜ Implicit dependency on target 'EXConstants' in project 'Pods' via options '-lEXConstants' in build setting 'OTHER_LDFLAGS'
        ➜ Implicit dependency on target 'EXImageLoader' in project 'Pods' via options '-lEXImageLoader' in build setting 'OTHER_LDFLAGS'
        ➜ Implicit dependency on target 'EXNotifications' in project 'Pods' via options '-lEXNotifications' in build setting 'OTHER_LDFLAGS'
        ➜ Implicit dependency on target 'Expo' in project 'Pods' via options '-lExpo' in build setting 'OTHER_LDFLAGS'
        ➜ Implicit dependency on target 'ExpoAsset' in project 'Pods' via options '-lExpoAsset' in build setting 'OTHER_LDFLAGS'
        ➜ Implicit dependency on target 'ExpoBlur' in project 'Pods' via options '-lExpoBlur' in build setting 'OTHER_LDFLAGS'
        ➜ Implicit dependency on target 'ExpoCamera' in project 'Pods' via options '-lExpoCamera' in build setting 'OTHER_LDFLAGS'
        ➜ Implicit dependency on target 'ExpoClipboard' in project 'Pods' via options '-lExpoClipboard' in build setting 'OTHER_LDFLAGS'
        ➜ Implicit dependency on target 'ExpoDevice' in project 'Pods' via options '-lExpoDevice' in build setting 'OTHER_LDFLAGS'
        ➜ Implicit dependency on target 'ExpoFileSystem' in project 'Pods' via options '-lExpoFileSystem' in build setting 'OTHER_LDFLAGS'
        ➜ Implicit dependency on target 'ExpoFont' in project 'Pods' via options '-lExpoFont' in build setting 'OTHER_LDFLAGS'
        ➜ Implicit dependency on target 'ExpoHaptics' in project 'Pods' via options '-lExpoHaptics' in build setting 'OTHER_LDFLAGS'
        ➜ Implicit dependency on target 'ExpoHead' in project 'Pods' via options '-lExpoHead' in build setting 'OTHER_LDFLAGS'
        ➜ Implicit dependency on target 'ExpoImage' in project 'Pods' via options '-lExpoImage' in build setting 'OTHER_LDFLAGS'
        ➜ Implicit dependency on target 'ExpoImageManipulator' in project 'Pods' via options '-lExpoImageManipulator' in build setting 'OTHER_LDFLAGS'
        ➜ Implicit dependency on target 'ExpoImagePicker' in project 'Pods' via options '-lExpoImagePicker' in build setting 'OTHER_LDFLAGS'
        ➜ Implicit dependency on target 'ExpoKeepAwake' in project 'Pods' via options '-lExpoKeepAwake' in build setting 'OTHER_LDFLAGS'
        ➜ Implicit dependency on target 'ExpoLinearGradient' in project 'Pods' via options '-lExpoLinearGradient' in build setting 'OTHER_LDFLAGS'
        ➜ Implicit dependency on target 'ExpoLinking' in project 'Pods' via options '-lExpoLinking' in build setting 'OTHER_LDFLAGS'
        ➜ Implicit dependency on target 'ExpoLocalAuthentication' in project 'Pods' via options '-lExpoLocalAuthentication' in build setting 'OTHER_LDFLAGS'
        ➜ Implicit dependency on target 'ExpoModulesCore' in project 'Pods' via options '-lExpoModulesCore' in build setting 'OTHER_LDFLAGS'
        ➜ Implicit dependency on target 'ExpoPrint' in project 'Pods' via options '-lExpoPrint' in build setting 'OTHER_LDFLAGS'
        ➜ Implicit dependency on target 'ExpoSecureStore' in project 'Pods' via options '-lExpoSecureStore' in build setting 'OTHER_LDFLAGS'
        ➜ Implicit dependency on target 'ExpoSharing' in project 'Pods' via options '-lExpoSharing' in build setting 'OTHER_LDFLAGS'
        ➜ Implicit dependency on target 'ExpoSplashScreen' in project 'Pods' via options '-lExpoSplashScreen' in build setting 'OTHER_LDFLAGS'
        ➜ Implicit dependency on target 'ExpoSymbols' in project 'Pods' via options '-lExpoSymbols' in build setting 'OTHER_LDFLAGS'
        ➜ Implicit dependency on target 'ExpoSystemUI' in project 'Pods' via options '-lExpoSystemUI' in build setting 'OTHER_LDFLAGS'
        ➜ Implicit dependency on target 'ExpoWebBrowser' in project 'Pods' via options '-lExpoWebBrowser' in build setting 'OTHER_LDFLAGS'
        ➜ Implicit dependency on target 'RCT-Folly' in project 'Pods' via options '-lRCT-Folly' in build setting 'OTHER_LDFLAGS'
        ➜ Implicit dependency on target 'RCTDeprecation' in project 'Pods' via options '-lRCTDeprecation' in build setting 'OTHER_LDFLAGS'
        ➜ Implicit dependency on target 'RCTTypeSafety' in project 'Pods' via options '-lRCTTypeSafety' in build setting 'OTHER_LDFLAGS'
        ➜ Implicit dependency on target 'RNCAsyncStorage' in project 'Pods' via options '-lRNCAsyncStorage' in build setting 'OTHER_LDFLAGS'
        ➜ Implicit dependency on target 'RNCMaskedView' in project 'Pods' via options '-lRNCMaskedView' in build setting 'OTHER_LDFLAGS'
        ➜ Implicit dependency on target 'RNGestureHandler' in project 'Pods' via options '-lRNGestureHandler' in build setting 'OTHER_LDFLAGS'
        ➜ Implicit dependency on target 'RNReanimated' in project 'Pods' via options '-lRNReanimated' in build setting 'OTHER_LDFLAGS'
        ➜ Implicit dependency on target 'RNSVG' in project 'Pods' via options '-lRNSVG' in build setting 'OTHER_LDFLAGS'
        ➜ Implicit dependency on target 'RNScreens' in project 'Pods' via options '-lRNScreens' in build setting 'OTHER_LDFLAGS'
        ➜ Implicit dependency on target 'RNSentry' in project 'Pods' via options '-lRNSentry' in build setting 'OTHER_LDFLAGS'
        ➜ Implicit dependency on target 'React-Codegen' in project 'Pods' via options '-lReact-Codegen' in build setting 'OTHER_LDFLAGS'
        ➜ Implicit dependency on target 'React-Core' in project 'Pods' via options '-lReact-Core' in build setting 'OTHER_LDFLAGS'
        ➜ Implicit dependency on target 'React-CoreModules' in project 'Pods' via options '-lReact-CoreModules' in build setting 'OTHER_LDFLAGS'
        ➜ Implicit dependency on target 'React-Fabric' in project 'Pods' via options '-lReact-Fabric' in build setting 'OTHER_LDFLAGS'
        ➜ Implicit dependency on target 'React-FabricComponents' in project 'Pods' via options '-lReact-FabricComponents' in build setting 'OTHER_LDFLAGS'
        ➜ Implicit dependency on target 'React-FabricImage' in project 'Pods' via options '-lReact-FabricImage' in build setting 'OTHER_LDFLAGS'
        ➜ Implicit dependency on target 'React-ImageManager' in project 'Pods' via options '-lReact-ImageManager' in build setting 'OTHER_LDFLAGS'
        ➜ Implicit dependency on target 'React-Mapbuffer' in project 'Pods' via options '-lReact-Mapbuffer' in build setting 'OTHER_LDFLAGS'
        ➜ Implicit dependency on target 'React-NativeModulesApple' in project 'Pods' via options '-lReact-NativeModulesApple' in build setting 'OTHER_LDFLAGS'
        ➜ Implicit dependency on target 'React-RCTAnimation' in project 'Pods' via options '-lReact-RCTAnimation' in build setting 'OTHER_LDFLAGS'
        ➜ Implicit dependency on target 'React-RCTAppDelegate' in project 'Pods' via options '-lReact-RCTAppDelegate' in build setting 'OTHER_LDFLAGS'
        ➜ Implicit dependency on target 'React-RCTBlob' in project 'Pods' via options '-lReact-RCTBlob' in build setting 'OTHER_LDFLAGS'
        ➜ Implicit dependency on target 'React-RCTFBReactNativeSpec' in project 'Pods' via options '-lReact-RCTFBReactNativeSpec' in build setting 'OTHER_LDFLAGS'
        ➜ Implicit dependency on target 'React-RCTFabric' in project 'Pods' via options '-lReact-RCTFabric' in build setting 'OTHER_LDFLAGS'
        ➜ Implicit dependency on target 'React-RCTImage' in project 'Pods' via options '-lReact-RCTImage' in build setting 'OTHER_LDFLAGS'
        ➜ Implicit dependency on target 'React-RCTLinking' in project 'Pods' via options '-lReact-RCTLinking' in build setting 'OTHER_LDFLAGS'
        ➜ Implicit dependency on target 'React-RCTNetwork' in project 'Pods' via options '-lReact-RCTNetwork' in build setting 'OTHER_LDFLAGS'
        ➜ Implicit dependency on target 'React-RCTRuntime' in project 'Pods' via options '-lReact-RCTRuntime' in build setting 'OTHER_LDFLAGS'
        ➜ Implicit dependency on target 'React-RCTSettings' in project 'Pods' via options '-lReact-RCTSettings' in build setting 'OTHER_LDFLAGS'
        ➜ Implicit dependency on target 'React-RCTText' in project 'Pods' via options '-lReact-RCTText' in build setting 'OTHER_LDFLAGS'
        ➜ Implicit dependency on target 'React-RCTVibration' in project 'Pods' via options '-lReact-RCTVibration' in build setting 'OTHER_LDFLAGS'
        ➜ Implicit dependency on target 'React-RuntimeApple' in project 'Pods' via options '-lReact-RuntimeApple' in build setting 'OTHER_LDFLAGS'
        ➜ Implicit dependency on target 'React-RuntimeCore' in project 'Pods' via options '-lReact-RuntimeCore' in build setting 'OTHER_LDFLAGS'
        ➜ Implicit dependency on target 'React-RuntimeHermes' in project 'Pods' via options '-lReact-RuntimeHermes' in build setting 'OTHER_LDFLAGS'
        ➜ Implicit dependency on target 'React-cxxreact' in project 'Pods' via options '-lReact-cxxreact' in build setting 'OTHER_LDFLAGS'
        ➜ Implicit dependency on target 'React-debug' in project 'Pods' via options '-lReact-debug' in build setting 'OTHER_LDFLAGS'
        ➜ Implicit dependency on target 'React-defaultsnativemodule' in project 'Pods' via options '-lReact-defaultsnativemodule' in build setting 'OTHER_LDFLAGS'
        ➜ Implicit dependency on target 'React-domnativemodule' in project 'Pods' via options '-lReact-domnativemodule' in build setting 'OTHER_LDFLAGS'
        ➜ Implicit dependency on target 'React-featureflags' in project 'Pods' via options '-lReact-featureflags' in build setting 'OTHER_LDFLAGS'
        ➜ Implicit dependency on target 'React-featureflagsnativemodule' in project 'Pods' via options '-lReact-featureflagsnativemodule' in build setting 'OTHER_LDFLAGS'
        ➜ Implicit dependency on target 'React-graphics' in project 'Pods' via options '-lReact-graphics' in build setting 'OTHER_LDFLAGS'
        ➜ Implicit dependency on target 'React-hermes' in project 'Pods' via options '-lReact-hermes' in build setting 'OTHER_LDFLAGS'
        ➜ Implicit dependency on target 'React-idlecallbacksnativemodule' in project 'Pods' via options '-lReact-idlecallbacksnativemodule' in build setting 'OTHER_LDFLAGS'
        ➜ Implicit dependency on target 'React-jserrorhandler' in project 'Pods' via options '-lReact-jserrorhandler' in build setting 'OTHER_LDFLAGS'
        ➜ Implicit dependency on target 'React-jsi' in project 'Pods' via options '-lReact-jsi' in build setting 'OTHER_LDFLAGS'
        ➜ Implicit dependency on target 'React-jsiexecutor' in project 'Pods' via options '-lReact-jsiexecutor' in build setting 'OTHER_LDFLAGS'
        ➜ Implicit dependency on target 'React-jsinspector' in project 'Pods' via options '-lReact-jsinspector' in build setting 'OTHER_LDFLAGS'
        ➜ Implicit dependency on target 'React-jsinspectortracing' in project 'Pods' via options '-lReact-jsinspectortracing' in build setting 'OTHER_LDFLAGS'
        ➜ Implicit dependency on target 'React-jsitooling' in project 'Pods' via options '-lReact-jsitooling' in build setting 'OTHER_LDFLAGS'
        ➜ Implicit dependency on target 'React-logger' in project 'Pods' via options '-lReact-logger' in build setting 'OTHER_LDFLAGS'
        ➜ Implicit dependency on target 'React-microtasksnativemodule' in project 'Pods' via options '-lReact-microtasksnativemodule' in build setting 'OTHER_LDFLAGS'
        ➜ Implicit dependency on target 'React-oscompat' in project 'Pods' via options '-lReact-oscompat' in build setting 'OTHER_LDFLAGS'
        ➜ Implicit dependency on target 'React-perflogger' in project 'Pods' via options '-lReact-perflogger' in build setting 'OTHER_LDFLAGS'
        ➜ Implicit dependency on target 'React-performancetimeline' in project 'Pods' via options '-lReact-performancetimeline' in build setting 'OTHER_LDFLAGS'
        ➜ Implicit dependency on target 'React-rendererconsistency' in project 'Pods' via options '-lReact-rendererconsistency' in build setting 'OTHER_LDFLAGS'
        ➜ Implicit dependency on target 'React-renderercss' in project 'Pods' via options '-lReact-renderercss' in build setting 'OTHER_LDFLAGS'
        ➜ Implicit dependency on target 'React-rendererdebug' in project 'Pods' via options '-lReact-rendererdebug' in build setting 'OTHER_LDFLAGS'
        ➜ Implicit dependency on target 'React-runtimescheduler' in project 'Pods' via options '-lReact-runtimescheduler' in build setting 'OTHER_LDFLAGS'
        ➜ Implicit dependency on target 'React-utils' in project 'Pods' via options '-lReact-utils' in build setting 'OTHER_LDFLAGS'
        ➜ Implicit dependency on target 'ReactAppDependencyProvider' in project 'Pods' via options '-lReactAppDependencyProvider' in build setting 'OTHER_LDFLAGS'
        ➜ Implicit dependency on target 'ReactCodegen' in project 'Pods' via options '-lReactCodegen' in build setting 'OTHER_LDFLAGS'
        ➜ Implicit dependency on target 'ReactCommon' in project 'Pods' via options '-lReactCommon' in build setting 'OTHER_LDFLAGS'
        ➜ Implicit dependency on target 'SDWebImage' in project 'Pods' via options '-lSDWebImage' in build setting 'OTHER_LDFLAGS'
        ➜ Implicit dependency on target 'SDWebImageAVIFCoder' in project 'Pods' via options '-lSDWebImageAVIFCoder' in build setting 'OTHER_LDFLAGS'
        ➜ Implicit dependency on target 'SDWebImageSVGCoder' in project 'Pods' via options '-lSDWebImageSVGCoder' in build setting 'OTHER_LDFLAGS'
        ➜ Implicit dependency on target 'SDWebImageWebPCoder' in project 'Pods' via options '-lSDWebImageWebPCoder' in build setting 'OTHER_LDFLAGS'
        ➜ Implicit dependency on target 'Sentry' in project 'Pods' via options '-lSentry' in build setting 'OTHER_LDFLAGS'
        ➜ Implicit dependency on target 'SocketRocket' in project 'Pods' via options '-lSocketRocket' in build setting 'OTHER_LDFLAGS'
        ➜ Implicit dependency on target 'Yoga' in project 'Pods' via options '-lYoga' in build setting 'OTHER_LDFLAGS'
        ➜ Implicit dependency on target 'ZXingObjC' in project 'Pods' via options '-lZXingObjC' in build setting 'OTHER_LDFLAGS'
        ➜ Implicit dependency on target 'fmt' in project 'Pods' via options '-lfmt' in build setting 'OTHER_LDFLAGS'
        ➜ Implicit dependency on target 'glog' in project 'Pods' via options '-lglog' in build setting 'OTHER_LDFLAGS'
        ➜ Implicit dependency on target 'libavif' in project 'Pods' via options '-llibavif' in build setting 'OTHER_LDFLAGS'
        ➜ Implicit dependency on target 'libdav1d' in project 'Pods' via options '-llibdav1d' in build setting 'OTHER_LDFLAGS'
        ➜ Implicit dependency on target 'libwebp' in project 'Pods' via options '-llibwebp' in build setting 'OTHER_LDFLAGS'
        ➜ Implicit dependency on target 'lottie-ios' in project 'Pods' via options '-llottie-ios' in build setting 'OTHER_LDFLAGS'
        ➜ Implicit dependency on target 'lottie-react-native' in project 'Pods' via options '-llottie-react-native' in build setting 'OTHER_LDFLAGS'
        ➜ Implicit dependency on target 'react-native-html-to-pdf' in project 'Pods' via options '-lreact-native-html-to-pdf' in build setting 'OTHER_LDFLAGS'
        ➜ Implicit dependency on target 'react-native-netinfo' in project 'Pods' via options '-lreact-native-netinfo' in build setting 'OTHER_LDFLAGS'
        ➜ Implicit dependency on target 'react-native-safe-area-context' in project 'Pods' via options '-lreact-native-safe-area-context' in build setting 'OTHER_LDFLAGS'
        ➜ Implicit dependency on target 'react-native-view-shot' in project 'Pods' via options '-lreact-native-view-shot' in build setting 'OTHER_LDFLAGS'
        ➜ Implicit dependency on target 'react-native-webview' in project 'Pods' via options '-lreact-native-webview' in build setting 'OTHER_LDFLAGS'
        ➜ Implicit dependency on target 'stream-chat-react-native' in project 'Pods' via options '-lstream-chat-react-native' in build setting 'OTHER_LDFLAGS'
    Target 'Pods-Planmoni' in project 'Pods'
        ➜ Explicit dependency on target 'DoubleConversion' in project 'Pods'
        ➜ Explicit dependency on target 'EXApplication' in project 'Pods'
        ➜ Explicit dependency on target 'EXConstants' in project 'Pods'
        ➜ Explicit dependency on target 'EXImageLoader' in project 'Pods'
        ➜ Explicit dependency on target 'EXNotifications' in project 'Pods'
        ➜ Explicit dependency on target 'Expo' in project 'Pods'
        ➜ Explicit dependency on target 'ExpoAsset' in project 'Pods'
        ➜ Explicit dependency on target 'ExpoBlur' in project 'Pods'
        ➜ Explicit dependency on target 'ExpoCamera' in project 'Pods'
        ➜ Explicit dependency on target 'ExpoClipboard' in project 'Pods'
        ➜ Explicit dependency on target 'ExpoDevice' in project 'Pods'
        ➜ Explicit dependency on target 'ExpoFileSystem' in project 'Pods'
        ➜ Explicit dependency on target 'ExpoFont' in project 'Pods'
        ➜ Explicit dependency on target 'ExpoHaptics' in project 'Pods'
        ➜ Explicit dependency on target 'ExpoHead' in project 'Pods'
        ➜ Explicit dependency on target 'ExpoImage' in project 'Pods'
        ➜ Explicit dependency on target 'ExpoImageManipulator' in project 'Pods'
        ➜ Explicit dependency on target 'ExpoImagePicker' in project 'Pods'
        ➜ Explicit dependency on target 'ExpoKeepAwake' in project 'Pods'
        ➜ Explicit dependency on target 'ExpoLinearGradient' in project 'Pods'
        ➜ Explicit dependency on target 'ExpoLinking' in project 'Pods'
        ➜ Explicit dependency on target 'ExpoLocalAuthentication' in project 'Pods'
        ➜ Explicit dependency on target 'ExpoModulesCore' in project 'Pods'
        ➜ Explicit dependency on target 'ExpoPrint' in project 'Pods'
        ➜ Explicit dependency on target 'ExpoSecureStore' in project 'Pods'
        ➜ Explicit dependency on target 'ExpoSharing' in project 'Pods'
        ➜ Explicit dependency on target 'ExpoSplashScreen' in project 'Pods'
        ➜ Explicit dependency on target 'ExpoSymbols' in project 'Pods'
        ➜ Explicit dependency on target 'ExpoSystemUI' in project 'Pods'
        ➜ Explicit dependency on target 'ExpoWebBrowser' in project 'Pods'
        ➜ Explicit dependency on target 'FBLazyVector' in project 'Pods'
        ➜ Explicit dependency on target 'RCT-Folly' in project 'Pods'
        ➜ Explicit dependency on target 'RCTDeprecation' in project 'Pods'
        ➜ Explicit dependency on target 'RCTRequired' in project 'Pods'
        ➜ Explicit dependency on target 'RCTTypeSafety' in project 'Pods'
        ➜ Explicit dependency on target 'RNCAsyncStorage' in project 'Pods'
        ➜ Explicit dependency on target 'RNCMaskedView' in project 'Pods'
        ➜ Explicit dependency on target 'RNGestureHandler' in project 'Pods'
        ➜ Explicit dependency on target 'RNReanimated' in project 'Pods'
        ➜ Explicit dependency on target 'RNSVG' in project 'Pods'
        ➜ Explicit dependency on target 'RNScreens' in project 'Pods'
        ➜ Explicit dependency on target 'RNSentry' in project 'Pods'
        ➜ Explicit dependency on target 'React' in project 'Pods'
        ➜ Explicit dependency on target 'React-Codegen' in project 'Pods'
        ➜ Explicit dependency on target 'React-Core' in project 'Pods'
        ➜ Explicit dependency on target 'React-CoreModules' in project 'Pods'
        ➜ Explicit dependency on target 'React-Fabric' in project 'Pods'
        ➜ Explicit dependency on target 'React-FabricComponents' in project 'Pods'
        ➜ Explicit dependency on target 'React-FabricImage' in project 'Pods'
        ➜ Explicit dependency on target 'React-ImageManager' in project 'Pods'
        ➜ Explicit dependency on target 'React-Mapbuffer' in project 'Pods'
        ➜ Explicit dependency on target 'React-NativeModulesApple' in project 'Pods'
        ➜ Explicit dependency on target 'React-RCTActionSheet' in project 'Pods'
        ➜ Explicit dependency on target 'React-RCTAnimation' in project 'Pods'
        ➜ Explicit dependency on target 'React-RCTAppDelegate' in project 'Pods'
        ➜ Explicit dependency on target 'React-RCTBlob' in project 'Pods'
        ➜ Explicit dependency on target 'React-RCTFBReactNativeSpec' in project 'Pods'
        ➜ Explicit dependency on target 'React-RCTFabric' in project 'Pods'
        ➜ Explicit dependency on target 'React-RCTImage' in project 'Pods'
        ➜ Explicit dependency on target 'React-RCTLinking' in project 'Pods'
        ➜ Explicit dependency on target 'React-RCTNetwork' in project 'Pods'
        ➜ Explicit dependency on target 'React-RCTRuntime' in project 'Pods'
        ➜ Explicit dependency on target 'React-RCTSettings' in project 'Pods'
        ➜ Explicit dependency on target 'React-RCTText' in project 'Pods'
        ➜ Explicit dependency on target 'React-RCTVibration' in project 'Pods'
        ➜ Explicit dependency on target 'React-RuntimeApple' in project 'Pods'
        ➜ Explicit dependency on target 'React-RuntimeCore' in project 'Pods'
        ➜ Explicit dependency on target 'React-RuntimeHermes' in project 'Pods'
        ➜ Explicit dependency on target 'React-callinvoker' in project 'Pods'
        ➜ Explicit dependency on target 'React-cxxreact' in project 'Pods'
        ➜ Explicit dependency on target 'React-debug' in project 'Pods'
        ➜ Explicit dependency on target 'React-defaultsnativemodule' in project 'Pods'
        ➜ Explicit dependency on target 'React-domnativemodule' in project 'Pods'
        ➜ Explicit dependency on target 'React-featureflags' in project 'Pods'
        ➜ Explicit dependency on target 'React-featureflagsnativemodule' in project 'Pods'
        ➜ Explicit dependency on target 'React-graphics' in project 'Pods'
        ➜ Explicit dependency on target 'React-hermes' in project 'Pods'
        ➜ Explicit dependency on target 'React-idlecallbacksnativemodule' in project 'Pods'
        ➜ Explicit dependency on target 'React-jserrorhandler' in project 'Pods'
        ➜ Explicit dependency on target 'React-jsi' in project 'Pods'
        ➜ Explicit dependency on target 'React-jsiexecutor' in project 'Pods'
        ➜ Explicit dependency on target 'React-jsinspector' in project 'Pods'
        ➜ Explicit dependency on target 'React-jsinspectortracing' in project 'Pods'
        ➜ Explicit dependency on target 'React-jsitooling' in project 'Pods'
        ➜ Explicit dependency on target 'React-jsitracing' in project 'Pods'
        ➜ Explicit dependency on target 'React-logger' in project 'Pods'
        ➜ Explicit dependency on target 'React-microtasksnativemodule' in project 'Pods'
        ➜ Explicit dependency on target 'React-oscompat' in project 'Pods'
        ➜ Explicit dependency on target 'React-perflogger' in project 'Pods'
        ➜ Explicit dependency on target 'React-performancetimeline' in project 'Pods'
        ➜ Explicit dependency on target 'React-rendererconsistency' in project 'Pods'
        ➜ Explicit dependency on target 'React-renderercss' in project 'Pods'
        ➜ Explicit dependency on target 'React-rendererdebug' in project 'Pods'
        ➜ Explicit dependency on target 'React-rncore' in project 'Pods'
        ➜ Explicit dependency on target 'React-runtimeexecutor' in project 'Pods'
        ➜ Explicit dependency on target 'React-runtimescheduler' in project 'Pods'
        ➜ Explicit dependency on target 'React-timing' in project 'Pods'
        ➜ Explicit dependency on target 'React-utils' in project 'Pods'
        ➜ Explicit dependency on target 'ReactAppDependencyProvider' in project 'Pods'
        ➜ Explicit dependency on target 'ReactCodegen' in project 'Pods'
        ➜ Explicit dependency on target 'ReactCommon' in project 'Pods'
        ➜ Explicit dependency on target 'SDWebImage' in project 'Pods'
        ➜ Explicit dependency on target 'SDWebImageAVIFCoder' in project 'Pods'
        ➜ Explicit dependency on target 'SDWebImageSVGCoder' in project 'Pods'
        ➜ Explicit dependency on target 'SDWebImageWebPCoder' in project 'Pods'
        ➜ Explicit dependency on target 'Sentry' in project 'Pods'
        ➜ Explicit dependency on target 'SocketRocket' in project 'Pods'
        ➜ Explicit dependency on target 'Yoga' in project 'Pods'
        ➜ Explicit dependency on target 'ZXingObjC' in project 'Pods'
        ➜ Explicit dependency on target 'boost' in project 'Pods'
        ➜ Explicit dependency on target 'fast_float' in project 'Pods'
        ➜ Explicit dependency on target 'fmt' in project 'Pods'
        ➜ Explicit dependency on target 'glog' in project 'Pods'
        ➜ Explicit dependency on target 'hermes-engine' in project 'Pods'
        ➜ Explicit dependency on target 'libavif' in project 'Pods'
        ➜ Explicit dependency on target 'libdav1d' in project 'Pods'
        ➜ Explicit dependency on target 'libwebp' in project 'Pods'
        ➜ Explicit dependency on target 'lottie-ios' in project 'Pods'
        ➜ Explicit dependency on target 'lottie-react-native' in project 'Pods'
        ➜ Explicit dependency on target 'react-native-html-to-pdf' in project 'Pods'
        ➜ Explicit dependency on target 'react-native-netinfo' in project 'Pods'
        ➜ Explicit dependency on target 'react-native-safe-area-context' in project 'Pods'
        ➜ Explicit dependency on target 'react-native-view-shot' in project 'Pods'
        ➜ Explicit dependency on target 'react-native-webview' in project 'Pods'
        ➜ Explicit dependency on target 'stream-chat-react-native' in project 'Pods'
    Target 'stream-chat-react-native' in project 'Pods'
        ➜ Explicit dependency on target 'DoubleConversion' in project 'Pods'
        ➜ Explicit dependency on target 'RCT-Folly' in project 'Pods'
        ➜ Explicit dependency on target 'RCTRequired' in project 'Pods'
        ➜ Explicit dependency on target 'RCTTypeSafety' in project 'Pods'
        ➜ Explicit dependency on target 'React-Codegen' in project 'Pods'
        ➜ Explicit dependency on target 'React-Core' in project 'Pods'
        ➜ Explicit dependency on target 'React-Fabric' in project 'Pods'
        ➜ Explicit dependency on target 'React-ImageManager' in project 'Pods'
        ➜ Explicit dependency on target 'React-NativeModulesApple' in project 'Pods'
        ➜ Explicit dependency on target 'React-RCTFabric' in project 'Pods'
        ➜ Explicit dependency on target 'React-debug' in project 'Pods'
        ➜ Explicit dependency on target 'React-featureflags' in project 'Pods'
        ➜ Explicit dependency on target 'React-graphics' in project 'Pods'
        ➜ Explicit dependency on target 'React-hermes' in project 'Pods'
        ➜ Explicit dependency on target 'React-jsi' in project 'Pods'
        ➜ Explicit dependency on target 'React-renderercss' in project 'Pods'
        ➜ Explicit dependency on target 'React-rendererdebug' in project 'Pods'
        ➜ Explicit dependency on target 'React-utils' in project 'Pods'
        ➜ Explicit dependency on target 'ReactCodegen' in project 'Pods'
        ➜ Explicit dependency on target 'ReactCommon' in project 'Pods'
        ➜ Explicit dependency on target 'Yoga' in project 'Pods'
        ➜ Explicit dependency on target 'glog' in project 'Pods'
        ➜ Explicit dependency on target 'hermes-engine' in project 'Pods'
    Target 'react-native-webview' in project 'Pods'
        ➜ Explicit dependency on target 'DoubleConversion' in project 'Pods'
        ➜ Explicit dependency on target 'RCT-Folly' in project 'Pods'
        ➜ Explicit dependency on target 'RCTRequired' in project 'Pods'
        ➜ Explicit dependency on target 'RCTTypeSafety' in project 'Pods'
        ➜ Explicit dependency on target 'React-Core' in project 'Pods'
        ➜ Explicit dependency on target 'React-Fabric' in project 'Pods'
        ➜ Explicit dependency on target 'React-ImageManager' in project 'Pods'
        ➜ Explicit dependency on target 'React-NativeModulesApple' in project 'Pods'
        ➜ Explicit dependency on target 'React-RCTFabric' in project 'Pods'
        ➜ Explicit dependency on target 'React-debug' in project 'Pods'
        ➜ Explicit dependency on target 'React-featureflags' in project 'Pods'
        ➜ Explicit dependency on target 'React-graphics' in project 'Pods'
        ➜ Explicit dependency on target 'React-hermes' in project 'Pods'
        ➜ Explicit dependency on target 'React-jsi' in project 'Pods'
        ➜ Explicit dependency on target 'React-renderercss' in project 'Pods'
        ➜ Explicit dependency on target 'React-rendererdebug' in project 'Pods'
        ➜ Explicit dependency on target 'React-utils' in project 'Pods'
        ➜ Explicit dependency on target 'ReactCodegen' in project 'Pods'
        ➜ Explicit dependency on target 'ReactCommon' in project 'Pods'
        ➜ Explicit dependency on target 'Yoga' in project 'Pods'
        ➜ Explicit dependency on target 'glog' in project 'Pods'
        ➜ Explicit dependency on target 'hermes-engine' in project 'Pods'
    Target 'react-native-view-shot' in project 'Pods'
        ➜ Explicit dependency on target 'DoubleConversion' in project 'Pods'
        ➜ Explicit dependency on target 'RCT-Folly' in project 'Pods'
        ➜ Explicit dependency on target 'RCTRequired' in project 'Pods'
        ➜ Explicit dependency on target 'RCTTypeSafety' in project 'Pods'
        ➜ Explicit dependency on target 'React-Core' in project 'Pods'
        ➜ Explicit dependency on target 'React-Fabric' in project 'Pods'
        ➜ Explicit dependency on target 'React-ImageManager' in project 'Pods'
        ➜ Explicit dependency on target 'React-NativeModulesApple' in project 'Pods'
        ➜ Explicit dependency on target 'React-RCTFabric' in project 'Pods'
        ➜ Explicit dependency on target 'React-debug' in project 'Pods'
        ➜ Explicit dependency on target 'React-featureflags' in project 'Pods'
        ➜ Explicit dependency on target 'React-graphics' in project 'Pods'
        ➜ Explicit dependency on target 'React-hermes' in project 'Pods'
        ➜ Explicit dependency on target 'React-jsi' in project 'Pods'
        ➜ Explicit dependency on target 'React-renderercss' in project 'Pods'
        ➜ Explicit dependency on target 'React-rendererdebug' in project 'Pods'
        ➜ Explicit dependency on target 'React-utils' in project 'Pods'
        ➜ Explicit dependency on target 'ReactCodegen' in project 'Pods'
        ➜ Explicit dependency on target 'ReactCommon' in project 'Pods'
        ➜ Explicit dependency on target 'Yoga' in project 'Pods'
        ➜ Explicit dependency on target 'glog' in project 'Pods'
        ➜ Explicit dependency on target 'hermes-engine' in project 'Pods'
    Target 'react-native-safe-area-context' in project 'Pods'
        ➜ Explicit dependency on target 'DoubleConversion' in project 'Pods'
        ➜ Explicit dependency on target 'RCT-Folly' in project 'Pods'
        ➜ Explicit dependency on target 'RCTRequired' in project 'Pods'
        ➜ Explicit dependency on target 'RCTTypeSafety' in project 'Pods'
        ➜ Explicit dependency on target 'React-Core' in project 'Pods'
        ➜ Explicit dependency on target 'React-Fabric' in project 'Pods'
        ➜ Explicit dependency on target 'React-ImageManager' in project 'Pods'
        ➜ Explicit dependency on target 'React-NativeModulesApple' in project 'Pods'
        ➜ Explicit dependency on target 'React-RCTFabric' in project 'Pods'
        ➜ Explicit dependency on target 'React-debug' in project 'Pods'
        ➜ Explicit dependency on target 'React-featureflags' in project 'Pods'
        ➜ Explicit dependency on target 'React-graphics' in project 'Pods'
        ➜ Explicit dependency on target 'React-hermes' in project 'Pods'
        ➜ Explicit dependency on target 'React-jsi' in project 'Pods'
        ➜ Explicit dependency on target 'React-renderercss' in project 'Pods'
        ➜ Explicit dependency on target 'React-rendererdebug' in project 'Pods'
        ➜ Explicit dependency on target 'React-utils' in project 'Pods'
        ➜ Explicit dependency on target 'ReactCodegen' in project 'Pods'
        ➜ Explicit dependency on target 'ReactCommon' in project 'Pods'
        ➜ Explicit dependency on target 'Yoga' in project 'Pods'
        ➜ Explicit dependency on target 'glog' in project 'Pods'
        ➜ Explicit dependency on target 'hermes-engine' in project 'Pods'
    Target 'react-native-netinfo' in project 'Pods'
        ➜ Explicit dependency on target 'React-Core' in project 'Pods'
    Target 'react-native-html-to-pdf' in project 'Pods'
        ➜ Explicit dependency on target 'React-Core' in project 'Pods'
    Target 'lottie-react-native' in project 'Pods'
        ➜ Explicit dependency on target 'DoubleConversion' in project 'Pods'
        ➜ Explicit dependency on target 'RCT-Folly' in project 'Pods'
        ➜ Explicit dependency on target 'RCTRequired' in project 'Pods'
        ➜ Explicit dependency on target 'RCTTypeSafety' in project 'Pods'
        ➜ Explicit dependency on target 'React-Core' in project 'Pods'
        ➜ Explicit dependency on target 'React-Fabric' in project 'Pods'
        ➜ Explicit dependency on target 'React-ImageManager' in project 'Pods'
        ➜ Explicit dependency on target 'React-NativeModulesApple' in project 'Pods'
        ➜ Explicit dependency on target 'React-RCTFabric' in project 'Pods'
        ➜ Explicit dependency on target 'React-debug' in project 'Pods'
        ➜ Explicit dependency on target 'React-featureflags' in project 'Pods'
        ➜ Explicit dependency on target 'React-graphics' in project 'Pods'
        ➜ Explicit dependency on target 'React-hermes' in project 'Pods'
        ➜ Explicit dependency on target 'React-jsi' in project 'Pods'
        ➜ Explicit dependency on target 'React-renderercss' in project 'Pods'
        ➜ Explicit dependency on target 'React-rendererdebug' in project 'Pods'
        ➜ Explicit dependency on target 'React-utils' in project 'Pods'
        ➜ Explicit dependency on target 'ReactCodegen' in project 'Pods'
        ➜ Explicit dependency on target 'ReactCommon' in project 'Pods'
        ➜ Explicit dependency on target 'Yoga' in project 'Pods'
        ➜ Explicit dependency on target 'glog' in project 'Pods'
        ➜ Explicit dependency on target 'hermes-engine' in project 'Pods'
        ➜ Explicit dependency on target 'lottie-ios' in project 'Pods'
        ➜ Explicit dependency on target 'lottie-react-native-Lottie_React_Native_Privacy' in project 'Pods'
    Target 'lottie-react-native-Lottie_React_Native_Privacy' in project 'Pods' (no dependencies)
    Target 'lottie-ios' in project 'Pods'
        ➜ Explicit dependency on target 'lottie-ios-LottiePrivacyInfo' in project 'Pods'
    Target 'lottie-ios-LottiePrivacyInfo' in project 'Pods' (no dependencies)
    Target 'React-rncore' in project 'Pods' (no dependencies)
    Target 'React-Codegen' in project 'Pods' (no dependencies)
    Target 'React' in project 'Pods'
        ➜ Explicit dependency on target 'React-Core' in project 'Pods'
        ➜ Explicit dependency on target 'React-RCTActionSheet' in project 'Pods'
        ➜ Explicit dependency on target 'React-RCTAnimation' in project 'Pods'
        ➜ Explicit dependency on target 'React-RCTBlob' in project 'Pods'
        ➜ Explicit dependency on target 'React-RCTImage' in project 'Pods'
        ➜ Explicit dependency on target 'React-RCTLinking' in project 'Pods'
        ➜ Explicit dependency on target 'React-RCTNetwork' in project 'Pods'
        ➜ Explicit dependency on target 'React-RCTSettings' in project 'Pods'
        ➜ Explicit dependency on target 'React-RCTText' in project 'Pods'
        ➜ Explicit dependency on target 'React-RCTVibration' in project 'Pods'
    Target 'React-RCTVibration' in project 'Pods'
        ➜ Explicit dependency on target 'RCT-Folly' in project 'Pods'
        ➜ Explicit dependency on target 'React-Core' in project 'Pods'
        ➜ Explicit dependency on target 'React-NativeModulesApple' in project 'Pods'
        ➜ Explicit dependency on target 'React-RCTFBReactNativeSpec' in project 'Pods'
        ➜ Explicit dependency on target 'React-jsi' in project 'Pods'
        ➜ Explicit dependency on target 'ReactCommon' in project 'Pods'
    Target 'React-RCTSettings' in project 'Pods'
        ➜ Explicit dependency on target 'RCT-Folly' in project 'Pods'
        ➜ Explicit dependency on target 'RCTTypeSafety' in project 'Pods'
        ➜ Explicit dependency on target 'React-Core' in project 'Pods'
        ➜ Explicit dependency on target 'React-NativeModulesApple' in project 'Pods'
        ➜ Explicit dependency on target 'React-RCTFBReactNativeSpec' in project 'Pods'
        ➜ Explicit dependency on target 'React-jsi' in project 'Pods'
        ➜ Explicit dependency on target 'ReactCommon' in project 'Pods'
    Target 'React-RCTLinking' in project 'Pods'
        ➜ Explicit dependency on target 'React-Core' in project 'Pods'
        ➜ Explicit dependency on target 'React-NativeModulesApple' in project 'Pods'
        ➜ Explicit dependency on target 'React-RCTFBReactNativeSpec' in project 'Pods'
        ➜ Explicit dependency on target 'React-jsi' in project 'Pods'
        ➜ Explicit dependency on target 'ReactCommon' in project 'Pods'
    Target 'React-RCTActionSheet' in project 'Pods'
        ➜ Explicit dependency on target 'React-Core' in project 'Pods'
    Target 'RNSentry' in project 'Pods'
        ➜ Explicit dependency on target 'DoubleConversion' in project 'Pods'
        ➜ Explicit dependency on target 'RCT-Folly' in project 'Pods'
        ➜ Explicit dependency on target 'RCTRequired' in project 'Pods'
        ➜ Explicit dependency on target 'RCTTypeSafety' in project 'Pods'
        ➜ Explicit dependency on target 'React-Core' in project 'Pods'
        ➜ Explicit dependency on target 'React-Fabric' in project 'Pods'
        ➜ Explicit dependency on target 'React-ImageManager' in project 'Pods'
        ➜ Explicit dependency on target 'React-NativeModulesApple' in project 'Pods'
        ➜ Explicit dependency on target 'React-RCTFabric' in project 'Pods'
        ➜ Explicit dependency on target 'React-debug' in project 'Pods'
        ➜ Explicit dependency on target 'React-featureflags' in project 'Pods'
        ➜ Explicit dependency on target 'React-graphics' in project 'Pods'
        ➜ Explicit dependency on target 'React-hermes' in project 'Pods'
        ➜ Explicit dependency on target 'React-jsi' in project 'Pods'
        ➜ Explicit dependency on target 'React-renderercss' in project 'Pods'
        ➜ Explicit dependency on target 'React-rendererdebug' in project 'Pods'
        ➜ Explicit dependency on target 'React-utils' in project 'Pods'
        ➜ Explicit dependency on target 'ReactCodegen' in project 'Pods'
        ➜ Explicit dependency on target 'ReactCommon' in project 'Pods'
        ➜ Explicit dependency on target 'Sentry' in project 'Pods'
        ➜ Explicit dependency on target 'Yoga' in project 'Pods'
        ➜ Explicit dependency on target 'glog' in project 'Pods'
        ➜ Explicit dependency on target 'hermes-engine' in project 'Pods'
    Target 'Sentry' in project 'Pods'
        ➜ Explicit dependency on target 'Sentry-Sentry' in project 'Pods'
    Target 'Sentry-Sentry' in project 'Pods' (no dependencies)
    Target 'RNScreens' in project 'Pods'
        ➜ Explicit dependency on target 'DoubleConversion' in project 'Pods'
        ➜ Explicit dependency on target 'RCT-Folly' in project 'Pods'
        ➜ Explicit dependency on target 'RCTRequired' in project 'Pods'
        ➜ Explicit dependency on target 'RCTTypeSafety' in project 'Pods'
        ➜ Explicit dependency on target 'React-Core' in project 'Pods'
        ➜ Explicit dependency on target 'React-Fabric' in project 'Pods'
        ➜ Explicit dependency on target 'React-ImageManager' in project 'Pods'
        ➜ Explicit dependency on target 'React-NativeModulesApple' in project 'Pods'
        ➜ Explicit dependency on target 'React-RCTFabric' in project 'Pods'
        ➜ Explicit dependency on target 'React-RCTImage' in project 'Pods'
        ➜ Explicit dependency on target 'React-debug' in project 'Pods'
        ➜ Explicit dependency on target 'React-featureflags' in project 'Pods'
        ➜ Explicit dependency on target 'React-graphics' in project 'Pods'
        ➜ Explicit dependency on target 'React-hermes' in project 'Pods'
        ➜ Explicit dependency on target 'React-jsi' in project 'Pods'
        ➜ Explicit dependency on target 'React-renderercss' in project 'Pods'
        ➜ Explicit dependency on target 'React-rendererdebug' in project 'Pods'
        ➜ Explicit dependency on target 'React-utils' in project 'Pods'
        ➜ Explicit dependency on target 'ReactCodegen' in project 'Pods'
        ➜ Explicit dependency on target 'ReactCommon' in project 'Pods'
        ➜ Explicit dependency on target 'Yoga' in project 'Pods'
        ➜ Explicit dependency on target 'glog' in project 'Pods'
        ➜ Explicit dependency on target 'hermes-engine' in project 'Pods'
    Target 'RNSVG' in project 'Pods'
        ➜ Explicit dependency on target 'DoubleConversion' in project 'Pods'
        ➜ Explicit dependency on target 'RCT-Folly' in project 'Pods'
        ➜ Explicit dependency on target 'RCTRequired' in project 'Pods'
        ➜ Explicit dependency on target 'RCTTypeSafety' in project 'Pods'
        ➜ Explicit dependency on target 'RNSVG-RNSVGFilters' in project 'Pods'
        ➜ Explicit dependency on target 'React-Core' in project 'Pods'
        ➜ Explicit dependency on target 'React-Fabric' in project 'Pods'
        ➜ Explicit dependency on target 'React-ImageManager' in project 'Pods'
        ➜ Explicit dependency on target 'React-NativeModulesApple' in project 'Pods'
        ➜ Explicit dependency on target 'React-RCTFabric' in project 'Pods'
        ➜ Explicit dependency on target 'React-debug' in project 'Pods'
        ➜ Explicit dependency on target 'React-featureflags' in project 'Pods'
        ➜ Explicit dependency on target 'React-graphics' in project 'Pods'
        ➜ Explicit dependency on target 'React-hermes' in project 'Pods'
        ➜ Explicit dependency on target 'React-jsi' in project 'Pods'
        ➜ Explicit dependency on target 'React-renderercss' in project 'Pods'
        ➜ Explicit dependency on target 'React-rendererdebug' in project 'Pods'
        ➜ Explicit dependency on target 'React-utils' in project 'Pods'
        ➜ Explicit dependency on target 'ReactCodegen' in project 'Pods'
        ➜ Explicit dependency on target 'ReactCommon' in project 'Pods'
        ➜ Explicit dependency on target 'Yoga' in project 'Pods'
        ➜ Explicit dependency on target 'glog' in project 'Pods'
        ➜ Explicit dependency on target 'hermes-engine' in project 'Pods'
    Target 'RNSVG-RNSVGFilters' in project 'Pods' (no dependencies)
    Target 'RNReanimated' in project 'Pods'
        ➜ Explicit dependency on target 'DoubleConversion' in project 'Pods'
        ➜ Explicit dependency on target 'RCT-Folly' in project 'Pods'
        ➜ Explicit dependency on target 'RCTRequired' in project 'Pods'
        ➜ Explicit dependency on target 'RCTTypeSafety' in project 'Pods'
        ➜ Explicit dependency on target 'React-Core' in project 'Pods'
        ➜ Explicit dependency on target 'React-Fabric' in project 'Pods'
        ➜ Explicit dependency on target 'React-ImageManager' in project 'Pods'
        ➜ Explicit dependency on target 'React-NativeModulesApple' in project 'Pods'
        ➜ Explicit dependency on target 'React-RCTFabric' in project 'Pods'
        ➜ Explicit dependency on target 'React-debug' in project 'Pods'
        ➜ Explicit dependency on target 'React-featureflags' in project 'Pods'
        ➜ Explicit dependency on target 'React-graphics' in project 'Pods'
        ➜ Explicit dependency on target 'React-hermes' in project 'Pods'
        ➜ Explicit dependency on target 'React-jsi' in project 'Pods'
        ➜ Explicit dependency on target 'React-renderercss' in project 'Pods'
        ➜ Explicit dependency on target 'React-rendererdebug' in project 'Pods'
        ➜ Explicit dependency on target 'React-utils' in project 'Pods'
        ➜ Explicit dependency on target 'ReactCodegen' in project 'Pods'
        ➜ Explicit dependency on target 'ReactCommon' in project 'Pods'
        ➜ Explicit dependency on target 'Yoga' in project 'Pods'
        ➜ Explicit dependency on target 'glog' in project 'Pods'
        ➜ Explicit dependency on target 'hermes-engine' in project 'Pods'
    Target 'RNGestureHandler' in project 'Pods'
        ➜ Explicit dependency on target 'DoubleConversion' in project 'Pods'
        ➜ Explicit dependency on target 'RCT-Folly' in project 'Pods'
        ➜ Explicit dependency on target 'RCTRequired' in project 'Pods'
        ➜ Explicit dependency on target 'RCTTypeSafety' in project 'Pods'
        ➜ Explicit dependency on target 'React-Core' in project 'Pods'
        ➜ Explicit dependency on target 'React-Fabric' in project 'Pods'
        ➜ Explicit dependency on target 'React-ImageManager' in project 'Pods'
        ➜ Explicit dependency on target 'React-NativeModulesApple' in project 'Pods'
        ➜ Explicit dependency on target 'React-RCTFabric' in project 'Pods'
        ➜ Explicit dependency on target 'React-debug' in project 'Pods'
        ➜ Explicit dependency on target 'React-featureflags' in project 'Pods'
        ➜ Explicit dependency on target 'React-graphics' in project 'Pods'
        ➜ Explicit dependency on target 'React-hermes' in project 'Pods'
        ➜ Explicit dependency on target 'React-jsi' in project 'Pods'
        ➜ Explicit dependency on target 'React-renderercss' in project 'Pods'
        ➜ Explicit dependency on target 'React-rendererdebug' in project 'Pods'
        ➜ Explicit dependency on target 'React-utils' in project 'Pods'
        ➜ Explicit dependency on target 'ReactCodegen' in project 'Pods'
        ➜ Explicit dependency on target 'ReactCommon' in project 'Pods'
        ➜ Explicit dependency on target 'Yoga' in project 'Pods'
        ➜ Explicit dependency on target 'glog' in project 'Pods'
        ➜ Explicit dependency on target 'hermes-engine' in project 'Pods'
    Target 'RNCMaskedView' in project 'Pods'
        ➜ Explicit dependency on target 'DoubleConversion' in project 'Pods'
        ➜ Explicit dependency on target 'RCT-Folly' in project 'Pods'
        ➜ Explicit dependency on target 'RCTRequired' in project 'Pods'
        ➜ Explicit dependency on target 'RCTTypeSafety' in project 'Pods'
        ➜ Explicit dependency on target 'React-Core' in project 'Pods'
        ➜ Explicit dependency on target 'React-Fabric' in project 'Pods'
        ➜ Explicit dependency on target 'React-ImageManager' in project 'Pods'
        ➜ Explicit dependency on target 'React-NativeModulesApple' in project 'Pods'
        ➜ Explicit dependency on target 'React-RCTFabric' in project 'Pods'
        ➜ Explicit dependency on target 'React-debug' in project 'Pods'
        ➜ Explicit dependency on target 'React-featureflags' in project 'Pods'
        ➜ Explicit dependency on target 'React-graphics' in project 'Pods'
        ➜ Explicit dependency on target 'React-hermes' in project 'Pods'
        ➜ Explicit dependency on target 'React-jsi' in project 'Pods'
        ➜ Explicit dependency on target 'React-renderercss' in project 'Pods'
        ➜ Explicit dependency on target 'React-rendererdebug' in project 'Pods'
        ➜ Explicit dependency on target 'React-utils' in project 'Pods'
        ➜ Explicit dependency on target 'ReactCodegen' in project 'Pods'
        ➜ Explicit dependency on target 'ReactCommon' in project 'Pods'
        ➜ Explicit dependency on target 'Yoga' in project 'Pods'
        ➜ Explicit dependency on target 'glog' in project 'Pods'
        ➜ Explicit dependency on target 'hermes-engine' in project 'Pods'
    Target 'RNCAsyncStorage' in project 'Pods'
        ➜ Explicit dependency on target 'DoubleConversion' in project 'Pods'
        ➜ Explicit dependency on target 'RCT-Folly' in project 'Pods'
        ➜ Explicit dependency on target 'RCTRequired' in project 'Pods'
        ➜ Explicit dependency on target 'RCTTypeSafety' in project 'Pods'
        ➜ Explicit dependency on target 'RNCAsyncStorage-RNCAsyncStorage_resources' in project 'Pods'
        ➜ Explicit dependency on target 'React-Core' in project 'Pods'
        ➜ Explicit dependency on target 'React-Fabric' in project 'Pods'
        ➜ Explicit dependency on target 'React-ImageManager' in project 'Pods'
        ➜ Explicit dependency on target 'React-NativeModulesApple' in project 'Pods'
        ➜ Explicit dependency on target 'React-RCTFabric' in project 'Pods'
        ➜ Explicit dependency on target 'React-debug' in project 'Pods'
        ➜ Explicit dependency on target 'React-featureflags' in project 'Pods'
        ➜ Explicit dependency on target 'React-graphics' in project 'Pods'
        ➜ Explicit dependency on target 'React-hermes' in project 'Pods'
        ➜ Explicit dependency on target 'React-jsi' in project 'Pods'
        ➜ Explicit dependency on target 'React-renderercss' in project 'Pods'
        ➜ Explicit dependency on target 'React-rendererdebug' in project 'Pods'
        ➜ Explicit dependency on target 'React-utils' in project 'Pods'
        ➜ Explicit dependency on target 'ReactCodegen' in project 'Pods'
        ➜ Explicit dependency on target 'ReactCommon' in project 'Pods'
        ➜ Explicit dependency on target 'Yoga' in project 'Pods'
        ➜ Explicit dependency on target 'glog' in project 'Pods'
        ➜ Explicit dependency on target 'hermes-engine' in project 'Pods'
    Target 'RNCAsyncStorage-RNCAsyncStorage_resources' in project 'Pods' (no dependencies)
    Target 'ExpoWebBrowser' in project 'Pods'
        ➜ Explicit dependency on target 'ExpoModulesCore' in project 'Pods'
    Target 'ExpoSystemUI' in project 'Pods'
        ➜ Explicit dependency on target 'ExpoModulesCore' in project 'Pods'
        ➜ Explicit dependency on target 'ExpoSystemUI-ExpoSystemUI_privacy' in project 'Pods'
    Target 'ExpoSystemUI-ExpoSystemUI_privacy' in project 'Pods' (no dependencies)
    Target 'ExpoSymbols' in project 'Pods'
        ➜ Explicit dependency on target 'ExpoModulesCore' in project 'Pods'
    Target 'ExpoSplashScreen' in project 'Pods'
        ➜ Explicit dependency on target 'ExpoModulesCore' in project 'Pods'
    Target 'ExpoSharing' in project 'Pods'
        ➜ Explicit dependency on target 'ExpoModulesCore' in project 'Pods'
    Target 'ExpoSecureStore' in project 'Pods'
        ➜ Explicit dependency on target 'ExpoModulesCore' in project 'Pods'
    Target 'ExpoPrint' in project 'Pods'
        ➜ Explicit dependency on target 'ExpoModulesCore' in project 'Pods'
    Target 'ExpoLocalAuthentication' in project 'Pods'
        ➜ Explicit dependency on target 'ExpoModulesCore' in project 'Pods'
    Target 'ExpoLinking' in project 'Pods'
        ➜ Explicit dependency on target 'ExpoModulesCore' in project 'Pods'
    Target 'ExpoLinearGradient' in project 'Pods'
        ➜ Explicit dependency on target 'ExpoModulesCore' in project 'Pods'
    Target 'ExpoKeepAwake' in project 'Pods'
        ➜ Explicit dependency on target 'ExpoModulesCore' in project 'Pods'
    Target 'ExpoImagePicker' in project 'Pods'
        ➜ Explicit dependency on target 'ExpoModulesCore' in project 'Pods'
    Target 'ExpoImageManipulator' in project 'Pods'
        ➜ Explicit dependency on target 'EXImageLoader' in project 'Pods'
        ➜ Explicit dependency on target 'ExpoModulesCore' in project 'Pods'
        ➜ Explicit dependency on target 'SDWebImageWebPCoder' in project 'Pods'
    Target 'ExpoImage' in project 'Pods'
        ➜ Explicit dependency on target 'ExpoModulesCore' in project 'Pods'
        ➜ Explicit dependency on target 'SDWebImage' in project 'Pods'
        ➜ Explicit dependency on target 'SDWebImageAVIFCoder' in project 'Pods'
        ➜ Explicit dependency on target 'SDWebImageSVGCoder' in project 'Pods'
        ➜ Explicit dependency on target 'SDWebImageWebPCoder' in project 'Pods'
        ➜ Explicit dependency on target 'libavif' in project 'Pods'
    Target 'SDWebImageWebPCoder' in project 'Pods'
        ➜ Explicit dependency on target 'SDWebImage' in project 'Pods'
        ➜ Explicit dependency on target 'libwebp' in project 'Pods'
    Target 'libwebp' in project 'Pods' (no dependencies)
    Target 'SDWebImageSVGCoder' in project 'Pods'
        ➜ Explicit dependency on target 'SDWebImage' in project 'Pods'
    Target 'SDWebImageAVIFCoder' in project 'Pods'
        ➜ Explicit dependency on target 'SDWebImage' in project 'Pods'
        ➜ Explicit dependency on target 'libavif' in project 'Pods'
    Target 'libavif' in project 'Pods'
        ➜ Explicit dependency on target 'libdav1d' in project 'Pods'
    Target 'libdav1d' in project 'Pods' (no dependencies)
    Target 'SDWebImage' in project 'Pods'
        ➜ Explicit dependency on target 'SDWebImage-SDWebImage' in project 'Pods'
    Target 'SDWebImage-SDWebImage' in project 'Pods' (no dependencies)
    Target 'ExpoHead' in project 'Pods'
        ➜ Explicit dependency on target 'ExpoModulesCore' in project 'Pods'
    Target 'ExpoHaptics' in project 'Pods'
        ➜ Explicit dependency on target 'ExpoModulesCore' in project 'Pods'
    Target 'ExpoFont' in project 'Pods'
        ➜ Explicit dependency on target 'ExpoModulesCore' in project 'Pods'
    Target 'ExpoFileSystem' in project 'Pods'
        ➜ Explicit dependency on target 'ExpoFileSystem-ExpoFileSystem_privacy' in project 'Pods'
        ➜ Explicit dependency on target 'ExpoModulesCore' in project 'Pods'
    Target 'ExpoFileSystem-ExpoFileSystem_privacy' in project 'Pods' (no dependencies)
    Target 'ExpoDevice' in project 'Pods'
        ➜ Explicit dependency on target 'ExpoDevice-ExpoDevice_privacy' in project 'Pods'
        ➜ Explicit dependency on target 'ExpoModulesCore' in project 'Pods'
    Target 'ExpoDevice-ExpoDevice_privacy' in project 'Pods' (no dependencies)
    Target 'ExpoClipboard' in project 'Pods'
        ➜ Explicit dependency on target 'ExpoModulesCore' in project 'Pods'
    Target 'ExpoCamera' in project 'Pods'
        ➜ Explicit dependency on target 'ExpoModulesCore' in project 'Pods'
        ➜ Explicit dependency on target 'ZXingObjC' in project 'Pods'
    Target 'ZXingObjC' in project 'Pods' (no dependencies)
    Target 'ExpoBlur' in project 'Pods'
        ➜ Explicit dependency on target 'ExpoModulesCore' in project 'Pods'
    Target 'ExpoAsset' in project 'Pods'
        ➜ Explicit dependency on target 'ExpoModulesCore' in project 'Pods'
    Target 'Expo' in project 'Pods'
        ➜ Explicit dependency on target 'DoubleConversion' in project 'Pods'
        ➜ Explicit dependency on target 'ExpoModulesCore' in project 'Pods'
        ➜ Explicit dependency on target 'RCT-Folly' in project 'Pods'
        ➜ Explicit dependency on target 'RCTRequired' in project 'Pods'
        ➜ Explicit dependency on target 'RCTTypeSafety' in project 'Pods'
        ➜ Explicit dependency on target 'React-Core' in project 'Pods'
        ➜ Explicit dependency on target 'React-Fabric' in project 'Pods'
        ➜ Explicit dependency on target 'React-ImageManager' in project 'Pods'
        ➜ Explicit dependency on target 'React-NativeModulesApple' in project 'Pods'
        ➜ Explicit dependency on target 'React-RCTAppDelegate' in project 'Pods'
        ➜ Explicit dependency on target 'React-RCTFabric' in project 'Pods'
        ➜ Explicit dependency on target 'React-debug' in project 'Pods'
        ➜ Explicit dependency on target 'React-featureflags' in project 'Pods'
        ➜ Explicit dependency on target 'React-graphics' in project 'Pods'
        ➜ Explicit dependency on target 'React-hermes' in project 'Pods'
        ➜ Explicit dependency on target 'React-jsi' in project 'Pods'
        ➜ Explicit dependency on target 'React-renderercss' in project 'Pods'
        ➜ Explicit dependency on target 'React-rendererdebug' in project 'Pods'
        ➜ Explicit dependency on target 'React-utils' in project 'Pods'
        ➜ Explicit dependency on target 'ReactAppDependencyProvider' in project 'Pods'
        ➜ Explicit dependency on target 'ReactCodegen' in project 'Pods'
        ➜ Explicit dependency on target 'ReactCommon' in project 'Pods'
        ➜ Explicit dependency on target 'Yoga' in project 'Pods'
        ➜ Explicit dependency on target 'glog' in project 'Pods'
        ➜ Explicit dependency on target 'hermes-engine' in project 'Pods'
    Target 'ReactAppDependencyProvider' in project 'Pods'
        ➜ Explicit dependency on target 'ReactCodegen' in project 'Pods'
    Target 'EXNotifications' in project 'Pods'
        ➜ Explicit dependency on target 'EXNotifications-ExpoNotifications_privacy' in project 'Pods'
        ➜ Explicit dependency on target 'ExpoModulesCore' in project 'Pods'
    Target 'EXNotifications-ExpoNotifications_privacy' in project 'Pods' (no dependencies)
    Target 'EXImageLoader' in project 'Pods'
        ➜ Explicit dependency on target 'ExpoModulesCore' in project 'Pods'
        ➜ Explicit dependency on target 'React-Core' in project 'Pods'
    Target 'EXConstants' in project 'Pods'
        ➜ Explicit dependency on target 'EXConstants-EXConstants' in project 'Pods'
        ➜ Explicit dependency on target 'EXConstants-ExpoConstants_privacy' in project 'Pods'
        ➜ Explicit dependency on target 'ExpoModulesCore' in project 'Pods'
    Target 'EXConstants-ExpoConstants_privacy' in project 'Pods' (no dependencies)
    Target 'EXConstants-EXConstants' in project 'Pods' (no dependencies)
    Target 'EXApplication' in project 'Pods'
        ➜ Explicit dependency on target 'EXApplication-ExpoApplication_privacy' in project 'Pods'
        ➜ Explicit dependency on target 'ExpoModulesCore' in project 'Pods'
    Target 'ExpoModulesCore' in project 'Pods'
        ➜ Explicit dependency on target 'DoubleConversion' in project 'Pods'
        ➜ Explicit dependency on target 'RCT-Folly' in project 'Pods'
        ➜ Explicit dependency on target 'RCTRequired' in project 'Pods'
        ➜ Explicit dependency on target 'RCTTypeSafety' in project 'Pods'
        ➜ Explicit dependency on target 'React-Core' in project 'Pods'
        ➜ Explicit dependency on target 'React-Fabric' in project 'Pods'
        ➜ Explicit dependency on target 'React-ImageManager' in project 'Pods'
        ➜ Explicit dependency on target 'React-NativeModulesApple' in project 'Pods'
        ➜ Explicit dependency on target 'React-RCTFabric' in project 'Pods'
        ➜ Explicit dependency on target 'React-debug' in project 'Pods'
        ➜ Explicit dependency on target 'React-featureflags' in project 'Pods'
        ➜ Explicit dependency on target 'React-graphics' in project 'Pods'
        ➜ Explicit dependency on target 'React-hermes' in project 'Pods'
        ➜ Explicit dependency on target 'React-jsi' in project 'Pods'
        ➜ Explicit dependency on target 'React-jsinspector' in project 'Pods'
        ➜ Explicit dependency on target 'React-renderercss' in project 'Pods'
        ➜ Explicit dependency on target 'React-rendererdebug' in project 'Pods'
        ➜ Explicit dependency on target 'React-utils' in project 'Pods'
        ➜ Explicit dependency on target 'ReactCodegen' in project 'Pods'
        ➜ Explicit dependency on target 'ReactCommon' in project 'Pods'
        ➜ Explicit dependency on target 'Yoga' in project 'Pods'
        ➜ Explicit dependency on target 'glog' in project 'Pods'
        ➜ Explicit dependency on target 'hermes-engine' in project 'Pods'
    Target 'ReactCodegen' in project 'Pods'
        ➜ Explicit dependency on target 'DoubleConversion' in project 'Pods'
        ➜ Explicit dependency on target 'RCT-Folly' in project 'Pods'
        ➜ Explicit dependency on target 'RCTRequired' in project 'Pods'
        ➜ Explicit dependency on target 'RCTTypeSafety' in project 'Pods'
        ➜ Explicit dependency on target 'React-Core' in project 'Pods'
        ➜ Explicit dependency on target 'React-Fabric' in project 'Pods'
        ➜ Explicit dependency on target 'React-FabricImage' in project 'Pods'
        ➜ Explicit dependency on target 'React-NativeModulesApple' in project 'Pods'
        ➜ Explicit dependency on target 'React-RCTAppDelegate' in project 'Pods'
        ➜ Explicit dependency on target 'React-debug' in project 'Pods'
        ➜ Explicit dependency on target 'React-featureflags' in project 'Pods'
        ➜ Explicit dependency on target 'React-graphics' in project 'Pods'
        ➜ Explicit dependency on target 'React-hermes' in project 'Pods'
        ➜ Explicit dependency on target 'React-jsi' in project 'Pods'
        ➜ Explicit dependency on target 'React-jsiexecutor' in project 'Pods'
        ➜ Explicit dependency on target 'React-rendererdebug' in project 'Pods'
        ➜ Explicit dependency on target 'React-utils' in project 'Pods'
        ➜ Explicit dependency on target 'ReactCommon' in project 'Pods'
        ➜ Explicit dependency on target 'glog' in project 'Pods'
        ➜ Explicit dependency on target 'hermes-engine' in project 'Pods'
    Target 'React-RCTAppDelegate' in project 'Pods'
        ➜ Explicit dependency on target 'RCT-Folly' in project 'Pods'
        ➜ Explicit dependency on target 'RCTRequired' in project 'Pods'
        ➜ Explicit dependency on target 'RCTTypeSafety' in project 'Pods'
        ➜ Explicit dependency on target 'React-Core' in project 'Pods'
        ➜ Explicit dependency on target 'React-CoreModules' in project 'Pods'
        ➜ Explicit dependency on target 'React-Fabric' in project 'Pods'
        ➜ Explicit dependency on target 'React-NativeModulesApple' in project 'Pods'
        ➜ Explicit dependency on target 'React-RCTFBReactNativeSpec' in project 'Pods'
        ➜ Explicit dependency on target 'React-RCTFabric' in project 'Pods'
        ➜ Explicit dependency on target 'React-RCTImage' in project 'Pods'
        ➜ Explicit dependency on target 'React-RCTNetwork' in project 'Pods'
        ➜ Explicit dependency on target 'React-RCTRuntime' in project 'Pods'
        ➜ Explicit dependency on target 'React-RuntimeApple' in project 'Pods'
        ➜ Explicit dependency on target 'React-RuntimeCore' in project 'Pods'
        ➜ Explicit dependency on target 'React-debug' in project 'Pods'
        ➜ Explicit dependency on target 'React-defaultsnativemodule' in project 'Pods'
        ➜ Explicit dependency on target 'React-featureflags' in project 'Pods'
        ➜ Explicit dependency on target 'React-graphics' in project 'Pods'
        ➜ Explicit dependency on target 'React-hermes' in project 'Pods'
        ➜ Explicit dependency on target 'React-jsitooling' in project 'Pods'
        ➜ Explicit dependency on target 'React-rendererdebug' in project 'Pods'
        ➜ Explicit dependency on target 'React-runtimescheduler' in project 'Pods'
        ➜ Explicit dependency on target 'React-utils' in project 'Pods'
        ➜ Explicit dependency on target 'ReactCommon' in project 'Pods'
        ➜ Explicit dependency on target 'hermes-engine' in project 'Pods'
    Target 'React-defaultsnativemodule' in project 'Pods'
        ➜ Explicit dependency on target 'RCT-Folly' in project 'Pods'
        ➜ Explicit dependency on target 'React-RCTFBReactNativeSpec' in project 'Pods'
        ➜ Explicit dependency on target 'React-domnativemodule' in project 'Pods'
        ➜ Explicit dependency on target 'React-featureflagsnativemodule' in project 'Pods'
        ➜ Explicit dependency on target 'React-hermes' in project 'Pods'
        ➜ Explicit dependency on target 'React-idlecallbacksnativemodule' in project 'Pods'
        ➜ Explicit dependency on target 'React-jsi' in project 'Pods'
        ➜ Explicit dependency on target 'React-jsiexecutor' in project 'Pods'
        ➜ Explicit dependency on target 'React-microtasksnativemodule' in project 'Pods'
        ➜ Explicit dependency on target 'hermes-engine' in project 'Pods'
    Target 'React-microtasksnativemodule' in project 'Pods'
        ➜ Explicit dependency on target 'RCT-Folly' in project 'Pods'
        ➜ Explicit dependency on target 'React-RCTFBReactNativeSpec' in project 'Pods'
        ➜ Explicit dependency on target 'React-hermes' in project 'Pods'
        ➜ Explicit dependency on target 'React-jsi' in project 'Pods'
        ➜ Explicit dependency on target 'React-jsiexecutor' in project 'Pods'
        ➜ Explicit dependency on target 'ReactCommon' in project 'Pods'
        ➜ Explicit dependency on target 'hermes-engine' in project 'Pods'
    Target 'React-idlecallbacksnativemodule' in project 'Pods'
        ➜ Explicit dependency on target 'RCT-Folly' in project 'Pods'
        ➜ Explicit dependency on target 'React-RCTFBReactNativeSpec' in project 'Pods'
        ➜ Explicit dependency on target 'React-hermes' in project 'Pods'
        ➜ Explicit dependency on target 'React-jsi' in project 'Pods'
        ➜ Explicit dependency on target 'React-jsiexecutor' in project 'Pods'
        ➜ Explicit dependency on target 'React-runtimescheduler' in project 'Pods'
        ➜ Explicit dependency on target 'ReactCommon' in project 'Pods'
        ➜ Explicit dependency on target 'glog' in project 'Pods'
        ➜ Explicit dependency on target 'hermes-engine' in project 'Pods'
    Target 'React-featureflagsnativemodule' in project 'Pods'
        ➜ Explicit dependency on target 'RCT-Folly' in project 'Pods'
        ➜ Explicit dependency on target 'React-RCTFBReactNativeSpec' in project 'Pods'
        ➜ Explicit dependency on target 'React-featureflags' in project 'Pods'
        ➜ Explicit dependency on target 'React-hermes' in project 'Pods'
        ➜ Explicit dependency on target 'React-jsi' in project 'Pods'
        ➜ Explicit dependency on target 'React-jsiexecutor' in project 'Pods'
        ➜ Explicit dependency on target 'ReactCommon' in project 'Pods'
        ➜ Explicit dependency on target 'hermes-engine' in project 'Pods'
    Target 'React-domnativemodule' in project 'Pods'
        ➜ Explicit dependency on target 'RCT-Folly' in project 'Pods'
        ➜ Explicit dependency on target 'React-Fabric' in project 'Pods'
        ➜ Explicit dependency on target 'React-FabricComponents' in project 'Pods'
        ➜ Explicit dependency on target 'React-RCTFBReactNativeSpec' in project 'Pods'
        ➜ Explicit dependency on target 'React-graphics' in project 'Pods'
        ➜ Explicit dependency on target 'React-hermes' in project 'Pods'
        ➜ Explicit dependency on target 'React-jsi' in project 'Pods'
        ➜ Explicit dependency on target 'React-jsiexecutor' in project 'Pods'
        ➜ Explicit dependency on target 'ReactCommon' in project 'Pods'
        ➜ Explicit dependency on target 'Yoga' in project 'Pods'
        ➜ Explicit dependency on target 'hermes-engine' in project 'Pods'
    Target 'React-RCTRuntime' in project 'Pods'
        ➜ Explicit dependency on target 'RCT-Folly' in project 'Pods'
        ➜ Explicit dependency on target 'React-Core' in project 'Pods'
        ➜ Explicit dependency on target 'React-RuntimeApple' in project 'Pods'
        ➜ Explicit dependency on target 'React-RuntimeCore' in project 'Pods'
        ➜ Explicit dependency on target 'React-RuntimeHermes' in project 'Pods'
        ➜ Explicit dependency on target 'React-hermes' in project 'Pods'
        ➜ Explicit dependency on target 'React-jsi' in project 'Pods'
        ➜ Explicit dependency on target 'React-jsinspector' in project 'Pods'
        ➜ Explicit dependency on target 'React-jsinspectortracing' in project 'Pods'
        ➜ Explicit dependency on target 'React-jsitooling' in project 'Pods'
        ➜ Explicit dependency on target 'glog' in project 'Pods'
        ➜ Explicit dependency on target 'hermes-engine' in project 'Pods'
    Target 'React-RuntimeApple' in project 'Pods'
        ➜ Explicit dependency on target 'RCT-Folly' in project 'Pods'
        ➜ Explicit dependency on target 'React-Core' in project 'Pods'
        ➜ Explicit dependency on target 'React-CoreModules' in project 'Pods'
        ➜ Explicit dependency on target 'React-Mapbuffer' in project 'Pods'
        ➜ Explicit dependency on target 'React-NativeModulesApple' in project 'Pods'
        ➜ Explicit dependency on target 'React-RCTFBReactNativeSpec' in project 'Pods'
        ➜ Explicit dependency on target 'React-RCTFabric' in project 'Pods'
        ➜ Explicit dependency on target 'React-RuntimeCore' in project 'Pods'
        ➜ Explicit dependency on target 'React-RuntimeHermes' in project 'Pods'
        ➜ Explicit dependency on target 'React-callinvoker' in project 'Pods'
        ➜ Explicit dependency on target 'React-cxxreact' in project 'Pods'
        ➜ Explicit dependency on target 'React-featureflags' in project 'Pods'
        ➜ Explicit dependency on target 'React-jserrorhandler' in project 'Pods'
        ➜ Explicit dependency on target 'React-jsi' in project 'Pods'
        ➜ Explicit dependency on target 'React-jsiexecutor' in project 'Pods'
        ➜ Explicit dependency on target 'React-jsinspector' in project 'Pods'
        ➜ Explicit dependency on target 'React-jsitooling' in project 'Pods'
        ➜ Explicit dependency on target 'React-runtimeexecutor' in project 'Pods'
        ➜ Explicit dependency on target 'React-runtimescheduler' in project 'Pods'
        ➜ Explicit dependency on target 'React-utils' in project 'Pods'
        ➜ Explicit dependency on target 'hermes-engine' in project 'Pods'
    Target 'React-RuntimeHermes' in project 'Pods'
        ➜ Explicit dependency on target 'RCT-Folly' in project 'Pods'
        ➜ Explicit dependency on target 'React-RuntimeCore' in project 'Pods'
        ➜ Explicit dependency on target 'React-featureflags' in project 'Pods'
        ➜ Explicit dependency on target 'React-hermes' in project 'Pods'
        ➜ Explicit dependency on target 'React-jsi' in project 'Pods'
        ➜ Explicit dependency on target 'React-jsinspector' in project 'Pods'
        ➜ Explicit dependency on target 'React-jsinspectortracing' in project 'Pods'
        ➜ Explicit dependency on target 'React-jsitooling' in project 'Pods'
        ➜ Explicit dependency on target 'React-jsitracing' in project 'Pods'
        ➜ Explicit dependency on target 'React-utils' in project 'Pods'
        ➜ Explicit dependency on target 'hermes-engine' in project 'Pods'
    Target 'React-jsitracing' in project 'Pods'
        ➜ Explicit dependency on target 'React-jsi' in project 'Pods'
    Target 'React-RuntimeCore' in project 'Pods'
        ➜ Explicit dependency on target 'RCT-Folly' in project 'Pods'
        ➜ Explicit dependency on target 'React-Fabric' in project 'Pods'
        ➜ Explicit dependency on target 'React-cxxreact' in project 'Pods'
        ➜ Explicit dependency on target 'React-featureflags' in project 'Pods'
        ➜ Explicit dependency on target 'React-hermes' in project 'Pods'
        ➜ Explicit dependency on target 'React-jserrorhandler' in project 'Pods'
        ➜ Explicit dependency on target 'React-jsi' in project 'Pods'
        ➜ Explicit dependency on target 'React-jsiexecutor' in project 'Pods'
        ➜ Explicit dependency on target 'React-jsinspector' in project 'Pods'
        ➜ Explicit dependency on target 'React-jsitooling' in project 'Pods'
        ➜ Explicit dependency on target 'React-performancetimeline' in project 'Pods'
        ➜ Explicit dependency on target 'React-runtimeexecutor' in project 'Pods'
        ➜ Explicit dependency on target 'React-runtimescheduler' in project 'Pods'
        ➜ Explicit dependency on target 'React-utils' in project 'Pods'
        ➜ Explicit dependency on target 'glog' in project 'Pods'
        ➜ Explicit dependency on target 'hermes-engine' in project 'Pods'
    Target 'React-jserrorhandler' in project 'Pods'
        ➜ Explicit dependency on target 'RCT-Folly' in project 'Pods'
        ➜ Explicit dependency on target 'React-cxxreact' in project 'Pods'
        ➜ Explicit dependency on target 'React-debug' in project 'Pods'
        ➜ Explicit dependency on target 'React-featureflags' in project 'Pods'
        ➜ Explicit dependency on target 'React-jsi' in project 'Pods'
        ➜ Explicit dependency on target 'ReactCommon' in project 'Pods'
        ➜ Explicit dependency on target 'glog' in project 'Pods'
        ➜ Explicit dependency on target 'hermes-engine' in project 'Pods'
    Target 'React-Mapbuffer' in project 'Pods'
        ➜ Explicit dependency on target 'React-debug' in project 'Pods'
        ➜ Explicit dependency on target 'glog' in project 'Pods'
    Target 'React-CoreModules' in project 'Pods'
        ➜ Explicit dependency on target 'DoubleConversion' in project 'Pods'
        ➜ Explicit dependency on target 'RCT-Folly' in project 'Pods'
        ➜ Explicit dependency on target 'RCTTypeSafety' in project 'Pods'
        ➜ Explicit dependency on target 'React-Core' in project 'Pods'
        ➜ Explicit dependency on target 'React-NativeModulesApple' in project 'Pods'
        ➜ Explicit dependency on target 'React-RCTBlob' in project 'Pods'
        ➜ Explicit dependency on target 'React-RCTFBReactNativeSpec' in project 'Pods'
        ➜ Explicit dependency on target 'React-RCTImage' in project 'Pods'
        ➜ Explicit dependency on target 'React-jsi' in project 'Pods'
        ➜ Explicit dependency on target 'React-jsinspector' in project 'Pods'
        ➜ Explicit dependency on target 'React-jsinspectortracing' in project 'Pods'
        ➜ Explicit dependency on target 'ReactCommon' in project 'Pods'
        ➜ Explicit dependency on target 'SocketRocket' in project 'Pods'
        ➜ Explicit dependency on target 'fast_float' in project 'Pods'
        ➜ Explicit dependency on target 'fmt' in project 'Pods'
    Target 'React-RCTBlob' in project 'Pods'
        ➜ Explicit dependency on target 'DoubleConversion' in project 'Pods'
        ➜ Explicit dependency on target 'RCT-Folly' in project 'Pods'
        ➜ Explicit dependency on target 'React-Core' in project 'Pods'
        ➜ Explicit dependency on target 'React-NativeModulesApple' in project 'Pods'
        ➜ Explicit dependency on target 'React-RCTFBReactNativeSpec' in project 'Pods'
        ➜ Explicit dependency on target 'React-RCTNetwork' in project 'Pods'
        ➜ Explicit dependency on target 'React-jsi' in project 'Pods'
        ➜ Explicit dependency on target 'React-jsinspector' in project 'Pods'
        ➜ Explicit dependency on target 'ReactCommon' in project 'Pods'
        ➜ Explicit dependency on target 'fast_float' in project 'Pods'
        ➜ Explicit dependency on target 'fmt' in project 'Pods'
        ➜ Explicit dependency on target 'hermes-engine' in project 'Pods'
    Target 'React-RCTFabric' in project 'Pods'
        ➜ Explicit dependency on target 'RCT-Folly' in project 'Pods'
        ➜ Explicit dependency on target 'React-Core' in project 'Pods'
        ➜ Explicit dependency on target 'React-Fabric' in project 'Pods'
        ➜ Explicit dependency on target 'React-FabricComponents' in project 'Pods'
        ➜ Explicit dependency on target 'React-FabricImage' in project 'Pods'
        ➜ Explicit dependency on target 'React-ImageManager' in project 'Pods'
        ➜ Explicit dependency on target 'React-RCTAnimation' in project 'Pods'
        ➜ Explicit dependency on target 'React-RCTImage' in project 'Pods'
        ➜ Explicit dependency on target 'React-RCTText' in project 'Pods'
        ➜ Explicit dependency on target 'React-debug' in project 'Pods'
        ➜ Explicit dependency on target 'React-featureflags' in project 'Pods'
        ➜ Explicit dependency on target 'React-graphics' in project 'Pods'
        ➜ Explicit dependency on target 'React-hermes' in project 'Pods'
        ➜ Explicit dependency on target 'React-jsi' in project 'Pods'
        ➜ Explicit dependency on target 'React-jsinspector' in project 'Pods'
        ➜ Explicit dependency on target 'React-jsinspectortracing' in project 'Pods'
        ➜ Explicit dependency on target 'React-performancetimeline' in project 'Pods'
        ➜ Explicit dependency on target 'React-rendererconsistency' in project 'Pods'
        ➜ Explicit dependency on target 'React-renderercss' in project 'Pods'
        ➜ Explicit dependency on target 'React-rendererdebug' in project 'Pods'
        ➜ Explicit dependency on target 'React-runtimescheduler' in project 'Pods'
        ➜ Explicit dependency on target 'React-utils' in project 'Pods'
        ➜ Explicit dependency on target 'Yoga' in project 'Pods'
        ➜ Explicit dependency on target 'glog' in project 'Pods'
        ➜ Explicit dependency on target 'hermes-engine' in project 'Pods'
    Target 'React-RCTText' in project 'Pods'
        ➜ Explicit dependency on target 'React-Core' in project 'Pods'
        ➜ Explicit dependency on target 'Yoga' in project 'Pods'
    Target 'React-RCTImage' in project 'Pods'
        ➜ Explicit dependency on target 'RCT-Folly' in project 'Pods'
        ➜ Explicit dependency on target 'RCTTypeSafety' in project 'Pods'
        ➜ Explicit dependency on target 'React-Core' in project 'Pods'
        ➜ Explicit dependency on target 'React-NativeModulesApple' in project 'Pods'
        ➜ Explicit dependency on target 'React-RCTFBReactNativeSpec' in project 'Pods'
        ➜ Explicit dependency on target 'React-RCTNetwork' in project 'Pods'
        ➜ Explicit dependency on target 'React-jsi' in project 'Pods'
        ➜ Explicit dependency on target 'ReactCommon' in project 'Pods'
    Target 'React-RCTNetwork' in project 'Pods'
        ➜ Explicit dependency on target 'RCT-Folly' in project 'Pods'
        ➜ Explicit dependency on target 'RCTTypeSafety' in project 'Pods'
        ➜ Explicit dependency on target 'React-Core' in project 'Pods'
        ➜ Explicit dependency on target 'React-NativeModulesApple' in project 'Pods'
        ➜ Explicit dependency on target 'React-RCTFBReactNativeSpec' in project 'Pods'
        ➜ Explicit dependency on target 'React-jsi' in project 'Pods'
        ➜ Explicit dependency on target 'ReactCommon' in project 'Pods'
    Target 'React-RCTAnimation' in project 'Pods'
        ➜ Explicit dependency on target 'RCT-Folly' in project 'Pods'
        ➜ Explicit dependency on target 'RCTTypeSafety' in project 'Pods'
        ➜ Explicit dependency on target 'React-Core' in project 'Pods'
        ➜ Explicit dependency on target 'React-NativeModulesApple' in project 'Pods'
        ➜ Explicit dependency on target 'React-RCTFBReactNativeSpec' in project 'Pods'
        ➜ Explicit dependency on target 'React-jsi' in project 'Pods'
        ➜ Explicit dependency on target 'ReactCommon' in project 'Pods'
    Target 'React-RCTFBReactNativeSpec' in project 'Pods'
        ➜ Explicit dependency on target 'RCT-Folly' in project 'Pods'
        ➜ Explicit dependency on target 'RCTRequired' in project 'Pods'
        ➜ Explicit dependency on target 'RCTTypeSafety' in project 'Pods'
        ➜ Explicit dependency on target 'React-Core' in project 'Pods'
        ➜ Explicit dependency on target 'React-NativeModulesApple' in project 'Pods'
        ➜ Explicit dependency on target 'React-hermes' in project 'Pods'
        ➜ Explicit dependency on target 'React-jsi' in project 'Pods'
        ➜ Explicit dependency on target 'React-jsiexecutor' in project 'Pods'
        ➜ Explicit dependency on target 'ReactCommon' in project 'Pods'
        ➜ Explicit dependency on target 'hermes-engine' in project 'Pods'
    Target 'React-FabricImage' in project 'Pods'
        ➜ Explicit dependency on target 'DoubleConversion' in project 'Pods'
        ➜ Explicit dependency on target 'RCT-Folly' in project 'Pods'
        ➜ Explicit dependency on target 'RCTRequired' in project 'Pods'
        ➜ Explicit dependency on target 'RCTTypeSafety' in project 'Pods'
        ➜ Explicit dependency on target 'React-Fabric' in project 'Pods'
        ➜ Explicit dependency on target 'React-ImageManager' in project 'Pods'
        ➜ Explicit dependency on target 'React-featureflags' in project 'Pods'
        ➜ Explicit dependency on target 'React-graphics' in project 'Pods'
        ➜ Explicit dependency on target 'React-hermes' in project 'Pods'
        ➜ Explicit dependency on target 'React-jsi' in project 'Pods'
        ➜ Explicit dependency on target 'React-jsiexecutor' in project 'Pods'
        ➜ Explicit dependency on target 'React-logger' in project 'Pods'
        ➜ Explicit dependency on target 'React-rendererdebug' in project 'Pods'
        ➜ Explicit dependency on target 'React-utils' in project 'Pods'
        ➜ Explicit dependency on target 'ReactCommon' in project 'Pods'
        ➜ Explicit dependency on target 'Yoga' in project 'Pods'
        ➜ Explicit dependency on target 'fast_float' in project 'Pods'
        ➜ Explicit dependency on target 'fmt' in project 'Pods'
        ➜ Explicit dependency on target 'glog' in project 'Pods'
        ➜ Explicit dependency on target 'hermes-engine' in project 'Pods'
    Target 'React-FabricComponents' in project 'Pods'
        ➜ Explicit dependency on target 'DoubleConversion' in project 'Pods'
        ➜ Explicit dependency on target 'RCT-Folly' in project 'Pods'
        ➜ Explicit dependency on target 'RCTRequired' in project 'Pods'
        ➜ Explicit dependency on target 'RCTTypeSafety' in project 'Pods'
        ➜ Explicit dependency on target 'React-Core' in project 'Pods'
        ➜ Explicit dependency on target 'React-Fabric' in project 'Pods'
        ➜ Explicit dependency on target 'React-cxxreact' in project 'Pods'
        ➜ Explicit dependency on target 'React-debug' in project 'Pods'
        ➜ Explicit dependency on target 'React-featureflags' in project 'Pods'
        ➜ Explicit dependency on target 'React-graphics' in project 'Pods'
        ➜ Explicit dependency on target 'React-hermes' in project 'Pods'
        ➜ Explicit dependency on target 'React-jsi' in project 'Pods'
        ➜ Explicit dependency on target 'React-jsiexecutor' in project 'Pods'
        ➜ Explicit dependency on target 'React-logger' in project 'Pods'
        ➜ Explicit dependency on target 'React-rendererdebug' in project 'Pods'
        ➜ Explicit dependency on target 'React-runtimescheduler' in project 'Pods'
        ➜ Explicit dependency on target 'React-utils' in project 'Pods'
        ➜ Explicit dependency on target 'ReactCommon' in project 'Pods'
        ➜ Explicit dependency on target 'Yoga' in project 'Pods'
        ➜ Explicit dependency on target 'fast_float' in project 'Pods'
        ➜ Explicit dependency on target 'fmt' in project 'Pods'
        ➜ Explicit dependency on target 'glog' in project 'Pods'
        ➜ Explicit dependency on target 'hermes-engine' in project 'Pods'
    Target 'React-NativeModulesApple' in project 'Pods'
        ➜ Explicit dependency on target 'React-Core' in project 'Pods'
        ➜ Explicit dependency on target 'React-callinvoker' in project 'Pods'
        ➜ Explicit dependency on target 'React-cxxreact' in project 'Pods'
        ➜ Explicit dependency on target 'React-featureflags' in project 'Pods'
        ➜ Explicit dependency on target 'React-hermes' in project 'Pods'
        ➜ Explicit dependency on target 'React-jsi' in project 'Pods'
        ➜ Explicit dependency on target 'React-jsinspector' in project 'Pods'
        ➜ Explicit dependency on target 'React-runtimeexecutor' in project 'Pods'
        ➜ Explicit dependency on target 'ReactCommon' in project 'Pods'
        ➜ Explicit dependency on target 'glog' in project 'Pods'
        ➜ Explicit dependency on target 'hermes-engine' in project 'Pods'
    Target 'React-ImageManager' in project 'Pods'
        ➜ Explicit dependency on target 'RCT-Folly' in project 'Pods'
        ➜ Explicit dependency on target 'React-Core' in project 'Pods'
        ➜ Explicit dependency on target 'React-Fabric' in project 'Pods'
        ➜ Explicit dependency on target 'React-debug' in project 'Pods'
        ➜ Explicit dependency on target 'React-graphics' in project 'Pods'
        ➜ Explicit dependency on target 'React-rendererdebug' in project 'Pods'
        ➜ Explicit dependency on target 'React-utils' in project 'Pods'
        ➜ Explicit dependency on target 'glog' in project 'Pods'
    Target 'React-Fabric' in project 'Pods'
        ➜ Explicit dependency on target 'DoubleConversion' in project 'Pods'
        ➜ Explicit dependency on target 'RCT-Folly' in project 'Pods'
        ➜ Explicit dependency on target 'RCTRequired' in project 'Pods'
        ➜ Explicit dependency on target 'RCTTypeSafety' in project 'Pods'
        ➜ Explicit dependency on target 'React-Core' in project 'Pods'
        ➜ Explicit dependency on target 'React-cxxreact' in project 'Pods'
        ➜ Explicit dependency on target 'React-debug' in project 'Pods'
        ➜ Explicit dependency on target 'React-featureflags' in project 'Pods'
        ➜ Explicit dependency on target 'React-graphics' in project 'Pods'
        ➜ Explicit dependency on target 'React-hermes' in project 'Pods'
        ➜ Explicit dependency on target 'React-jsi' in project 'Pods'
        ➜ Explicit dependency on target 'React-jsiexecutor' in project 'Pods'
        ➜ Explicit dependency on target 'React-logger' in project 'Pods'
        ➜ Explicit dependency on target 'React-performancetimeline' in project 'Pods'
        ➜ Explicit dependency on target 'React-rendererconsistency' in project 'Pods'
        ➜ Explicit dependency on target 'React-renderercss' in project 'Pods'
        ➜ Explicit dependency on target 'React-rendererdebug' in project 'Pods'
        ➜ Explicit dependency on target 'React-runtimescheduler' in project 'Pods'
        ➜ Explicit dependency on target 'React-utils' in project 'Pods'
        ➜ Explicit dependency on target 'ReactCommon' in project 'Pods'
        ➜ Explicit dependency on target 'Yoga' in project 'Pods'
        ➜ Explicit dependency on target 'fast_float' in project 'Pods'
        ➜ Explicit dependency on target 'fmt' in project 'Pods'
        ➜ Explicit dependency on target 'glog' in project 'Pods'
        ➜ Explicit dependency on target 'hermes-engine' in project 'Pods'
    Target 'ReactCommon' in project 'Pods'
        ➜ Explicit dependency on target 'DoubleConversion' in project 'Pods'
        ➜ Explicit dependency on target 'RCT-Folly' in project 'Pods'
        ➜ Explicit dependency on target 'React-callinvoker' in project 'Pods'
        ➜ Explicit dependency on target 'React-cxxreact' in project 'Pods'
        ➜ Explicit dependency on target 'React-debug' in project 'Pods'
        ➜ Explicit dependency on target 'React-featureflags' in project 'Pods'
        ➜ Explicit dependency on target 'React-jsi' in project 'Pods'
        ➜ Explicit dependency on target 'React-logger' in project 'Pods'
        ➜ Explicit dependency on target 'React-perflogger' in project 'Pods'
        ➜ Explicit dependency on target 'React-utils' in project 'Pods'
        ➜ Explicit dependency on target 'fast_float' in project 'Pods'
        ➜ Explicit dependency on target 'fmt' in project 'Pods'
        ➜ Explicit dependency on target 'glog' in project 'Pods'
        ➜ Explicit dependency on target 'hermes-engine' in project 'Pods'
    Target 'React-renderercss' in project 'Pods'
        ➜ Explicit dependency on target 'React-debug' in project 'Pods'
        ➜ Explicit dependency on target 'React-utils' in project 'Pods'
    Target 'React-graphics' in project 'Pods'
        ➜ Explicit dependency on target 'DoubleConversion' in project 'Pods'
        ➜ Explicit dependency on target 'RCT-Folly' in project 'Pods'
        ➜ Explicit dependency on target 'React-hermes' in project 'Pods'
        ➜ Explicit dependency on target 'React-jsi' in project 'Pods'
        ➜ Explicit dependency on target 'React-jsiexecutor' in project 'Pods'
        ➜ Explicit dependency on target 'React-utils' in project 'Pods'
        ➜ Explicit dependency on target 'fast_float' in project 'Pods'
        ➜ Explicit dependency on target 'fmt' in project 'Pods'
        ➜ Explicit dependency on target 'glog' in project 'Pods'
        ➜ Explicit dependency on target 'hermes-engine' in project 'Pods'
    Target 'RCTTypeSafety' in project 'Pods'
        ➜ Explicit dependency on target 'FBLazyVector' in project 'Pods'
        ➜ Explicit dependency on target 'RCTRequired' in project 'Pods'
        ➜ Explicit dependency on target 'React-Core' in project 'Pods'
    Target 'React-Core' in project 'Pods'
        ➜ Explicit dependency on target 'RCT-Folly' in project 'Pods'
        ➜ Explicit dependency on target 'RCTDeprecation' in project 'Pods'
        ➜ Explicit dependency on target 'React-Core-React-Core_privacy' in project 'Pods'
        ➜ Explicit dependency on target 'React-cxxreact' in project 'Pods'
        ➜ Explicit dependency on target 'React-featureflags' in project 'Pods'
        ➜ Explicit dependency on target 'React-hermes' in project 'Pods'
        ➜ Explicit dependency on target 'React-jsi' in project 'Pods'
        ➜ Explicit dependency on target 'React-jsiexecutor' in project 'Pods'
        ➜ Explicit dependency on target 'React-jsinspector' in project 'Pods'
        ➜ Explicit dependency on target 'React-jsitooling' in project 'Pods'
        ➜ Explicit dependency on target 'React-perflogger' in project 'Pods'
        ➜ Explicit dependency on target 'React-runtimescheduler' in project 'Pods'
        ➜ Explicit dependency on target 'React-utils' in project 'Pods'
        ➜ Explicit dependency on target 'SocketRocket' in project 'Pods'
        ➜ Explicit dependency on target 'Yoga' in project 'Pods'
        ➜ Explicit dependency on target 'glog' in project 'Pods'
        ➜ Explicit dependency on target 'hermes-engine' in project 'Pods'
    Target 'Yoga' in project 'Pods' (no dependencies)
    Target 'SocketRocket' in project 'Pods' (no dependencies)
    Target 'React-runtimescheduler' in project 'Pods'
        ➜ Explicit dependency on target 'RCT-Folly' in project 'Pods'
        ➜ Explicit dependency on target 'React-callinvoker' in project 'Pods'
        ➜ Explicit dependency on target 'React-cxxreact' in project 'Pods'
        ➜ Explicit dependency on target 'React-debug' in project 'Pods'
        ➜ Explicit dependency on target 'React-featureflags' in project 'Pods'
        ➜ Explicit dependency on target 'React-hermes' in project 'Pods'
        ➜ Explicit dependency on target 'React-jsi' in project 'Pods'
        ➜ Explicit dependency on target 'React-jsinspectortracing' in project 'Pods'
        ➜ Explicit dependency on target 'React-performancetimeline' in project 'Pods'
        ➜ Explicit dependency on target 'React-rendererconsistency' in project 'Pods'
        ➜ Explicit dependency on target 'React-rendererdebug' in project 'Pods'
        ➜ Explicit dependency on target 'React-runtimeexecutor' in project 'Pods'
        ➜ Explicit dependency on target 'React-timing' in project 'Pods'
        ➜ Explicit dependency on target 'React-utils' in project 'Pods'
        ➜ Explicit dependency on target 'glog' in project 'Pods'
        ➜ Explicit dependency on target 'hermes-engine' in project 'Pods'
    Target 'React-utils' in project 'Pods'
        ➜ Explicit dependency on target 'RCT-Folly' in project 'Pods'
        ➜ Explicit dependency on target 'React-debug' in project 'Pods'
        ➜ Explicit dependency on target 'React-hermes' in project 'Pods'
        ➜ Explicit dependency on target 'React-jsi' in project 'Pods'
        ➜ Explicit dependency on target 'glog' in project 'Pods'
        ➜ Explicit dependency on target 'hermes-engine' in project 'Pods'
    Target 'React-rendererdebug' in project 'Pods'
        ➜ Explicit dependency on target 'DoubleConversion' in project 'Pods'
        ➜ Explicit dependency on target 'RCT-Folly' in project 'Pods'
        ➜ Explicit dependency on target 'React-debug' in project 'Pods'
        ➜ Explicit dependency on target 'fast_float' in project 'Pods'
        ➜ Explicit dependency on target 'fmt' in project 'Pods'
    Target 'React-rendererconsistency' in project 'Pods' (no dependencies)
    Target 'React-performancetimeline' in project 'Pods'
        ➜ Explicit dependency on target 'RCT-Folly' in project 'Pods'
        ➜ Explicit dependency on target 'React-cxxreact' in project 'Pods'
        ➜ Explicit dependency on target 'React-featureflags' in project 'Pods'
        ➜ Explicit dependency on target 'React-jsinspectortracing' in project 'Pods'
        ➜ Explicit dependency on target 'React-perflogger' in project 'Pods'
        ➜ Explicit dependency on target 'React-timing' in project 'Pods'
    Target 'React-jsitooling' in project 'Pods'
        ➜ Explicit dependency on target 'DoubleConversion' in project 'Pods'
        ➜ Explicit dependency on target 'RCT-Folly' in project 'Pods'
        ➜ Explicit dependency on target 'React-cxxreact' in project 'Pods'
        ➜ Explicit dependency on target 'React-jsi' in project 'Pods'
        ➜ Explicit dependency on target 'React-jsinspector' in project 'Pods'
        ➜ Explicit dependency on target 'React-jsinspectortracing' in project 'Pods'
        ➜ Explicit dependency on target 'fast_float' in project 'Pods'
        ➜ Explicit dependency on target 'fmt' in project 'Pods'
        ➜ Explicit dependency on target 'glog' in project 'Pods'
    Target 'React-hermes' in project 'Pods'
        ➜ Explicit dependency on target 'DoubleConversion' in project 'Pods'
        ➜ Explicit dependency on target 'RCT-Folly' in project 'Pods'
        ➜ Explicit dependency on target 'React-cxxreact' in project 'Pods'
        ➜ Explicit dependency on target 'React-jsi' in project 'Pods'
        ➜ Explicit dependency on target 'React-jsiexecutor' in project 'Pods'
        ➜ Explicit dependency on target 'React-jsinspector' in project 'Pods'
        ➜ Explicit dependency on target 'React-jsinspectortracing' in project 'Pods'
        ➜ Explicit dependency on target 'React-perflogger' in project 'Pods'
        ➜ Explicit dependency on target 'React-runtimeexecutor' in project 'Pods'
        ➜ Explicit dependency on target 'fast_float' in project 'Pods'
        ➜ Explicit dependency on target 'fmt' in project 'Pods'
        ➜ Explicit dependency on target 'glog' in project 'Pods'
        ➜ Explicit dependency on target 'hermes-engine' in project 'Pods'
    Target 'React-jsiexecutor' in project 'Pods'
        ➜ Explicit dependency on target 'DoubleConversion' in project 'Pods'
        ➜ Explicit dependency on target 'RCT-Folly' in project 'Pods'
        ➜ Explicit dependency on target 'React-cxxreact' in project 'Pods'
        ➜ Explicit dependency on target 'React-jsi' in project 'Pods'
        ➜ Explicit dependency on target 'React-jsinspector' in project 'Pods'
        ➜ Explicit dependency on target 'React-jsinspectortracing' in project 'Pods'
        ➜ Explicit dependency on target 'React-perflogger' in project 'Pods'
        ➜ Explicit dependency on target 'fast_float' in project 'Pods'
        ➜ Explicit dependency on target 'fmt' in project 'Pods'
        ➜ Explicit dependency on target 'glog' in project 'Pods'
        ➜ Explicit dependency on target 'hermes-engine' in project 'Pods'
    Target 'React-cxxreact' in project 'Pods'
        ➜ Explicit dependency on target 'DoubleConversion' in project 'Pods'
        ➜ Explicit dependency on target 'RCT-Folly' in project 'Pods'
        ➜ Explicit dependency on target 'React-callinvoker' in project 'Pods'
        ➜ Explicit dependency on target 'React-cxxreact-React-cxxreact_privacy' in project 'Pods'
        ➜ Explicit dependency on target 'React-debug' in project 'Pods'
        ➜ Explicit dependency on target 'React-jsi' in project 'Pods'
        ➜ Explicit dependency on target 'React-jsinspector' in project 'Pods'
        ➜ Explicit dependency on target 'React-jsinspectortracing' in project 'Pods'
        ➜ Explicit dependency on target 'React-logger' in project 'Pods'
        ➜ Explicit dependency on target 'React-perflogger' in project 'Pods'
        ➜ Explicit dependency on target 'React-runtimeexecutor' in project 'Pods'
        ➜ Explicit dependency on target 'React-timing' in project 'Pods'
        ➜ Explicit dependency on target 'boost' in project 'Pods'
        ➜ Explicit dependency on target 'fast_float' in project 'Pods'
        ➜ Explicit dependency on target 'fmt' in project 'Pods'
        ➜ Explicit dependency on target 'glog' in project 'Pods'
        ➜ Explicit dependency on target 'hermes-engine' in project 'Pods'
    Target 'React-timing' in project 'Pods' (no dependencies)
    Target 'React-logger' in project 'Pods'
        ➜ Explicit dependency on target 'glog' in project 'Pods'
    Target 'React-jsinspector' in project 'Pods'
        ➜ Explicit dependency on target 'DoubleConversion' in project 'Pods'
        ➜ Explicit dependency on target 'RCT-Folly' in project 'Pods'
        ➜ Explicit dependency on target 'React-featureflags' in project 'Pods'
        ➜ Explicit dependency on target 'React-jsi' in project 'Pods'
        ➜ Explicit dependency on target 'React-jsinspectortracing' in project 'Pods'
        ➜ Explicit dependency on target 'React-perflogger' in project 'Pods'
        ➜ Explicit dependency on target 'React-runtimeexecutor' in project 'Pods'
        ➜ Explicit dependency on target 'glog' in project 'Pods'
        ➜ Explicit dependency on target 'hermes-engine' in project 'Pods'
    Target 'React-runtimeexecutor' in project 'Pods'
        ➜ Explicit dependency on target 'React-jsi' in project 'Pods'
    Target 'React-perflogger' in project 'Pods'
        ➜ Explicit dependency on target 'DoubleConversion' in project 'Pods'
        ➜ Explicit dependency on target 'RCT-Folly' in project 'Pods'
    Target 'React-jsinspectortracing' in project 'Pods'
        ➜ Explicit dependency on target 'RCT-Folly' in project 'Pods'
        ➜ Explicit dependency on target 'React-oscompat' in project 'Pods'
    Target 'React-oscompat' in project 'Pods' (no dependencies)
    Target 'React-featureflags' in project 'Pods'
        ➜ Explicit dependency on target 'RCT-Folly' in project 'Pods'
    Target 'React-jsi' in project 'Pods'
        ➜ Explicit dependency on target 'DoubleConversion' in project 'Pods'
        ➜ Explicit dependency on target 'RCT-Folly' in project 'Pods'
        ➜ Explicit dependency on target 'boost' in project 'Pods'
        ➜ Explicit dependency on target 'fast_float' in project 'Pods'
        ➜ Explicit dependency on target 'fmt' in project 'Pods'
        ➜ Explicit dependency on target 'glog' in project 'Pods'
        ➜ Explicit dependency on target 'hermes-engine' in project 'Pods'
    Target 'hermes-engine' in project 'Pods' (no dependencies)
    Target 'React-debug' in project 'Pods' (no dependencies)
    Target 'React-cxxreact-React-cxxreact_privacy' in project 'Pods' (no dependencies)
    Target 'React-callinvoker' in project 'Pods' (no dependencies)
    Target 'React-Core-React-Core_privacy' in project 'Pods' (no dependencies)
    Target 'RCTDeprecation' in project 'Pods' (no dependencies)
    Target 'FBLazyVector' in project 'Pods' (no dependencies)
    Target 'RCTRequired' in project 'Pods' (no dependencies)
    Target 'RCT-Folly' in project 'Pods'
        ➜ Explicit dependency on target 'DoubleConversion' in project 'Pods'
        ➜ Explicit dependency on target 'RCT-Folly-RCT-Folly_privacy' in project 'Pods'
        ➜ Explicit dependency on target 'boost' in project 'Pods'
        ➜ Explicit dependency on target 'fast_float' in project 'Pods'
        ➜ Explicit dependency on target 'fmt' in project 'Pods'
        ➜ Explicit dependency on target 'glog' in project 'Pods'
    Target 'glog' in project 'Pods'
        ➜ Explicit dependency on target 'glog-glog_privacy' in project 'Pods'
    Target 'glog-glog_privacy' in project 'Pods' (no dependencies)
    Target 'fmt' in project 'Pods' (no dependencies)
    Target 'fast_float' in project 'Pods' (no dependencies)
    Target 'boost' in project 'Pods'
        ➜ Explicit dependency on target 'boost-boost_privacy' in project 'Pods'
    Target 'boost-boost_privacy' in project 'Pods' (no dependencies)
    Target 'RCT-Folly-RCT-Folly_privacy' in project 'Pods' (no dependencies)
    Target 'EXApplication-ExpoApplication_privacy' in project 'Pods' (no dependencies)
    Target 'DoubleConversion' in project 'Pods' (no dependencies)

GatherProvisioningInputs

CreateBuildDescription

ClangStatCache /Applications/Xcode.app/Contents/Developer/Toolchains/XcodeDefault.xctoolchain/usr/bin/clang-stat-cache /Applications/Xcode.app/Contents/Developer/Platforms/iPhoneSimulator.platform/Developer/SDKs/iPhoneSimulator17.5.sdk /Users/apple/Library/Developer/Xcode/DerivedData/SDKStatCaches.noindex/iphonesimulator17.5-21F77-c098706a9f71eba4e76ae92ab367209a.sdkstatcache
    cd /Users/apple/Plnmo/app/ios
    /Applications/Xcode.app/Contents/Developer/Toolchains/XcodeDefault.xctoolchain/usr/bin/clang-stat-cache /Applications/Xcode.app/Contents/Developer/Platforms/iPhoneSimulator.platform/Developer/SDKs/iPhoneSimulator17.5.sdk -o /Users/apple/Library/Developer/Xcode/DerivedData/SDKStatCaches.noindex/iphonesimulator17.5-21F77-c098706a9f71eba4e76ae92ab367209a.sdkstatcache

warning: Run script build phase '[CP-User] [Hermes] Replace Hermes for the right configuration, if needed' will be run during every build because it does not specify any outputs. To address this warning, either add output dependencies to the script phase, or configure it to run in every build by unchecking "Based on dependency analysis" in the script phase. (in target 'hermes-engine' from project 'Pods')
PhaseScriptExecution [CP-User]\ [Hermes]\ Replace\ Hermes\ for\ the\ right\ configuration,\ if\ needed /Users/apple/Library/Developer/Xcode/DerivedData/Planmoni-fdypulhkiungwycuxcfoxcpgffow/Build/Intermediates.noindex/Pods.build/Debug-iphonesimulator/hermes-engine.build/Script-46EB2E000374C0.sh (in target 'hermes-engine' from project 'Pods')
    cd /Users/apple/Plnmo/app/ios/Pods
    export ACTION\=build
    export AD_HOC_CODE_SIGNING_ALLOWED\=YES
    export ALLOW_TARGET_PLATFORM_SPECIALIZATION\=NO
    export ALTERNATE_GROUP\=staff
    export ALTERNATE_MODE\=u+w,go-w,a+rX
    export ALTERNATE_OWNER\=apple
    export ALWAYS_EMBED_SWIFT_STANDARD_LIBRARIES\=NO
    export ALWAYS_SEARCH_USER_PATHS\=NO
    export ALWAYS_USE_SEPARATE_HEADERMAPS\=NO
    export APPLE_INTERNAL_DEVELOPER_DIR\=/AppleInternal/Developer
    export APPLE_INTERNAL_DIR\=/AppleInternal
    export APPLE_INTERNAL_DOCUMENTATION_DIR\=/AppleInternal/Documentation
    export APPLE_INTERNAL_LIBRARY_DIR\=/AppleInternal/Library
    export APPLE_INTERNAL_TOOLS\=/AppleInternal/Developer/Tools
    export APPLICATION_EXTENSION_API_ONLY\=NO
    export APPLY_RULES_IN_COPY_FILES\=NO
    export APPLY_RULES_IN_COPY_HEADERS\=NO
    export APP_SHORTCUTS_ENABLE_FLEXIBLE_MATCHING\=YES
    export ARCHS\=arm64
    export ARCHS_STANDARD\=arm64\ x86_64
    export ARCHS_STANDARD_32_64_BIT\=arm64\ i386\ x86_64
    export ARCHS_STANDARD_32_BIT\=i386
    export ARCHS_STANDARD_64_BIT\=arm64\ x86_64
    export ARCHS_STANDARD_INCLUDING_64_BIT\=arm64\ x86_64
    export ARCHS_UNIVERSAL_IPHONE_OS\=arm64\ i386\ x86_64
    export ASSETCATALOG_COMPILER_APPICON_NAME\=AppIcon
    export ASSETCATALOG_COMPILER_GENERATE_ASSET_SYMBOLS\=YES
    export ASSETCATALOG_COMPILER_GLOBAL_ACCENT_COLOR_NAME\=AccentColor
    export ASSETCATALOG_FILTER_FOR_DEVICE_MODEL\=iPhone16,1
    export ASSETCATALOG_FILTER_FOR_DEVICE_OS_VERSION\=17.5
    export ASSETCATALOG_FILTER_FOR_THINNING_DEVICE_CONFIGURATION\=iPhone16,1
    export AUTOMATICALLY_MERGE_DEPENDENCIES\=NO
    export AVAILABLE_PLATFORMS\=appletvos\ appletvsimulator\ driverkit\ iphoneos\ iphonesimulator\ macosx\ watchos\ watchsimulator\ xros\ xrsimulator
    export BITCODE_GENERATION_MODE\=marker
    export BUILD_ACTIVE_RESOURCES_ONLY\=YES
    export BUILD_COMPONENTS\=headers\ build
    export BUILD_DIR\=/Users/apple/Library/Developer/Xcode/DerivedData/Planmoni-fdypulhkiungwycuxcfoxcpgffow/Build/Products
    export BUILD_LIBRARY_FOR_DISTRIBUTION\=NO
    export BUILD_ROOT\=/Users/apple/Library/Developer/Xcode/DerivedData/Planmoni-fdypulhkiungwycuxcfoxcpgffow/Build/Products
    export BUILD_STYLE\=
    export BUILD_VARIANTS\=normal
    export BUILT_PRODUCTS_DIR\=/Users/apple/Library/Developer/Xcode/DerivedData/Planmoni-fdypulhkiungwycuxcfoxcpgffow/Build/Products/Debug-iphonesimulator/hermes-engine
    export BUNDLE_CONTENTS_FOLDER_PATH_deep\=Contents/
    export BUNDLE_EXECUTABLE_FOLDER_NAME_deep\=MacOS
    export BUNDLE_EXTENSIONS_FOLDER_PATH\=Extensions
    export BUNDLE_FORMAT\=shallow
    export BUNDLE_FRAMEWORKS_FOLDER_PATH\=Frameworks
    export BUNDLE_PLUGINS_FOLDER_PATH\=PlugIns
    export BUNDLE_PRIVATE_HEADERS_FOLDER_PATH\=PrivateHeaders
    export BUNDLE_PUBLIC_HEADERS_FOLDER_PATH\=Headers
    export CACHE_ROOT\=/var/folders/_q/sk234jcx5zsc3m_zm2kw34840000gn/C/com.apple.DeveloperTools/15.4-15F31d/Xcode
    export CCHROOT\=/var/folders/_q/sk234jcx5zsc3m_zm2kw34840000gn/C/com.apple.DeveloperTools/15.4-15F31d/Xcode
    export CHMOD\=/bin/chmod
    export CHOWN\=/usr/sbin/chown
    export CLANG_ANALYZER_LOCALIZABILITY_NONLOCALIZED\=YES
    export CLANG_ANALYZER_NONNULL\=YES
    export CLANG_ANALYZER_NUMBER_OBJECT_CONVERSION\=YES_AGGRESSIVE
    export CLANG_COMPILE_CACHE_PATH\=/Users/apple/Library/Developer/Xcode/DerivedData/CompilationCache.noindex
    export CLANG_CXX_LANGUAGE_STANDARD\=c++20
    export CLANG_CXX_LIBRARY\=compiler-default
    export CLANG_ENABLE_EXPLICIT_MODULES\=NO
    export CLANG_ENABLE_MODULES\=YES
    export CLANG_ENABLE_OBJC_ARC\=YES
    export CLANG_ENABLE_OBJC_WEAK\=NO
    export CLANG_MODULES_BUILD_SESSION_FILE\=/Users/apple/Library/Developer/Xcode/DerivedData/ModuleCache.noindex/Session.modulevalidation
    export CLANG_WARN_BLOCK_CAPTURE_AUTORELEASING\=YES
    export CLANG_WARN_BOOL_CONVERSION\=YES
    export CLANG_WARN_COMMA\=YES
    export CLANG_WARN_CONSTANT_CONVERSION\=YES
    export CLANG_WARN_DEPRECATED_OBJC_IMPLEMENTATIONS\=YES
    export CLANG_WARN_DIRECT_OBJC_ISA_USAGE\=YES_ERROR
    export CLANG_WARN_DOCUMENTATION_COMMENTS\=YES
    export CLANG_WARN_EMPTY_BODY\=YES
    export CLANG_WARN_ENUM_CONVERSION\=YES
    export CLANG_WARN_INFINITE_RECURSION\=YES
    export CLANG_WARN_INT_CONVERSION\=YES
    export CLANG_WARN_NON_LITERAL_NULL_CONVERSION\=YES
    export CLANG_WARN_OBJC_IMPLICIT_RETAIN_SELF\=YES
    export CLANG_WARN_OBJC_LITERAL_CONVERSION\=YES
    export CLANG_WARN_OBJC_ROOT_CLASS\=YES_ERROR
    export CLANG_WARN_QUOTED_INCLUDE_IN_FRAMEWORK_HEADER\=NO
    export CLANG_WARN_RANGE_LOOP_ANALYSIS\=YES
    export CLANG_WARN_STRICT_PROTOTYPES\=YES
    export CLANG_WARN_SUSPICIOUS_MOVE\=YES
    export CLANG_WARN_UNGUARDED_AVAILABILITY\=YES_AGGRESSIVE
    export CLANG_WARN_UNREACHABLE_CODE\=YES
    export CLANG_WARN__DUPLICATE_METHOD_MATCH\=YES
    export CLASS_FILE_DIR\=/Users/apple/Library/Developer/Xcode/DerivedData/Planmoni-fdypulhkiungwycuxcfoxcpgffow/Build/Intermediates.noindex/Pods.build/Debug-iphonesimulator/hermes-engine.build/JavaClasses
    export CLEAN_PRECOMPS\=YES
    export CLONE_HEADERS\=NO
    export CODESIGNING_FOLDER_PATH\=/Users/apple/Library/Developer/Xcode/DerivedData/Planmoni-fdypulhkiungwycuxcfoxcpgffow/Build/Products/Debug-iphonesimulator/hermes-engine/
    export CODE_SIGNING_ALLOWED\=NO
    export CODE_SIGNING_REQUIRED\=YES
    export CODE_SIGN_CONTEXT_CLASS\=XCiPhoneSimulatorCodeSignContext
    export CODE_SIGN_IDENTITY\=-
    export CODE_SIGN_INJECT_BASE_ENTITLEMENTS\=YES
    export COLOR_DIAGNOSTICS\=NO
    export COMBINE_HIDPI_IMAGES\=NO
    export COMPILATION_CACHE_KEEP_CAS_DIRECTORY\=YES
    export COMPILER_INDEX_STORE_ENABLE\=Default
    export COMPOSITE_SDK_DIRS\=/Users/apple/Library/Developer/Xcode/DerivedData/Planmoni-fdypulhkiungwycuxcfoxcpgffow/Build/Intermediates.noindex/CompositeSDKs
    export COMPRESS_PNG_FILES\=YES
    export CONFIGURATION\=Debug
    export CONFIGURATION_BUILD_DIR\=/Users/apple/Library/Developer/Xcode/DerivedData/Planmoni-fdypulhkiungwycuxcfoxcpgffow/Build/Products/Debug-iphonesimulator/hermes-engine
    export CONFIGURATION_TEMP_DIR\=/Users/apple/Library/Developer/Xcode/DerivedData/Planmoni-fdypulhkiungwycuxcfoxcpgffow/Build/Intermediates.noindex/Pods.build/Debug-iphonesimulator
    export COPYING_PRESERVES_HFS_DATA\=NO
    export COPY_HEADERS_RUN_UNIFDEF\=NO
    export COPY_PHASE_STRIP\=NO
    export CORRESPONDING_DEVICE_PLATFORM_DIR\=/Applications/Xcode.app/Contents/Developer/Platforms/iPhoneOS.platform
    export CORRESPONDING_DEVICE_PLATFORM_NAME\=iphoneos
    export CORRESPONDING_DEVICE_SDK_DIR\=/Applications/Xcode.app/Contents/Developer/Platforms/iPhoneOS.platform/Developer/SDKs/iPhoneOS17.5.sdk
    export CORRESPONDING_DEVICE_SDK_NAME\=iphoneos17.5
    export CP\=/bin/cp
    export CREATE_INFOPLIST_SECTION_IN_BINARY\=NO
    export CURRENT_ARCH\=undefined_arch
    export CURRENT_VARIANT\=normal
    export DEAD_CODE_STRIPPING\=YES
    export DEBUGGING_SYMBOLS\=YES
    export DEBUG_INFORMATION_FORMAT\=dwarf
    export DEFAULT_COMPILER\=com.apple.compilers.llvm.clang.1_0
    export DEFAULT_DEXT_INSTALL_PATH\=/System/Library/DriverExtensions
    export DEFAULT_KEXT_INSTALL_PATH\=/System/Library/Extensions
    export DEFINES_MODULE\=NO
    export DEPLOYMENT_LOCATION\=NO
    export DEPLOYMENT_POSTPROCESSING\=NO
    export DEPLOYMENT_TARGET_SETTING_NAME\=IPHONEOS_DEPLOYMENT_TARGET
    export DEPLOYMENT_TARGET_SUGGESTED_VALUES\=12.0\ 12.1\ 12.2\ 12.3\ 12.4\ 13.0\ 13.1\ 13.2\ 13.3\ 13.4\ 13.5\ 13.6\ 14.0\ 14.1\ 14.2\ 14.3\ 14.4\ 14.5\ 14.6\ 14.7\ 15.0\ 15.1\ 15.2\ 15.3\ 15.4\ 15.5\ 15.6\ 16.0\ 16.1\ 16.2\ 16.3\ 16.4\ 16.5\ 16.6\ 17.0\ 17.1\ 17.2\ 17.3\ 17.4\ 17.5
    export DERIVED_FILES_DIR\=/Users/apple/Library/Developer/Xcode/DerivedData/Planmoni-fdypulhkiungwycuxcfoxcpgffow/Build/Intermediates.noindex/Pods.build/Debug-iphonesimulator/hermes-engine.build/DerivedSources
    export DERIVED_FILE_DIR\=/Users/apple/Library/Developer/Xcode/DerivedData/Planmoni-fdypulhkiungwycuxcfoxcpgffow/Build/Intermediates.noindex/Pods.build/Debug-iphonesimulator/hermes-engine.build/DerivedSources
    export DERIVED_SOURCES_DIR\=/Users/apple/Library/Developer/Xcode/DerivedData/Planmoni-fdypulhkiungwycuxcfoxcpgffow/Build/Intermediates.noindex/Pods.build/Debug-iphonesimulator/hermes-engine.build/DerivedSources
    export DEVELOPER_APPLICATIONS_DIR\=/Applications/Xcode.app/Contents/Developer/Applications
    export DEVELOPER_BIN_DIR\=/Applications/Xcode.app/Contents/Developer/usr/bin
    export DEVELOPER_DIR\=/Applications/Xcode.app/Contents/Developer
    export DEVELOPER_FRAMEWORKS_DIR\=/Applications/Xcode.app/Contents/Developer/Library/Frameworks
    export DEVELOPER_FRAMEWORKS_DIR_QUOTED\=/Applications/Xcode.app/Contents/Developer/Library/Frameworks
    export DEVELOPER_LIBRARY_DIR\=/Applications/Xcode.app/Contents/Developer/Library
    export DEVELOPER_SDK_DIR\=/Applications/Xcode.app/Contents/Developer/Platforms/MacOSX.platform/Developer/SDKs
    export DEVELOPER_TOOLS_DIR\=/Applications/Xcode.app/Contents/Developer/Tools
    export DEVELOPER_USR_DIR\=/Applications/Xcode.app/Contents/Developer/usr
    export DEVELOPMENT_LANGUAGE\=en
    export DIFF\=/usr/bin/diff
    export DONT_GENERATE_INFOPLIST_FILE\=NO
    export DO_HEADER_SCANNING_IN_JAM\=NO
    export DSTROOT\=/tmp/Pods.dst
    export DT_TOOLCHAIN_DIR\=/Applications/Xcode.app/Contents/Developer/Toolchains/XcodeDefault.xctoolchain
    export DWARF_DSYM_FILE_NAME\=.dSYM
    export DWARF_DSYM_FILE_SHOULD_ACCOMPANY_PRODUCT\=NO
    export DWARF_DSYM_FOLDER_PATH\=/Users/apple/Library/Developer/Xcode/DerivedData/Planmoni-fdypulhkiungwycuxcfoxcpgffow/Build/Products/Debug-iphonesimulator/hermes-engine
    export DYNAMIC_LIBRARY_EXTENSION\=dylib
    export EAGER_LINKING\=NO
    export EFFECTIVE_PLATFORM_NAME\=-iphonesimulator
    export EMBEDDED_CONTENT_CONTAINS_SWIFT\=NO
    export EMBED_ASSET_PACKS_IN_PRODUCT_BUNDLE\=NO
    export ENABLE_APP_SANDBOX\=NO
    export ENABLE_BITCODE\=NO
    export ENABLE_CODE_COVERAGE\=YES
    export ENABLE_DEFAULT_HEADER_SEARCH_PATHS\=YES
    export ENABLE_DEFAULT_SEARCH_PATHS\=YES
    export ENABLE_HARDENED_RUNTIME\=NO
    export ENABLE_HEADER_DEPENDENCIES\=YES
    export ENABLE_ON_DEMAND_RESOURCES\=NO
    export ENABLE_PREVIEWS\=NO
    export ENABLE_STRICT_OBJC_MSGSEND\=YES
    export ENABLE_TESTABILITY\=YES
    export ENABLE_TESTING_SEARCH_PATHS\=NO
    export ENABLE_USER_SCRIPT_SANDBOXING\=NO
    export ENABLE_XOJIT_PREVIEWS\=NO
    export ENTITLEMENTS_DESTINATION\=__entitlements
    export ENTITLEMENTS_REQUIRED\=YES
    export EXCLUDED_INSTALLSRC_SUBDIRECTORY_PATTERNS\=.DS_Store\ .svn\ .git\ .hg\ CVS
    export EXCLUDED_RECURSIVE_SEARCH_PATH_SUBDIRECTORIES\=\*.nib\ \*.lproj\ \*.framework\ \*.gch\ \*.xcode\*\ \*.xcassets\ \(\*\)\ .DS_Store\ CVS\ .svn\ .git\ .hg\ \*.pbproj\ \*.pbxproj
    export FILE_LIST\=/Users/apple/Library/Developer/Xcode/DerivedData/Planmoni-fdypulhkiungwycuxcfoxcpgffow/Build/Intermediates.noindex/Pods.build/Debug-iphonesimulator/hermes-engine.build/Objects/LinkFileList
    export FIXED_FILES_DIR\=/Users/apple/Library/Developer/Xcode/DerivedData/Planmoni-fdypulhkiungwycuxcfoxcpgffow/Build/Intermediates.noindex/Pods.build/Debug-iphonesimulator/hermes-engine.build/FixedFiles
    export FRAMEWORK_SEARCH_PATHS\=\ \"/Users/apple/Plnmo/app/ios/Pods/hermes-engine/destroot/Library/Frameworks/universal\"\ \"/Users/apple/Library/Developer/Xcode/DerivedData/Planmoni-fdypulhkiungwycuxcfoxcpgffow/Build/Products/Debug-iphonesimulator/XCFrameworkIntermediates/hermes-engine/Pre-built\"
    export FRAMEWORK_VERSION\=A
    export FUSE_BUILD_PHASES\=YES
    export FUSE_BUILD_SCRIPT_PHASES\=NO
    export GCC3_VERSION\=3.3
    export GCC_C_LANGUAGE_STANDARD\=gnu11
    export GCC_DYNAMIC_NO_PIC\=NO
    export GCC_NO_COMMON_BLOCKS\=YES
    export GCC_OBJC_LEGACY_DISPATCH\=YES
    export GCC_OPTIMIZATION_LEVEL\=0
    export GCC_PFE_FILE_C_DIALECTS\=c\ objective-c\ c++\ objective-c++
    export GCC_PREPROCESSOR_DEFINITIONS\=POD_CONFIGURATION_DEBUG\=1\ DEBUG\=1\ \ COCOAPODS\=1\ HERMES_ENABLE_DEBUGGER\=1
    export GCC_TREAT_WARNINGS_AS_ERRORS\=NO
    export GCC_VERSION\=com.apple.compilers.llvm.clang.1_0
    export GCC_VERSION_IDENTIFIER\=com_apple_compilers_llvm_clang_1_0
    export GCC_WARN_64_TO_32_BIT_CONVERSION\=YES
    export GCC_WARN_ABOUT_RETURN_TYPE\=YES_ERROR
    export GCC_WARN_INHIBIT_ALL_WARNINGS\=YES
    export GCC_WARN_UNDECLARED_SELECTOR\=YES
    export GCC_WARN_UNINITIALIZED_AUTOS\=YES_AGGRESSIVE
    export GCC_WARN_UNUSED_FUNCTION\=YES
    export GCC_WARN_UNUSED_VARIABLE\=YES
    export GENERATED_MODULEMAP_DIR\=/Users/apple/Library/Developer/Xcode/DerivedData/Planmoni-fdypulhkiungwycuxcfoxcpgffow/Build/Intermediates.noindex/GeneratedModuleMaps-iphonesimulator
    export GENERATE_INFOPLIST_FILE\=NO
    export GENERATE_INTERMEDIATE_TEXT_BASED_STUBS\=YES
    export GENERATE_MASTER_OBJECT_FILE\=NO
    export GENERATE_PKGINFO_FILE\=NO
    export GENERATE_PROFILING_CODE\=NO
    export GENERATE_TEXT_BASED_STUBS\=NO
    export GID\=20
    export GROUP\=staff
    export HEADERMAP_INCLUDES_FLAT_ENTRIES_FOR_TARGET_BEING_BUILT\=YES
    export HEADERMAP_INCLUDES_FRAMEWORK_ENTRIES_FOR_ALL_PRODUCT_TYPES\=YES
    export HEADERMAP_INCLUDES_NONPUBLIC_NONPRIVATE_HEADERS\=YES
    export HEADERMAP_INCLUDES_PROJECT_HEADERS\=YES
    export HEADERMAP_USES_FRAMEWORK_PREFIX_ENTRIES\=YES
    export HEADERMAP_USES_VFS\=NO
    export HEADER_SEARCH_PATHS\=\ \"/Users/apple/Plnmo/app/ios/Pods/Headers/Private\"\ \"/Users/apple/Plnmo/app/ios/Pods/Headers/Private/hermes-engine\"\ \"/Users/apple/Plnmo/app/ios/Pods/Headers/Public\"\ \"/Users/apple/Plnmo/app/ios/Pods/Headers/Public/hermes-engine\"
    export HIDE_BITCODE_SYMBOLS\=YES
    export HOME\=/Users/apple
    export HOST_ARCH\=arm64
    export HOST_PLATFORM\=macosx
    export ICONV\=/usr/bin/iconv
    export INFOPLIST_ENABLE_CFBUNDLEICONS_MERGE\=YES
    export INFOPLIST_EXPAND_BUILD_SETTINGS\=YES
    export INFOPLIST_OUTPUT_FORMAT\=binary
    export INFOPLIST_PREPROCESS\=NO
    export INLINE_PRIVATE_FRAMEWORKS\=NO
    export INSTALLHDRS_COPY_PHASE\=NO
    export INSTALLHDRS_SCRIPT_PHASE\=NO
    export INSTALL_DIR\=/tmp/Pods.dst
    export INSTALL_GROUP\=staff
    export INSTALL_MODE_FLAG\=u+w,go-w,a+rX
    export INSTALL_OWNER\=apple
    export INSTALL_ROOT\=/tmp/Pods.dst
    export IPHONEOS_DEPLOYMENT_TARGET\=15.1
    export IS_UNOPTIMIZED_BUILD\=YES
    export JAVAC_DEFAULT_FLAGS\=-J-Xms64m\ -J-XX:NewSize\=4M\ -J-Dfile.encoding\=UTF8
    export JAVA_APP_STUB\=/System/Library/Frameworks/JavaVM.framework/Resources/MacOS/JavaApplicationStub
    export JAVA_ARCHIVE_CLASSES\=YES
    export JAVA_ARCHIVE_TYPE\=JAR
    export JAVA_COMPILER\=/usr/bin/javac
    export JAVA_FRAMEWORK_RESOURCES_DIRS\=Resources
    export JAVA_JAR_FLAGS\=cv
    export JAVA_SOURCE_SUBDIR\=.
    export JAVA_USE_DEPENDENCIES\=YES
    export JAVA_ZIP_FLAGS\=-urg
    export JIKES_DEFAULT_FLAGS\=+E\ +OLDCSO
    export KEEP_PRIVATE_EXTERNS\=NO
    export LD_DEPENDENCY_INFO_FILE\=/Users/apple/Library/Developer/Xcode/DerivedData/Planmoni-fdypulhkiungwycuxcfoxcpgffow/Build/Intermediates.noindex/Pods.build/Debug-iphonesimulator/hermes-engine.build/Objects-normal/undefined_arch/hermes-engine_dependency_info.dat
    export LD_EXPORT_SYMBOLS\=YES
    export LD_GENERATE_MAP_FILE\=NO
    export LD_MAP_FILE_PATH\=/Users/apple/Library/Developer/Xcode/DerivedData/Planmoni-fdypulhkiungwycuxcfoxcpgffow/Build/Intermediates.noindex/Pods.build/Debug-iphonesimulator/hermes-engine.build/hermes-engine-LinkMap-normal-undefined_arch.txt
    export LD_NO_PIE\=NO
    export LD_QUOTE_LINKER_ARGUMENTS_FOR_COMPILER_DRIVER\=YES
    export LD_RUNPATH_SEARCH_PATHS\=\ @executable_path/Frameworks
    export LEGACY_DEVELOPER_DIR\=/Applications/Xcode.app/Contents/PlugIns/Xcode3Core.ideplugin/Contents/SharedSupport/Developer
    export LEX\=lex
    export LIBRARY_DEXT_INSTALL_PATH\=/Library/DriverExtensions
    export LIBRARY_FLAG_NOSPACE\=YES
    export LIBRARY_KEXT_INSTALL_PATH\=/Library/Extensions
    export LINKER_DISPLAYS_MANGLED_NAMES\=NO
    export LINK_FILE_LIST_normal_arm64\=/Users/apple/Library/Developer/Xcode/DerivedData/Planmoni-fdypulhkiungwycuxcfoxcpgffow/Build/Intermediates.noindex/Pods.build/Debug-iphonesimulator/hermes-engine.build/Objects-normal/arm64/hermes-engine.LinkFileList
    export LINK_OBJC_RUNTIME\=YES
    export LINK_WITH_STANDARD_LIBRARIES\=YES
    export LLVM_TARGET_TRIPLE_OS_VERSION\=ios15.1
    export LLVM_TARGET_TRIPLE_SUFFIX\=-simulator
    export LLVM_TARGET_TRIPLE_VENDOR\=apple
    export LM_AUX_CONST_METADATA_LIST_PATH_normal_arm64\=/Users/apple/Library/Developer/Xcode/DerivedData/Planmoni-fdypulhkiungwycuxcfoxcpgffow/Build/Intermediates.noindex/Pods.build/Debug-iphonesimulator/hermes-engine.build/Objects-normal/arm64/hermes-engine.SwiftConstValuesFileList
    export LOCALIZATION_EXPORT_SUPPORTED\=YES
    export LOCALIZATION_PREFERS_STRING_CATALOGS\=NO
    export LOCALIZED_STRING_MACRO_NAMES\=NSLocalizedString\ CFCopyLocalizedString
    export LOCALIZED_STRING_SWIFTUI_SUPPORT\=YES
    export LOCAL_ADMIN_APPS_DIR\=/Applications/Utilities
    export LOCAL_APPS_DIR\=/Applications
    export LOCAL_DEVELOPER_DIR\=/Library/Developer
    export LOCAL_LIBRARY_DIR\=/Library
    export LOCROOT\=/Users/apple/Plnmo/app/ios/Pods
    export LOCSYMROOT\=/Users/apple/Plnmo/app/ios/Pods
    export MAC_OS_X_PRODUCT_BUILD_VERSION\=23F79
    export MAC_OS_X_VERSION_ACTUAL\=140500
    export MAC_OS_X_VERSION_MAJOR\=140000
    export MAC_OS_X_VERSION_MINOR\=140500
    export MAKE_MERGEABLE\=NO
    export MERGEABLE_LIBRARY\=NO
    export MERGED_BINARY_TYPE\=none
    export MERGE_LINKED_LIBRARIES\=NO
    export METAL_LIBRARY_FILE_BASE\=default
    export METAL_LIBRARY_OUTPUT_DIR\=/Users/apple/Library/Developer/Xcode/DerivedData/Planmoni-fdypulhkiungwycuxcfoxcpgffow/Build/Products/Debug-iphonesimulator/hermes-engine/
    export MODULE_CACHE_DIR\=/Users/apple/Library/Developer/Xcode/DerivedData/ModuleCache.noindex
    export MTL_ENABLE_DEBUG_INFO\=INCLUDE_SOURCE
    export MTL_FAST_MATH\=YES
    export NATIVE_ARCH\=arm64
    export NATIVE_ARCH_32_BIT\=arm
    export NATIVE_ARCH_64_BIT\=arm64
    export NATIVE_ARCH_ACTUAL\=arm64
    export NO_COMMON\=YES
    export OBJC_ABI_VERSION\=2
    export OBJECT_FILE_DIR\=/Users/apple/Library/Developer/Xcode/DerivedData/Planmoni-fdypulhkiungwycuxcfoxcpgffow/Build/Intermediates.noindex/Pods.build/Debug-iphonesimulator/hermes-engine.build/Objects
    export OBJECT_FILE_DIR_normal\=/Users/apple/Library/Developer/Xcode/DerivedData/Planmoni-fdypulhkiungwycuxcfoxcpgffow/Build/Intermediates.noindex/Pods.build/Debug-iphonesimulator/hermes-engine.build/Objects-normal
    export OBJROOT\=/Users/apple/Library/Developer/Xcode/DerivedData/Planmoni-fdypulhkiungwycuxcfoxcpgffow/Build/Intermediates.noindex
    export ONLY_ACTIVE_ARCH\=YES
    export OS\=MACOS
    export OSAC\=/usr/bin/osacompile
    export OTHER_LDFLAGS\=\ \ 
    export PASCAL_STRINGS\=YES
    export PATH\=/Applications/Xcode.app/Contents/SharedFrameworks/XCBuild.framework/Versions/A/PlugIns/XCBBuildService.bundle/Contents/PlugIns/XCBSpecifications.ideplugin/Contents/Resources:/Applications/Xcode.app/Contents/SharedFrameworks/XCBuild.framework/Versions/A/PlugIns/XCBBuildService.bundle/Contents/PlugIns/XCBSpecifications.ideplugin:/Applications/Xcode.app/Contents/Developer/Toolchains/XcodeDefault.xctoolchain/usr/bin:/Applications/Xcode.app/Contents/Developer/Toolchains/XcodeDefault.xctoolchain/usr/appleinternal/bin:/Applications/Xcode.app/Contents/Developer/Toolchains/XcodeDefault.xctoolchain/usr/local/bin:/Applications/Xcode.app/Contents/Developer/Toolchains/XcodeDefault.xctoolchain/usr/libexec:/Applications/Xcode.app/Contents/Developer/Platforms/iPhoneSimulator.platform/usr/bin:/Applications/Xcode.app/Contents/Developer/Platforms/iPhoneSimulator.platform/usr/appleinternal/bin:/Applications/Xcode.app/Contents/Developer/Platforms/iPhoneSimulator.platform/usr/local/bin:/Applications/Xcode.app/Contents/Developer/Platforms/iPhoneSimulator.platform/Developer/usr/bin:/Applications/Xcode.app/Contents/Developer/Platforms/iPhoneSimulator.platform/Developer/usr/local/bin:/Applications/Xcode.app/Contents/Developer/usr/bin:/Applications/Xcode.app/Contents/Developer/usr/local/bin:/Users/apple/.gem/bin:/Users/apple/development/flutter/bin:/opt/homebrew/bin:/opt/homebrew/sbin:/usr/local/bin:/System/Cryptexes/App/usr/bin:/usr/bin:/bin:/usr/sbin:/sbin:/var/run/com.apple.security.cryptexd/codex.system/bootstrap/usr/local/bin:/var/run/com.apple.security.cryptexd/codex.system/bootstrap/usr/bin:/var/run/com.apple.security.cryptexd/codex.system/bootstrap/usr/appleinternal/bin:/Library/Apple/usr/bin:/Applications/VMware\ Fusion.app/Contents/Public
    export PATH_PREFIXES_EXCLUDED_FROM_HEADER_DEPENDENCIES\=/usr/include\ /usr/local/include\ /System/Library/Frameworks\ /System/Library/PrivateFrameworks\ /Applications/Xcode.app/Contents/Developer/Headers\ /Applications/Xcode.app/Contents/Developer/SDKs\ /Applications/Xcode.app/Contents/Developer/Platforms
    export PER_ARCH_OBJECT_FILE_DIR\=/Users/apple/Library/Developer/Xcode/DerivedData/Planmoni-fdypulhkiungwycuxcfoxcpgffow/Build/Intermediates.noindex/Pods.build/Debug-iphonesimulator/hermes-engine.build/Objects-normal/undefined_arch
    export PER_VARIANT_OBJECT_FILE_DIR\=/Users/apple/Library/Developer/Xcode/DerivedData/Planmoni-fdypulhkiungwycuxcfoxcpgffow/Build/Intermediates.noindex/Pods.build/Debug-iphonesimulator/hermes-engine.build/Objects-normal
    export PKGINFO_FILE_PATH\=/Users/apple/Library/Developer/Xcode/DerivedData/Planmoni-fdypulhkiungwycuxcfoxcpgffow/Build/Intermediates.noindex/Pods.build/Debug-iphonesimulator/hermes-engine.build/PkgInfo
    export PLATFORM_DEVELOPER_APPLICATIONS_DIR\=/Applications/Xcode.app/Contents/Developer/Platforms/iPhoneSimulator.platform/Developer/Applications
    export PLATFORM_DEVELOPER_BIN_DIR\=/Applications/Xcode.app/Contents/Developer/Platforms/iPhoneSimulator.platform/Developer/usr/bin
    export PLATFORM_DEVELOPER_LIBRARY_DIR\=/Applications/Xcode.app/Contents/Developer/Platforms/iPhoneSimulator.platform/Developer/Library
    export PLATFORM_DEVELOPER_SDK_DIR\=/Applications/Xcode.app/Contents/Developer/Platforms/iPhoneSimulator.platform/Developer/SDKs
    export PLATFORM_DEVELOPER_TOOLS_DIR\=/Applications/Xcode.app/Contents/Developer/Platforms/iPhoneSimulator.platform/Developer/Tools
    export PLATFORM_DEVELOPER_USR_DIR\=/Applications/Xcode.app/Contents/Developer/Platforms/iPhoneSimulator.platform/Developer/usr
    export PLATFORM_DIR\=/Applications/Xcode.app/Contents/Developer/Platforms/iPhoneSimulator.platform
    export PLATFORM_DISPLAY_NAME\=iOS\ Simulator
    export PLATFORM_FAMILY_NAME\=iOS
    export PLATFORM_NAME\=iphonesimulator
    export PLATFORM_PREFERRED_ARCH\=x86_64
    export PLATFORM_PRODUCT_BUILD_VERSION\=21F77
    export PLIST_FILE_OUTPUT_FORMAT\=binary
    export PODS_BUILD_DIR\=/Users/apple/Library/Developer/Xcode/DerivedData/Planmoni-fdypulhkiungwycuxcfoxcpgffow/Build/Products
    export PODS_CONFIGURATION_BUILD_DIR\=/Users/apple/Library/Developer/Xcode/DerivedData/Planmoni-fdypulhkiungwycuxcfoxcpgffow/Build/Products/Debug-iphonesimulator
    export PODS_DEVELOPMENT_LANGUAGE\=en
    export PODS_ROOT\=/Users/apple/Plnmo/app/ios/Pods
    export PODS_TARGET_SRCROOT\=/Users/apple/Plnmo/app/ios/Pods/hermes-engine
    export PODS_XCFRAMEWORKS_BUILD_DIR\=/Users/apple/Library/Developer/Xcode/DerivedData/Planmoni-fdypulhkiungwycuxcfoxcpgffow/Build/Products/Debug-iphonesimulator/XCFrameworkIntermediates
    export PRECOMPS_INCLUDE_HEADERS_FROM_BUILT_PRODUCTS_DIR\=YES
    export PRECOMP_DESTINATION_DIR\=/Users/apple/Library/Developer/Xcode/DerivedData/Planmoni-fdypulhkiungwycuxcfoxcpgffow/Build/Intermediates.noindex/Pods.build/Debug-iphonesimulator/hermes-engine.build/PrefixHeaders
    export PRESERVE_DEAD_CODE_INITS_AND_TERMS\=NO
    export PROCESSED_INFOPLIST_PATH\=/Users/apple/Library/Developer/Xcode/DerivedData/Planmoni-fdypulhkiungwycuxcfoxcpgffow/Build/Intermediates.noindex/Pods.build/Debug-iphonesimulator/hermes-engine.build/Objects-normal/undefined_arch/Processed-Info.plist
    export PRODUCT_BUNDLE_IDENTIFIER\=org.cocoapods.hermes-engine
    export PRODUCT_MODULE_NAME\=hermes_engine
    export PRODUCT_NAME\=hermes-engine
    export PRODUCT_SETTINGS_PATH\=
    export PROFILING_CODE\=NO
    export PROJECT\=Pods
    export PROJECT_DERIVED_FILE_DIR\=/Users/apple/Library/Developer/Xcode/DerivedData/Planmoni-fdypulhkiungwycuxcfoxcpgffow/Build/Intermediates.noindex/Pods.build/DerivedSources
    export PROJECT_DIR\=/Users/apple/Plnmo/app/ios/Pods
    export PROJECT_FILE_PATH\=/Users/apple/Plnmo/app/ios/Pods/Pods.xcodeproj
    export PROJECT_NAME\=Pods
    export PROJECT_TEMP_DIR\=/Users/apple/Library/Developer/Xcode/DerivedData/Planmoni-fdypulhkiungwycuxcfoxcpgffow/Build/Intermediates.noindex/Pods.build
    export PROJECT_TEMP_ROOT\=/Users/apple/Library/Developer/Xcode/DerivedData/Planmoni-fdypulhkiungwycuxcfoxcpgffow/Build/Intermediates.noindex
    export REACT_NATIVE_PATH\=/Users/apple/Plnmo/app/ios/Pods/../../node_modules/react-native
    export RECOMMENDED_IPHONEOS_DEPLOYMENT_TARGET\=12.5
    export RECURSIVE_SEARCH_PATHS_FOLLOW_SYMLINKS\=YES
    export REMOVE_CVS_FROM_RESOURCES\=YES
    export REMOVE_GIT_FROM_RESOURCES\=YES
    export REMOVE_HEADERS_FROM_EMBEDDED_BUNDLES\=YES
    export REMOVE_HG_FROM_RESOURCES\=YES
    export REMOVE_STATIC_EXECUTABLES_FROM_EMBEDDED_BUNDLES\=YES
    export REMOVE_SVN_FROM_RESOURCES\=YES
    export REZ_COLLECTOR_DIR\=/Users/apple/Library/Developer/Xcode/DerivedData/Planmoni-fdypulhkiungwycuxcfoxcpgffow/Build/Intermediates.noindex/Pods.build/Debug-iphonesimulator/hermes-engine.build/ResourceManagerResources
    export REZ_OBJECTS_DIR\=/Users/apple/Library/Developer/Xcode/DerivedData/Planmoni-fdypulhkiungwycuxcfoxcpgffow/Build/Intermediates.noindex/Pods.build/Debug-iphonesimulator/hermes-engine.build/ResourceManagerResources/Objects
    export SCAN_ALL_SOURCE_FILES_FOR_INCLUDES\=NO
    export SCRIPT_INPUT_FILE_COUNT\=0
    export SCRIPT_INPUT_FILE_LIST_COUNT\=0
    export SCRIPT_OUTPUT_FILE_COUNT\=0
    export SCRIPT_OUTPUT_FILE_LIST_COUNT\=0
    export SDKROOT\=/Applications/Xcode.app/Contents/Developer/Platforms/iPhoneSimulator.platform/Developer/SDKs/iPhoneSimulator17.5.sdk
    export SDK_DIR\=/Applications/Xcode.app/Contents/Developer/Platforms/iPhoneSimulator.platform/Developer/SDKs/iPhoneSimulator17.5.sdk
    export SDK_DIR_iphonesimulator\=/Applications/Xcode.app/Contents/Developer/Platforms/iPhoneSimulator.platform/Developer/SDKs/iPhoneSimulator17.5.sdk
    export SDK_DIR_iphonesimulator17_5\=/Applications/Xcode.app/Contents/Developer/Platforms/iPhoneSimulator.platform/Developer/SDKs/iPhoneSimulator17.5.sdk
    export SDK_NAME\=iphonesimulator17.5
    export SDK_NAMES\=iphonesimulator17.5
    export SDK_PRODUCT_BUILD_VERSION\=21F77
    export SDK_STAT_CACHE_DIR\=/Users/apple/Library/Developer/Xcode/DerivedData
    export SDK_STAT_CACHE_ENABLE\=YES
    export SDK_STAT_CACHE_PATH\=/Users/apple/Library/Developer/Xcode/DerivedData/SDKStatCaches.noindex/iphonesimulator17.5-21F77-c098706a9f71eba4e76ae92ab367209a.sdkstatcache
    export SDK_VERSION\=17.5
    export SDK_VERSION_ACTUAL\=170500
    export SDK_VERSION_MAJOR\=170000
    export SDK_VERSION_MINOR\=170500
    export SED\=/usr/bin/sed
    export SEPARATE_STRIP\=NO
    export SEPARATE_SYMBOL_EDIT\=NO
    export SET_DIR_MODE_OWNER_GROUP\=YES
    export SET_FILE_MODE_OWNER_GROUP\=NO
    export SHALLOW_BUNDLE\=NO
    export SHARED_DERIVED_FILE_DIR\=/Users/apple/Library/Developer/Xcode/DerivedData/Planmoni-fdypulhkiungwycuxcfoxcpgffow/Build/Products/Debug-iphonesimulator/hermes-engine/DerivedSources
    export SHARED_PRECOMPS_DIR\=/Users/apple/Library/Developer/Xcode/DerivedData/Planmoni-fdypulhkiungwycuxcfoxcpgffow/Build/Intermediates.noindex/PrecompiledHeaders
    export SKIP_INSTALL\=YES
    export SOURCE_ROOT\=/Users/apple/Plnmo/app/ios/Pods
    export SRCROOT\=/Users/apple/Plnmo/app/ios/Pods
    export STRINGSDATA_DIR\=/Users/apple/Library/Developer/Xcode/DerivedData/Planmoni-fdypulhkiungwycuxcfoxcpgffow/Build/Intermediates.noindex/Pods.build/Debug-iphonesimulator/hermes-engine.build/Objects-normal/undefined_arch
    export STRINGSDATA_ROOT\=/Users/apple/Library/Developer/Xcode/DerivedData/Planmoni-fdypulhkiungwycuxcfoxcpgffow/Build/Intermediates.noindex/Pods.build/Debug-iphonesimulator/hermes-engine.build
    export STRINGS_FILE_INFOPLIST_RENAME\=YES
    export STRINGS_FILE_OUTPUT_ENCODING\=binary
    export STRIP_BITCODE_FROM_COPIED_FILES\=NO
    export STRIP_INSTALLED_PRODUCT\=NO
    export STRIP_STYLE\=all
    export STRIP_SWIFT_SYMBOLS\=YES
    export SUPPORTED_DEVICE_FAMILIES\=1,2
    export SUPPORTED_PLATFORMS\=iphoneos\ iphonesimulator
    export SUPPORTS_TEXT_BASED_API\=NO
    export SUPPRESS_WARNINGS\=NO
    export SWIFT_ACTIVE_COMPILATION_CONDITIONS\=\ DEBUG
    export SWIFT_EMIT_LOC_STRINGS\=NO
    export SWIFT_OPTIMIZATION_LEVEL\=-Onone
    export SWIFT_PLATFORM_TARGET_PREFIX\=ios
    export SWIFT_RESPONSE_FILE_PATH_normal_arm64\=/Users/apple/Library/Developer/Xcode/DerivedData/Planmoni-fdypulhkiungwycuxcfoxcpgffow/Build/Intermediates.noindex/Pods.build/Debug-iphonesimulator/hermes-engine.build/Objects-normal/arm64/hermes-engine.SwiftFileList
    export SWIFT_VERSION\=5.0
    export SYMROOT\=/Users/apple/Library/Developer/Xcode/DerivedData/Planmoni-fdypulhkiungwycuxcfoxcpgffow/Build/Products
    export SYSTEM_ADMIN_APPS_DIR\=/Applications/Utilities
    export SYSTEM_APPS_DIR\=/Applications
    export SYSTEM_CORE_SERVICES_DIR\=/System/Library/CoreServices
    export SYSTEM_DEMOS_DIR\=/Applications/Extras
    export SYSTEM_DEVELOPER_APPS_DIR\=/Applications/Xcode.app/Contents/Developer/Applications
    export SYSTEM_DEVELOPER_BIN_DIR\=/Applications/Xcode.app/Contents/Developer/usr/bin
    export SYSTEM_DEVELOPER_DEMOS_DIR\=/Applications/Xcode.app/Contents/Developer/Applications/Utilities/Built\ Examples
    export SYSTEM_DEVELOPER_DIR\=/Applications/Xcode.app/Contents/Developer
    export SYSTEM_DEVELOPER_DOC_DIR\=/Applications/Xcode.app/Contents/Developer/ADC\ Reference\ Library
    export SYSTEM_DEVELOPER_GRAPHICS_TOOLS_DIR\=/Applications/Xcode.app/Contents/Developer/Applications/Graphics\ Tools
    export SYSTEM_DEVELOPER_JAVA_TOOLS_DIR\=/Applications/Xcode.app/Contents/Developer/Applications/Java\ Tools
    export SYSTEM_DEVELOPER_PERFORMANCE_TOOLS_DIR\=/Applications/Xcode.app/Contents/Developer/Applications/Performance\ Tools
    export SYSTEM_DEVELOPER_RELEASENOTES_DIR\=/Applications/Xcode.app/Contents/Developer/ADC\ Reference\ Library/releasenotes
    export SYSTEM_DEVELOPER_TOOLS\=/Applications/Xcode.app/Contents/Developer/Tools
    export SYSTEM_DEVELOPER_TOOLS_DOC_DIR\=/Applications/Xcode.app/Contents/Developer/ADC\ Reference\ Library/documentation/DeveloperTools
    export SYSTEM_DEVELOPER_TOOLS_RELEASENOTES_DIR\=/Applications/Xcode.app/Contents/Developer/ADC\ Reference\ Library/releasenotes/DeveloperTools
    export SYSTEM_DEVELOPER_USR_DIR\=/Applications/Xcode.app/Contents/Developer/usr
    export SYSTEM_DEVELOPER_UTILITIES_DIR\=/Applications/Xcode.app/Contents/Developer/Applications/Utilities
    export SYSTEM_DEXT_INSTALL_PATH\=/System/Library/DriverExtensions
    export SYSTEM_DOCUMENTATION_DIR\=/Library/Documentation
    export SYSTEM_KEXT_INSTALL_PATH\=/System/Library/Extensions
    export SYSTEM_LIBRARY_DIR\=/System/Library
    export TAPI_DEMANGLE\=YES
    export TAPI_ENABLE_PROJECT_HEADERS\=NO
    export TAPI_LANGUAGE\=objective-c
    export TAPI_LANGUAGE_STANDARD\=compiler-default
    export TAPI_USE_SRCROOT\=YES
    export TAPI_VERIFY_MODE\=Pedantic
    export TARGETED_DEVICE_FAMILY\=1,2
    export TARGETNAME\=hermes-engine
    export TARGET_BUILD_DIR\=/Users/apple/Library/Developer/Xcode/DerivedData/Planmoni-fdypulhkiungwycuxcfoxcpgffow/Build/Products/Debug-iphonesimulator/hermes-engine
    export TARGET_DEVICE_IDENTIFIER\=2898BCB4-256C-4A0D-82F1-572E772951CB
    export TARGET_DEVICE_MODEL\=iPhone16,1
    export TARGET_DEVICE_OS_VERSION\=17.5
    export TARGET_DEVICE_PLATFORM_NAME\=iphonesimulator
    export TARGET_NAME\=hermes-engine
    export TARGET_TEMP_DIR\=/Users/apple/Library/Developer/Xcode/DerivedData/Planmoni-fdypulhkiungwycuxcfoxcpgffow/Build/Intermediates.noindex/Pods.build/Debug-iphonesimulator/hermes-engine.build
    export TEMP_DIR\=/Users/apple/Library/Developer/Xcode/DerivedData/Planmoni-fdypulhkiungwycuxcfoxcpgffow/Build/Intermediates.noindex/Pods.build/Debug-iphonesimulator/hermes-engine.build
    export TEMP_FILES_DIR\=/Users/apple/Library/Developer/Xcode/DerivedData/Planmoni-fdypulhkiungwycuxcfoxcpgffow/Build/Intermediates.noindex/Pods.build/Debug-iphonesimulator/hermes-engine.build
    export TEMP_FILE_DIR\=/Users/apple/Library/Developer/Xcode/DerivedData/Planmoni-fdypulhkiungwycuxcfoxcpgffow/Build/Intermediates.noindex/Pods.build/Debug-iphonesimulator/hermes-engine.build
    export TEMP_ROOT\=/Users/apple/Library/Developer/Xcode/DerivedData/Planmoni-fdypulhkiungwycuxcfoxcpgffow/Build/Intermediates.noindex
    export TEST_FRAMEWORK_SEARCH_PATHS\=\ /Applications/Xcode.app/Contents/Developer/Platforms/iPhoneSimulator.platform/Developer/Library/Frameworks\ /Applications/Xcode.app/Contents/Developer/Platforms/iPhoneSimulator.platform/Developer/SDKs/iPhoneSimulator17.5.sdk/Developer/Library/Frameworks
    export TEST_LIBRARY_SEARCH_PATHS\=\ /Applications/Xcode.app/Contents/Developer/Platforms/iPhoneSimulator.platform/Developer/usr/lib
    export TOOLCHAINS\=com.apple.dt.toolchain.XcodeDefault
    export TOOLCHAIN_DIR\=/Applications/Xcode.app/Contents/Developer/Toolchains/XcodeDefault.xctoolchain
    export TREAT_MISSING_BASELINES_AS_TEST_FAILURES\=NO
    export UID\=501
    export UNINSTALLED_PRODUCTS_DIR\=/Users/apple/Library/Developer/Xcode/DerivedData/Planmoni-fdypulhkiungwycuxcfoxcpgffow/Build/Intermediates.noindex/UninstalledProducts
    export UNSTRIPPED_PRODUCT\=NO
    export USER\=apple
    export USER_APPS_DIR\=/Users/apple/Applications
    export USER_LIBRARY_DIR\=/Users/apple/Library
    export USE_DYNAMIC_NO_PIC\=YES
    export USE_HEADERMAP\=YES
    export USE_HEADER_SYMLINKS\=NO
    export USE_HERMES\=true
    export USE_RECURSIVE_SCRIPT_INPUTS_IN_SCRIPT_PHASES\=YES
    export VALIDATE_DEVELOPMENT_ASSET_PATHS\=YES_ERROR
    export VALIDATE_PRODUCT\=NO
    export VALID_ARCHS\=arm64\ arm64e\ i386\ x86_64
    export VERBOSE_PBXCP\=NO
    export VERSION_INFO_BUILDER\=apple
    export VERSION_INFO_FILE\=hermes-engine_vers.c
    export VERSION_INFO_STRING\=\"@\(\#\)PROGRAM:hermes-engine\ \ PROJECT:Pods-\"
    export WRAP_ASSET_PACKS_IN_SEPARATE_DIRECTORIES\=NO
    export XCODE_APP_SUPPORT_DIR\=/Applications/Xcode.app/Contents/Developer/Library/Xcode
    export XCODE_PRODUCT_BUILD_VERSION\=15F31d
    export XCODE_VERSION_ACTUAL\=1540
    export XCODE_VERSION_MAJOR\=1500
    export XCODE_VERSION_MINOR\=1540
    export XPCSERVICES_FOLDER_PATH\=/XPCServices
    export YACC\=yacc
    export arch\=undefined_arch
    export variant\=normal
    /bin/sh -c /Users/apple/Library/Developer/Xcode/DerivedData/Planmoni-fdypulhkiungwycuxcfoxcpgffow/Build/Intermediates.noindex/Pods.build/Debug-iphonesimulator/hermes-engine.build/Script-46EB2E000374C0.sh
Node found at: /usr/local/bin/node
No previous build detected, but Debug Configuration. No need to replace Hermes engine

note: Run script build phase '[CP-User] [RN]Check FBReactNativeSpec' will be run during every build because the option to run the script phase "Based on dependency analysis" is unchecked. (in target 'React-RCTFBReactNativeSpec' from project 'Pods')
PhaseScriptExecution [CP-User]\ [RN]Check\ FBReactNativeSpec /Users/apple/Library/Developer/Xcode/DerivedData/Planmoni-fdypulhkiungwycuxcfoxcpgffow/Build/Intermediates.noindex/Pods.build/Debug-iphonesimulator/React-RCTFBReactNativeSpec.build/Script-46EB2E00037490.sh (in target 'React-RCTFBReactNativeSpec' from project 'Pods')
    cd /Users/apple/Plnmo/app/ios/Pods
    export ACTION\=build
    export AD_HOC_CODE_SIGNING_ALLOWED\=YES
    export ALLOW_TARGET_PLATFORM_SPECIALIZATION\=NO
    export ALTERNATE_GROUP\=staff
    export ALTERNATE_MODE\=u+w,go-w,a+rX
    export ALTERNATE_OWNER\=apple
    export ALWAYS_EMBED_SWIFT_STANDARD_LIBRARIES\=NO
    export ALWAYS_SEARCH_USER_PATHS\=NO
    export ALWAYS_USE_SEPARATE_HEADERMAPS\=NO
    export APPLE_INTERNAL_DEVELOPER_DIR\=/AppleInternal/Developer
    export APPLE_INTERNAL_DIR\=/AppleInternal
    export APPLE_INTERNAL_DOCUMENTATION_DIR\=/AppleInternal/Documentation
    export APPLE_INTERNAL_LIBRARY_DIR\=/AppleInternal/Library
    export APPLE_INTERNAL_TOOLS\=/AppleInternal/Developer/Tools
    export APPLICATION_EXTENSION_API_ONLY\=NO
    export APPLY_RULES_IN_COPY_FILES\=NO
    export APPLY_RULES_IN_COPY_HEADERS\=NO
    export APP_SHORTCUTS_ENABLE_FLEXIBLE_MATCHING\=YES
    export ARCHS\=arm64
    export ARCHS_STANDARD\=arm64\ x86_64
    export ARCHS_STANDARD_32_64_BIT\=arm64\ i386\ x86_64
    export ARCHS_STANDARD_32_BIT\=i386
    export ARCHS_STANDARD_64_BIT\=arm64\ x86_64
    export ARCHS_STANDARD_INCLUDING_64_BIT\=arm64\ x86_64
    export ARCHS_UNIVERSAL_IPHONE_OS\=arm64\ i386\ x86_64
    export ASSETCATALOG_COMPILER_GENERATE_ASSET_SYMBOLS\=YES
    export ASSETCATALOG_FILTER_FOR_DEVICE_MODEL\=iPhone16,1
    export ASSETCATALOG_FILTER_FOR_DEVICE_OS_VERSION\=17.5
    export ASSETCATALOG_FILTER_FOR_THINNING_DEVICE_CONFIGURATION\=iPhone16,1
    export AUTOMATICALLY_MERGE_DEPENDENCIES\=NO
    export AVAILABLE_PLATFORMS\=appletvos\ appletvsimulator\ driverkit\ iphoneos\ iphonesimulator\ macosx\ watchos\ watchsimulator\ xros\ xrsimulator
    export BITCODE_GENERATION_MODE\=marker
    export BUILD_ACTIVE_RESOURCES_ONLY\=YES
    export BUILD_COMPONENTS\=headers\ build
    export BUILD_DIR\=/Users/apple/Library/Developer/Xcode/DerivedData/Planmoni-fdypulhkiungwycuxcfoxcpgffow/Build/Products
    export BUILD_LIBRARY_FOR_DISTRIBUTION\=NO
    export BUILD_ROOT\=/Users/apple/Library/Developer/Xcode/DerivedData/Planmoni-fdypulhkiungwycuxcfoxcpgffow/Build/Products
    export BUILD_STYLE\=
    export BUILD_VARIANTS\=normal
    export BUILT_PRODUCTS_DIR\=/Users/apple/Library/Developer/Xcode/DerivedData/Planmoni-fdypulhkiungwycuxcfoxcpgffow/Build/Products/Debug-iphonesimulator/React-RCTFBReactNativeSpec
    export BUNDLE_CONTENTS_FOLDER_PATH_deep\=Contents/
    export BUNDLE_EXECUTABLE_FOLDER_NAME_deep\=MacOS
    export BUNDLE_EXTENSIONS_FOLDER_PATH\=Extensions
    export BUNDLE_FORMAT\=shallow
    export BUNDLE_FRAMEWORKS_FOLDER_PATH\=Frameworks
    export BUNDLE_PLUGINS_FOLDER_PATH\=PlugIns
    export BUNDLE_PRIVATE_HEADERS_FOLDER_PATH\=PrivateHeaders
    export BUNDLE_PUBLIC_HEADERS_FOLDER_PATH\=Headers
    export CACHE_ROOT\=/var/folders/_q/sk234jcx5zsc3m_zm2kw34840000gn/C/com.apple.DeveloperTools/15.4-15F31d/Xcode
    export CCHROOT\=/var/folders/_q/sk234jcx5zsc3m_zm2kw34840000gn/C/com.apple.DeveloperTools/15.4-15F31d/Xcode
    export CHMOD\=/bin/chmod
    export CHOWN\=/usr/sbin/chown
    export CLANG_ANALYZER_LOCALIZABILITY_NONLOCALIZED\=YES
    export CLANG_ANALYZER_NONNULL\=YES
    export CLANG_ANALYZER_NUMBER_OBJECT_CONVERSION\=YES_AGGRESSIVE
    export CLANG_COMPILE_CACHE_PATH\=/Users/apple/Library/Developer/Xcode/DerivedData/CompilationCache.noindex
    export CLANG_CXX_LANGUAGE_STANDARD\=c++20
    export CLANG_CXX_LIBRARY\=libc++
    export CLANG_ENABLE_EXPLICIT_MODULES\=NO
    export CLANG_ENABLE_MODULES\=YES
    export CLANG_ENABLE_MODULE_DEBUGGING\=NO
    export CLANG_ENABLE_OBJC_ARC\=YES
    export CLANG_ENABLE_OBJC_WEAK\=NO
    export CLANG_MODULES_BUILD_SESSION_FILE\=/Users/apple/Library/Developer/Xcode/DerivedData/ModuleCache.noindex/Session.modulevalidation
    export CLANG_WARN_BLOCK_CAPTURE_AUTORELEASING\=YES
    export CLANG_WARN_BOOL_CONVERSION\=YES
    export CLANG_WARN_COMMA\=YES
    export CLANG_WARN_CONSTANT_CONVERSION\=YES
    export CLANG_WARN_DEPRECATED_OBJC_IMPLEMENTATIONS\=YES
    export CLANG_WARN_DIRECT_OBJC_ISA_USAGE\=YES_ERROR
    export CLANG_WARN_DOCUMENTATION_COMMENTS\=YES
    export CLANG_WARN_EMPTY_BODY\=YES
    export CLANG_WARN_ENUM_CONVERSION\=YES
    export CLANG_WARN_INFINITE_RECURSION\=YES
    export CLANG_WARN_INT_CONVERSION\=YES
    export CLANG_WARN_NON_LITERAL_NULL_CONVERSION\=YES
    export CLANG_WARN_OBJC_IMPLICIT_RETAIN_SELF\=YES
    export CLANG_WARN_OBJC_LITERAL_CONVERSION\=YES
    export CLANG_WARN_OBJC_ROOT_CLASS\=YES_ERROR
    export CLANG_WARN_QUOTED_INCLUDE_IN_FRAMEWORK_HEADER\=NO
    export CLANG_WARN_RANGE_LOOP_ANALYSIS\=YES
    export CLANG_WARN_STRICT_PROTOTYPES\=YES
    export CLANG_WARN_SUSPICIOUS_MOVE\=YES
    export CLANG_WARN_UNGUARDED_AVAILABILITY\=YES_AGGRESSIVE
    export CLANG_WARN_UNREACHABLE_CODE\=YES
    export CLANG_WARN__DUPLICATE_METHOD_MATCH\=YES
    export CLASS_FILE_DIR\=/Users/apple/Library/Developer/Xcode/DerivedData/Planmoni-fdypulhkiungwycuxcfoxcpgffow/Build/Intermediates.noindex/Pods.build/Debug-iphonesimulator/React-RCTFBReactNativeSpec.build/JavaClasses
    export CLEAN_PRECOMPS\=YES
    export CLONE_HEADERS\=NO
    export CODESIGNING_FOLDER_PATH\=/Users/apple/Library/Developer/Xcode/DerivedData/Planmoni-fdypulhkiungwycuxcfoxcpgffow/Build/Products/Debug-iphonesimulator/React-RCTFBReactNativeSpec/libReact-RCTFBReactNativeSpec.a
    export CODE_SIGNING_ALLOWED\=NO
    export CODE_SIGNING_REQUIRED\=YES
    export CODE_SIGN_CONTEXT_CLASS\=XCiPhoneSimulatorCodeSignContext
    export CODE_SIGN_IDENTITY\=-
    export CODE_SIGN_INJECT_BASE_ENTITLEMENTS\=YES
    export COLOR_DIAGNOSTICS\=NO
    export COMBINE_HIDPI_IMAGES\=NO
    export COMPILATION_CACHE_KEEP_CAS_DIRECTORY\=YES
    export COMPILER_INDEX_STORE_ENABLE\=Default
    export COMPOSITE_SDK_DIRS\=/Users/apple/Library/Developer/Xcode/DerivedData/Planmoni-fdypulhkiungwycuxcfoxcpgffow/Build/Intermediates.noindex/CompositeSDKs
    export COMPRESS_PNG_FILES\=YES
    export CONFIGURATION\=Debug
    export CONFIGURATION_BUILD_DIR\=/Users/apple/Library/Developer/Xcode/DerivedData/Planmoni-fdypulhkiungwycuxcfoxcpgffow/Build/Products/Debug-iphonesimulator/React-RCTFBReactNativeSpec
    export CONFIGURATION_TEMP_DIR\=/Users/apple/Library/Developer/Xcode/DerivedData/Planmoni-fdypulhkiungwycuxcfoxcpgffow/Build/Intermediates.noindex/Pods.build/Debug-iphonesimulator
    export COPYING_PRESERVES_HFS_DATA\=NO
    export COPY_HEADERS_RUN_UNIFDEF\=NO
    export COPY_PHASE_STRIP\=NO
    export CORRESPONDING_DEVICE_PLATFORM_DIR\=/Applications/Xcode.app/Contents/Developer/Platforms/iPhoneOS.platform
    export CORRESPONDING_DEVICE_PLATFORM_NAME\=iphoneos
    export CORRESPONDING_DEVICE_SDK_DIR\=/Applications/Xcode.app/Contents/Developer/Platforms/iPhoneOS.platform/Developer/SDKs/iPhoneOS17.5.sdk
    export CORRESPONDING_DEVICE_SDK_NAME\=iphoneos17.5
    export CP\=/bin/cp
    export CREATE_INFOPLIST_SECTION_IN_BINARY\=NO
    export CURRENT_ARCH\=undefined_arch
    export CURRENT_VARIANT\=normal
    export DEAD_CODE_STRIPPING\=YES
    export DEBUGGING_SYMBOLS\=YES
    export DEBUG_INFORMATION_FORMAT\=dwarf
    export DEFAULT_COMPILER\=com.apple.compilers.llvm.clang.1_0
    export DEFAULT_DEXT_INSTALL_PATH\=/System/Library/DriverExtensions
    export DEFAULT_KEXT_INSTALL_PATH\=/System/Library/Extensions
    export DEFINES_MODULE\=NO
    export DEPLOYMENT_LOCATION\=NO
    export DEPLOYMENT_POSTPROCESSING\=NO
    export DEPLOYMENT_TARGET_SETTING_NAME\=IPHONEOS_DEPLOYMENT_TARGET
    export DEPLOYMENT_TARGET_SUGGESTED_VALUES\=12.0\ 12.1\ 12.2\ 12.3\ 12.4\ 13.0\ 13.1\ 13.2\ 13.3\ 13.4\ 13.5\ 13.6\ 14.0\ 14.1\ 14.2\ 14.3\ 14.4\ 14.5\ 14.6\ 14.7\ 15.0\ 15.1\ 15.2\ 15.3\ 15.4\ 15.5\ 15.6\ 16.0\ 16.1\ 16.2\ 16.3\ 16.4\ 16.5\ 16.6\ 17.0\ 17.1\ 17.2\ 17.3\ 17.4\ 17.5
    export DERIVED_FILES_DIR\=/Users/apple/Library/Developer/Xcode/DerivedData/Planmoni-fdypulhkiungwycuxcfoxcpgffow/Build/Intermediates.noindex/Pods.build/Debug-iphonesimulator/React-RCTFBReactNativeSpec.build/DerivedSources
    export DERIVED_FILE_DIR\=/Users/apple/Library/Developer/Xcode/DerivedData/Planmoni-fdypulhkiungwycuxcfoxcpgffow/Build/Intermediates.noindex/Pods.build/Debug-iphonesimulator/React-RCTFBReactNativeSpec.build/DerivedSources
    export DERIVED_SOURCES_DIR\=/Users/apple/Library/Developer/Xcode/DerivedData/Planmoni-fdypulhkiungwycuxcfoxcpgffow/Build/Intermediates.noindex/Pods.build/Debug-iphonesimulator/React-RCTFBReactNativeSpec.build/DerivedSources
    export DEVELOPER_APPLICATIONS_DIR\=/Applications/Xcode.app/Contents/Developer/Applications
    export DEVELOPER_BIN_DIR\=/Applications/Xcode.app/Contents/Developer/usr/bin
    export DEVELOPER_DIR\=/Applications/Xcode.app/Contents/Developer
    export DEVELOPER_FRAMEWORKS_DIR\=/Applications/Xcode.app/Contents/Developer/Library/Frameworks
    export DEVELOPER_FRAMEWORKS_DIR_QUOTED\=/Applications/Xcode.app/Contents/Developer/Library/Frameworks
    export DEVELOPER_LIBRARY_DIR\=/Applications/Xcode.app/Contents/Developer/Library
    export DEVELOPER_SDK_DIR\=/Applications/Xcode.app/Contents/Developer/Platforms/MacOSX.platform/Developer/SDKs
    export DEVELOPER_TOOLS_DIR\=/Applications/Xcode.app/Contents/Developer/Tools
    export DEVELOPER_USR_DIR\=/Applications/Xcode.app/Contents/Developer/usr
    export DEVELOPMENT_LANGUAGE\=en
    export DIFF\=/usr/bin/diff
    export DONT_GENERATE_INFOPLIST_FILE\=NO
    export DO_HEADER_SCANNING_IN_JAM\=NO
    export DSTROOT\=/tmp/Pods.dst
    export DT_TOOLCHAIN_DIR\=/Applications/Xcode.app/Contents/Developer/Toolchains/XcodeDefault.xctoolchain
    export DWARF_DSYM_FILE_NAME\=libReact-RCTFBReactNativeSpec.a.dSYM
    export DWARF_DSYM_FILE_SHOULD_ACCOMPANY_PRODUCT\=NO
    export DWARF_DSYM_FOLDER_PATH\=/Users/apple/Library/Developer/Xcode/DerivedData/Planmoni-fdypulhkiungwycuxcfoxcpgffow/Build/Products/Debug-iphonesimulator/React-RCTFBReactNativeSpec
    export DYNAMIC_LIBRARY_EXTENSION\=dylib
    export EAGER_LINKING\=NO
    export EFFECTIVE_PLATFORM_NAME\=-iphonesimulator
    export EMBEDDED_CONTENT_CONTAINS_SWIFT\=NO
    export EMBED_ASSET_PACKS_IN_PRODUCT_BUNDLE\=NO
    export ENABLE_APP_SANDBOX\=NO
    export ENABLE_BITCODE\=NO
    export ENABLE_CODE_COVERAGE\=YES
    export ENABLE_DEFAULT_HEADER_SEARCH_PATHS\=YES
    export ENABLE_DEFAULT_SEARCH_PATHS\=YES
    export ENABLE_HARDENED_RUNTIME\=NO
    export ENABLE_HEADER_DEPENDENCIES\=YES
    export ENABLE_MODULE_VERIFIER\=NO
    export ENABLE_ON_DEMAND_RESOURCES\=NO
    export ENABLE_PREVIEWS\=NO
    export ENABLE_STRICT_OBJC_MSGSEND\=YES
    export ENABLE_TESTABILITY\=YES
    export ENABLE_TESTING_SEARCH_PATHS\=NO
    export ENABLE_USER_SCRIPT_SANDBOXING\=NO
    export ENABLE_XOJIT_PREVIEWS\=NO
    export ENTITLEMENTS_DESTINATION\=__entitlements
    export ENTITLEMENTS_REQUIRED\=YES
    export EXCLUDED_INSTALLSRC_SUBDIRECTORY_PATTERNS\=.DS_Store\ .svn\ .git\ .hg\ CVS
    export EXCLUDED_RECURSIVE_SEARCH_PATH_SUBDIRECTORIES\=\*.nib\ \*.lproj\ \*.framework\ \*.gch\ \*.xcode\*\ \*.xcassets\ \(\*\)\ .DS_Store\ CVS\ .svn\ .git\ .hg\ \*.pbproj\ \*.pbxproj
    export EXECUTABLE_EXTENSION\=a
    export EXECUTABLE_NAME\=libReact-RCTFBReactNativeSpec.a
    export EXECUTABLE_PATH\=libReact-RCTFBReactNativeSpec.a
    export EXECUTABLE_PREFIX\=lib
    export EXECUTABLE_SUFFIX\=.a
    export FILE_LIST\=/Users/apple/Library/Developer/Xcode/DerivedData/Planmoni-fdypulhkiungwycuxcfoxcpgffow/Build/Intermediates.noindex/Pods.build/Debug-iphonesimulator/React-RCTFBReactNativeSpec.build/Objects/LinkFileList
    export FIXED_FILES_DIR\=/Users/apple/Library/Developer/Xcode/DerivedData/Planmoni-fdypulhkiungwycuxcfoxcpgffow/Build/Intermediates.noindex/Pods.build/Debug-iphonesimulator/React-RCTFBReactNativeSpec.build/FixedFiles
    export FRAMEWORK_FLAG_PREFIX\=-framework
    export FRAMEWORK_SEARCH_PATHS\=/Users/apple/Library/Developer/Xcode/DerivedData/Planmoni-fdypulhkiungwycuxcfoxcpgffow/Build/Products/Debug-iphonesimulator/React-RCTFBReactNativeSpec\ \ \"/Users/apple/Plnmo/app/ios/Pods/hermes-engine/destroot/Library/Frameworks/universal\"\ \"/Users/apple/Library/Developer/Xcode/DerivedData/Planmoni-fdypulhkiungwycuxcfoxcpgffow/Build/Products/Debug-iphonesimulator/XCFrameworkIntermediates/hermes-engine/Pre-built\"
    export FRAMEWORK_VERSION\=A
    export FULL_PRODUCT_NAME\=libReact-RCTFBReactNativeSpec.a
    export FUSE_BUILD_PHASES\=YES
    export FUSE_BUILD_SCRIPT_PHASES\=NO
    export GCC3_VERSION\=3.3
    export GCC_C_LANGUAGE_STANDARD\=gnu11
    export GCC_DYNAMIC_NO_PIC\=NO
    export GCC_NO_COMMON_BLOCKS\=YES
    export GCC_OBJC_LEGACY_DISPATCH\=YES
    export GCC_OPTIMIZATION_LEVEL\=0
    export GCC_PFE_FILE_C_DIALECTS\=c\ objective-c\ c++\ objective-c++
    export GCC_PREFIX_HEADER\=Target\ Support\ Files/React-RCTFBReactNativeSpec/React-RCTFBReactNativeSpec-prefix.pch
    export GCC_PREPROCESSOR_DEFINITIONS\=POD_CONFIGURATION_DEBUG\=1\ DEBUG\=1\ \ COCOAPODS\=1
    export GCC_TREAT_WARNINGS_AS_ERRORS\=NO
    export GCC_VERSION\=com.apple.compilers.llvm.clang.1_0
    export GCC_VERSION_IDENTIFIER\=com_apple_compilers_llvm_clang_1_0
    export GCC_WARN_64_TO_32_BIT_CONVERSION\=YES
    export GCC_WARN_ABOUT_RETURN_TYPE\=YES_ERROR
    export GCC_WARN_UNDECLARED_SELECTOR\=YES
    export GCC_WARN_UNINITIALIZED_AUTOS\=YES_AGGRESSIVE
    export GCC_WARN_UNUSED_FUNCTION\=YES
    export GCC_WARN_UNUSED_VARIABLE\=YES
    export GENERATED_MODULEMAP_DIR\=/Users/apple/Library/Developer/Xcode/DerivedData/Planmoni-fdypulhkiungwycuxcfoxcpgffow/Build/Intermediates.noindex/GeneratedModuleMaps-iphonesimulator
    export GENERATE_INFOPLIST_FILE\=NO
    export GENERATE_INTERMEDIATE_TEXT_BASED_STUBS\=YES
    export GENERATE_MASTER_OBJECT_FILE\=NO
    export GENERATE_PKGINFO_FILE\=NO
    export GENERATE_PROFILING_CODE\=NO
    export GENERATE_TEXT_BASED_STUBS\=NO
    export GID\=20
    export GROUP\=staff
    export HEADERMAP_INCLUDES_FLAT_ENTRIES_FOR_TARGET_BEING_BUILT\=YES
    export HEADERMAP_INCLUDES_FRAMEWORK_ENTRIES_FOR_ALL_PRODUCT_TYPES\=YES
    export HEADERMAP_INCLUDES_NONPUBLIC_NONPRIVATE_HEADERS\=YES
    export HEADERMAP_INCLUDES_PROJECT_HEADERS\=YES
    export HEADERMAP_USES_FRAMEWORK_PREFIX_ENTRIES\=YES
    export HEADERMAP_USES_VFS\=NO
    export HEADER_SEARCH_PATHS\=/Users/apple/Library/Developer/Xcode/DerivedData/Planmoni-fdypulhkiungwycuxcfoxcpgffow/Build/Products/Debug-iphonesimulator/React-RCTFBReactNativeSpec/include\ \ \"/Users/apple/Plnmo/app/ios/Pods/Headers/Private\"\ \"/Users/apple/Plnmo/app/ios/Pods/Headers/Private/React-RCTFBReactNativeSpec\"\ \"/Users/apple/Plnmo/app/ios/Pods/Headers/Public\"\ \"/Users/apple/Plnmo/app/ios/Pods/Headers/Public/DoubleConversion\"\ \"/Users/apple/Plnmo/app/ios/Pods/Headers/Public/FBLazyVector\"\ \"/Users/apple/Plnmo/app/ios/Pods/Headers/Public/RCT-Folly\"\ \"/Users/apple/Plnmo/app/ios/Pods/Headers/Public/RCTDeprecation\"\ \"/Users/apple/Plnmo/app/ios/Pods/Headers/Public/RCTRequired\"\ \"/Users/apple/Plnmo/app/ios/Pods/Headers/Public/RCTTypeSafety\"\ \"/Users/apple/Plnmo/app/ios/Pods/Headers/Public/React-Core\"\ \"/Users/apple/Plnmo/app/ios/Pods/Headers/Public/React-NativeModulesApple\"\ \"/Users/apple/Plnmo/app/ios/Pods/Headers/Public/React-RCTFBReactNativeSpec\"\ \"/Users/apple/Plnmo/app/ios/Pods/Headers/Public/React-callinvoker\"\ \"/Users/apple/Plnmo/app/ios/Pods/Headers/Public/React-cxxreact\"\ \"/Users/apple/Plnmo/app/ios/Pods/Headers/Public/React-debug\"\ \"/Users/apple/Plnmo/app/ios/Pods/Headers/Public/React-featureflags\"\ \"/Users/apple/Plnmo/app/ios/Pods/Headers/Public/React-hermes\"\ \"/Users/apple/Plnmo/app/ios/Pods/Headers/Public/React-jsi\"\ \"/Users/apple/Plnmo/app/ios/Pods/Headers/Public/React-jsiexecutor\"\ \"/Users/apple/Plnmo/app/ios/Pods/Headers/Public/React-jsinspector\"\ \"/Users/apple/Plnmo/app/ios/Pods/Headers/Public/React-jsinspectortracing\"\ \"/Users/apple/Plnmo/app/ios/Pods/Headers/Public/React-jsitooling\"\ \"/Users/apple/Plnmo/app/ios/Pods/Headers/Public/React-logger\"\ \"/Users/apple/Plnmo/app/ios/Pods/Headers/Public/React-oscompat\"\ \"/Users/apple/Plnmo/app/ios/Pods/Headers/Public/React-perflogger\"\ \"/Users/apple/Plnmo/app/ios/Pods/Headers/Public/React-performancetimeline\"\ \"/Users/apple/Plnmo/app/ios/Pods/Headers/Public/React-rendererconsistency\"\ \"/Users/apple/Plnmo/app/ios/Pods/Headers/Public/React-rendererdebug\"\ \"/Users/apple/Plnmo/app/ios/Pods/Headers/Public/React-runtimeexecutor\"\ \"/Users/apple/Plnmo/app/ios/Pods/Headers/Public/React-runtimescheduler\"\ \"/Users/apple/Plnmo/app/ios/Pods/Headers/Public/React-timing\"\ \"/Users/apple/Plnmo/app/ios/Pods/Headers/Public/React-utils\"\ \"/Users/apple/Plnmo/app/ios/Pods/Headers/Public/ReactCommon\"\ \"/Users/apple/Plnmo/app/ios/Pods/Headers/Public/SocketRocket\"\ \"/Users/apple/Plnmo/app/ios/Pods/Headers/Public/Yoga\"\ \"/Users/apple/Plnmo/app/ios/Pods/Headers/Public/boost\"\ \"/Users/apple/Plnmo/app/ios/Pods/Headers/Public/fast_float\"\ \"/Users/apple/Plnmo/app/ios/Pods/Headers/Public/fmt\"\ \"/Users/apple/Plnmo/app/ios/Pods/Headers/Public/glog\"\ \"/Users/apple/Plnmo/app/ios/Pods/Headers/Public/hermes-engine\"\ \"/Users/apple/Plnmo/app/ios/Pods/RCT-Folly\"\ \"/Users/apple/Library/Developer/Xcode/DerivedData/Planmoni-fdypulhkiungwycuxcfoxcpgffow/Build/Products/Debug-iphonesimulator/ReactCommon/ReactCommon.framework/Headers\"\ \"/Users/apple/Library/Developer/Xcode/DerivedData/Planmoni-fdypulhkiungwycuxcfoxcpgffow/Build/Products/Debug-iphonesimulator/ReactCommon/ReactCommon.framework/Headers/react/nativemodule/core\"\ \"/Users/apple/Library/Developer/Xcode/DerivedData/Planmoni-fdypulhkiungwycuxcfoxcpgffow/Build/Products/Debug-iphonesimulator/ReactCommon/ReactCommon.framework/Headers\"\ \"/Users/apple/Library/Developer/Xcode/DerivedData/Planmoni-fdypulhkiungwycuxcfoxcpgffow/Build/Products/Debug-iphonesimulator/ReactCommon/ReactCommon.framework/Headers/react/nativemodule/bridging\"
    export HIDE_BITCODE_SYMBOLS\=YES
    export HOME\=/Users/apple
    export HOST_ARCH\=arm64
    export HOST_PLATFORM\=macosx
    export ICONV\=/usr/bin/iconv
    export INFOPLIST_ENABLE_CFBUNDLEICONS_MERGE\=YES
    export INFOPLIST_EXPAND_BUILD_SETTINGS\=YES
    export INFOPLIST_OUTPUT_FORMAT\=binary
    export INFOPLIST_PREPROCESS\=NO
    export INLINE_PRIVATE_FRAMEWORKS\=NO
    export INSTALLHDRS_COPY_PHASE\=NO
    export INSTALLHDRS_SCRIPT_PHASE\=NO
    export INSTALL_DIR\=/tmp/Pods.dst/usr/local/lib
    export INSTALL_GROUP\=staff
    export INSTALL_MODE_FLAG\=u+w,go-w,a+rX
    export INSTALL_OWNER\=apple
    export INSTALL_PATH\=/usr/local/lib
    export INSTALL_ROOT\=/tmp/Pods.dst
    export IPHONEOS_DEPLOYMENT_TARGET\=15.1
    export IS_UNOPTIMIZED_BUILD\=YES
    export JAVAC_DEFAULT_FLAGS\=-J-Xms64m\ -J-XX:NewSize\=4M\ -J-Dfile.encoding\=UTF8
    export JAVA_APP_STUB\=/System/Library/Frameworks/JavaVM.framework/Resources/MacOS/JavaApplicationStub
    export JAVA_ARCHIVE_CLASSES\=YES
    export JAVA_ARCHIVE_TYPE\=JAR
    export JAVA_COMPILER\=/usr/bin/javac
    export JAVA_FRAMEWORK_RESOURCES_DIRS\=Resources
    export JAVA_JAR_FLAGS\=cv
    export JAVA_SOURCE_SUBDIR\=.
    export JAVA_USE_DEPENDENCIES\=YES
    export JAVA_ZIP_FLAGS\=-urg
    export JIKES_DEFAULT_FLAGS\=+E\ +OLDCSO
    export KEEP_PRIVATE_EXTERNS\=NO
    export LD_DEPENDENCY_INFO_FILE\=/Users/apple/Library/Developer/Xcode/DerivedData/Planmoni-fdypulhkiungwycuxcfoxcpgffow/Build/Intermediates.noindex/Pods.build/Debug-iphonesimulator/React-RCTFBReactNativeSpec.build/Objects-normal/undefined_arch/React-RCTFBReactNativeSpec_dependency_info.dat
    export LD_EXPORT_SYMBOLS\=YES
    export LD_GENERATE_MAP_FILE\=NO
    export LD_MAP_FILE_PATH\=/Users/apple/Library/Developer/Xcode/DerivedData/Planmoni-fdypulhkiungwycuxcfoxcpgffow/Build/Intermediates.noindex/Pods.build/Debug-iphonesimulator/React-RCTFBReactNativeSpec.build/React-RCTFBReactNativeSpec-LinkMap-normal-undefined_arch.txt
    export LD_NO_PIE\=NO
    export LD_QUOTE_LINKER_ARGUMENTS_FOR_COMPILER_DRIVER\=YES
    export LEGACY_DEVELOPER_DIR\=/Applications/Xcode.app/Contents/PlugIns/Xcode3Core.ideplugin/Contents/SharedSupport/Developer
    export LEX\=lex
    export LIBRARY_DEXT_INSTALL_PATH\=/Library/DriverExtensions
    export LIBRARY_FLAG_NOSPACE\=YES
    export LIBRARY_FLAG_PREFIX\=-l
    export LIBRARY_KEXT_INSTALL_PATH\=/Library/Extensions
    export LIBRARY_SEARCH_PATHS\=/Users/apple/Library/Developer/Xcode/DerivedData/Planmoni-fdypulhkiungwycuxcfoxcpgffow/Build/Products/Debug-iphonesimulator/React-RCTFBReactNativeSpec\ 
    export LINKER_DISPLAYS_MANGLED_NAMES\=NO
    export LINK_FILE_LIST_normal_arm64\=/Users/apple/Library/Developer/Xcode/DerivedData/Planmoni-fdypulhkiungwycuxcfoxcpgffow/Build/Intermediates.noindex/Pods.build/Debug-iphonesimulator/React-RCTFBReactNativeSpec.build/Objects-normal/arm64/React-RCTFBReactNativeSpec.LinkFileList
    export LINK_OBJC_RUNTIME\=YES
    export LINK_WITH_STANDARD_LIBRARIES\=YES
    export LLVM_TARGET_TRIPLE_OS_VERSION\=ios15.1
    export LLVM_TARGET_TRIPLE_SUFFIX\=-simulator
    export LLVM_TARGET_TRIPLE_VENDOR\=apple
    export LM_AUX_CONST_METADATA_LIST_PATH_normal_arm64\=/Users/apple/Library/Developer/Xcode/DerivedData/Planmoni-fdypulhkiungwycuxcfoxcpgffow/Build/Intermediates.noindex/Pods.build/Debug-iphonesimulator/React-RCTFBReactNativeSpec.build/Objects-normal/arm64/React-RCTFBReactNativeSpec.SwiftConstValuesFileList
    export LOCALIZATION_EXPORT_SUPPORTED\=YES
    export LOCALIZATION_PREFERS_STRING_CATALOGS\=NO
    export LOCALIZED_STRING_MACRO_NAMES\=NSLocalizedString\ CFCopyLocalizedString
    export LOCALIZED_STRING_SWIFTUI_SUPPORT\=YES
    export LOCAL_ADMIN_APPS_DIR\=/Applications/Utilities
    export LOCAL_APPS_DIR\=/Applications
    export LOCAL_DEVELOPER_DIR\=/Library/Developer
    export LOCAL_LIBRARY_DIR\=/Library
    export LOCROOT\=/Users/apple/Plnmo/app/ios/Pods
    export LOCSYMROOT\=/Users/apple/Plnmo/app/ios/Pods
    export MACH_O_TYPE\=staticlib
    export MAC_OS_X_PRODUCT_BUILD_VERSION\=23F79
    export MAC_OS_X_VERSION_ACTUAL\=140500
    export MAC_OS_X_VERSION_MAJOR\=140000
    export MAC_OS_X_VERSION_MINOR\=140500
    export MAKE_MERGEABLE\=NO
    export MERGEABLE_LIBRARY\=NO
    export MERGED_BINARY_TYPE\=none
    export MERGE_LINKED_LIBRARIES\=NO
    export METAL_LIBRARY_FILE_BASE\=default
    export METAL_LIBRARY_OUTPUT_DIR\=/Users/apple/Library/Developer/Xcode/DerivedData/Planmoni-fdypulhkiungwycuxcfoxcpgffow/Build/Products/Debug-iphonesimulator/React-RCTFBReactNativeSpec/
    export MODULE_CACHE_DIR\=/Users/apple/Library/Developer/Xcode/DerivedData/ModuleCache.noindex
    export MTL_ENABLE_DEBUG_INFO\=INCLUDE_SOURCE
    export MTL_FAST_MATH\=YES
    export NATIVE_ARCH\=arm64
    export NATIVE_ARCH_32_BIT\=arm
    export NATIVE_ARCH_64_BIT\=arm64
    export NATIVE_ARCH_ACTUAL\=arm64
    export NO_COMMON\=YES
    export OBJC_ABI_VERSION\=2
    export OBJECT_FILE_DIR\=/Users/apple/Library/Developer/Xcode/DerivedData/Planmoni-fdypulhkiungwycuxcfoxcpgffow/Build/Intermediates.noindex/Pods.build/Debug-iphonesimulator/React-RCTFBReactNativeSpec.build/Objects
    export OBJECT_FILE_DIR_normal\=/Users/apple/Library/Developer/Xcode/DerivedData/Planmoni-fdypulhkiungwycuxcfoxcpgffow/Build/Intermediates.noindex/Pods.build/Debug-iphonesimulator/React-RCTFBReactNativeSpec.build/Objects-normal
    export OBJROOT\=/Users/apple/Library/Developer/Xcode/DerivedData/Planmoni-fdypulhkiungwycuxcfoxcpgffow/Build/Intermediates.noindex
    export ONLY_ACTIVE_ARCH\=YES
    export OS\=MACOS
    export OSAC\=/usr/bin/osacompile
    export OTHER_CFLAGS\=\ -fmodule-map-file\=\"/Users/apple/Plnmo/app/ios/Pods/Headers/Public/DoubleConversion/DoubleConversion.modulemap\"\ -fmodule-map-file\=\"/Users/apple/Plnmo/app/ios/Pods/Headers/Public/RCTDeprecation/RCTDeprecation.modulemap\"\ -fmodule-map-file\=\"/Users/apple/Plnmo/app/ios/Pods/Headers/Public/RCTTypeSafety/RCTTypeSafety.modulemap\"\ -fmodule-map-file\=\"/Users/apple/Plnmo/app/ios/Pods/Headers/Public/React/React-Core.modulemap\"\ -fmodule-map-file\=\"/Users/apple/Plnmo/app/ios/Pods/Headers/Public/ReactCommon/ReactCommon.modulemap\"\ -fmodule-map-file\=\"/Users/apple/Plnmo/app/ios/Pods/Headers/Public/React_NativeModulesApple/React-NativeModulesApple.modulemap\"\ -fmodule-map-file\=\"/Users/apple/Plnmo/app/ios/Pods/Headers/Public/folly/RCT-Folly.modulemap\"\ -fmodule-map-file\=\"/Users/apple/Plnmo/app/ios/Pods/Headers/Public/glog/glog.modulemap\"\ -fmodule-map-file\=\"/Users/apple/Plnmo/app/ios/Pods/Headers/Public/jsi/React-jsi.modulemap\"\ -fmodule-map-file\=\"/Users/apple/Plnmo/app/ios/Pods/Headers/Public/jsinspector_modern/React-jsinspector.modulemap\"\ -fmodule-map-file\=\"/Users/apple/Plnmo/app/ios/Pods/Headers/Public/jsinspector_modern_tracing/React-jsinspectortracing.modulemap\"\ -fmodule-map-file\=\"/Users/apple/Plnmo/app/ios/Pods/Headers/Public/react_debug/React-debug.modulemap\"\ -fmodule-map-file\=\"/Users/apple/Plnmo/app/ios/Pods/Headers/Public/react_featureflags/React-featureflags.modulemap\"\ -fmodule-map-file\=\"/Users/apple/Plnmo/app/ios/Pods/Headers/Public/react_renderer_debug/React-rendererdebug.modulemap\"\ -fmodule-map-file\=\"/Users/apple/Plnmo/app/ios/Pods/Headers/Public/react_runtime/React-jsitooling.modulemap\"\ -fmodule-map-file\=\"/Users/apple/Plnmo/app/ios/Pods/Headers/Public/react_utils/React-utils.modulemap\"\ -fmodule-map-file\=\"/Users/apple/Plnmo/app/ios/Pods/Headers/Public/reacthermes/React-hermes.modulemap\"\ -fmodule-map-file\=\"/Users/apple/Plnmo/app/ios/Pods/Headers/Public/yoga/Yoga.modulemap\"\ \ -DFOLLY_NO_CONFIG\ -DFOLLY_MOBILE\=1\ -DFOLLY_USE_LIBCPP\=1\ -DFOLLY_CFG_NO_COROUTINES\=1\ -DFOLLY_HAVE_CLOCK_GETTIME\=1\ -Wno-comma\ -Wno-shorten-64-to-32\ -DRCT_NEW_ARCH_ENABLED\=1
    export OTHER_CPLUSPLUSFLAGS\=\ -fmodule-map-file\=\"/Users/apple/Plnmo/app/ios/Pods/Headers/Public/DoubleConversion/DoubleConversion.modulemap\"\ -fmodule-map-file\=\"/Users/apple/Plnmo/app/ios/Pods/Headers/Public/RCTDeprecation/RCTDeprecation.modulemap\"\ -fmodule-map-file\=\"/Users/apple/Plnmo/app/ios/Pods/Headers/Public/RCTTypeSafety/RCTTypeSafety.modulemap\"\ -fmodule-map-file\=\"/Users/apple/Plnmo/app/ios/Pods/Headers/Public/React/React-Core.modulemap\"\ -fmodule-map-file\=\"/Users/apple/Plnmo/app/ios/Pods/Headers/Public/ReactCommon/ReactCommon.modulemap\"\ -fmodule-map-file\=\"/Users/apple/Plnmo/app/ios/Pods/Headers/Public/React_NativeModulesApple/React-NativeModulesApple.modulemap\"\ -fmodule-map-file\=\"/Users/apple/Plnmo/app/ios/Pods/Headers/Public/folly/RCT-Folly.modulemap\"\ -fmodule-map-file\=\"/Users/apple/Plnmo/app/ios/Pods/Headers/Public/glog/glog.modulemap\"\ -fmodule-map-file\=\"/Users/apple/Plnmo/app/ios/Pods/Headers/Public/jsi/React-jsi.modulemap\"\ -fmodule-map-file\=\"/Users/apple/Plnmo/app/ios/Pods/Headers/Public/jsinspector_modern/React-jsinspector.modulemap\"\ -fmodule-map-file\=\"/Users/apple/Plnmo/app/ios/Pods/Headers/Public/jsinspector_modern_tracing/React-jsinspectortracing.modulemap\"\ -fmodule-map-file\=\"/Users/apple/Plnmo/app/ios/Pods/Headers/Public/react_debug/React-debug.modulemap\"\ -fmodule-map-file\=\"/Users/apple/Plnmo/app/ios/Pods/Headers/Public/react_featureflags/React-featureflags.modulemap\"\ -fmodule-map-file\=\"/Users/apple/Plnmo/app/ios/Pods/Headers/Public/react_renderer_debug/React-rendererdebug.modulemap\"\ -fmodule-map-file\=\"/Users/apple/Plnmo/app/ios/Pods/Headers/Public/react_runtime/React-jsitooling.modulemap\"\ -fmodule-map-file\=\"/Users/apple/Plnmo/app/ios/Pods/Headers/Public/react_utils/React-utils.modulemap\"\ -fmodule-map-file\=\"/Users/apple/Plnmo/app/ios/Pods/Headers/Public/reacthermes/React-hermes.modulemap\"\ -fmodule-map-file\=\"/Users/apple/Plnmo/app/ios/Pods/Headers/Public/yoga/Yoga.modulemap\"\ \ -DFOLLY_NO_CONFIG\ -DFOLLY_MOBILE\=1\ -DFOLLY_USE_LIBCPP\=1\ -DFOLLY_CFG_NO_COROUTINES\=1\ -DFOLLY_HAVE_CLOCK_GETTIME\=1\ -Wno-comma\ -Wno-shorten-64-to-32\ -DRCT_NEW_ARCH_ENABLED\=1
    export PACKAGE_TYPE\=com.apple.package-type.static-library
    export PASCAL_STRINGS\=YES
    export PATH\=/Applications/Xcode.app/Contents/SharedFrameworks/XCBuild.framework/Versions/A/PlugIns/XCBBuildService.bundle/Contents/PlugIns/XCBSpecifications.ideplugin/Contents/Resources:/Applications/Xcode.app/Contents/SharedFrameworks/XCBuild.framework/Versions/A/PlugIns/XCBBuildService.bundle/Contents/PlugIns/XCBSpecifications.ideplugin:/Applications/Xcode.app/Contents/Developer/Toolchains/XcodeDefault.xctoolchain/usr/bin:/Applications/Xcode.app/Contents/Developer/Toolchains/XcodeDefault.xctoolchain/usr/appleinternal/bin:/Applications/Xcode.app/Contents/Developer/Toolchains/XcodeDefault.xctoolchain/usr/local/bin:/Applications/Xcode.app/Contents/Developer/Toolchains/XcodeDefault.xctoolchain/usr/libexec:/Applications/Xcode.app/Contents/Developer/Platforms/iPhoneSimulator.platform/usr/bin:/Applications/Xcode.app/Contents/Developer/Platforms/iPhoneSimulator.platform/usr/appleinternal/bin:/Applications/Xcode.app/Contents/Developer/Platforms/iPhoneSimulator.platform/usr/local/bin:/Applications/Xcode.app/Contents/Developer/Platforms/iPhoneSimulator.platform/Developer/usr/bin:/Applications/Xcode.app/Contents/Developer/Platforms/iPhoneSimulator.platform/Developer/usr/local/bin:/Applications/Xcode.app/Contents/Developer/usr/bin:/Applications/Xcode.app/Contents/Developer/usr/local/bin:/Users/apple/.gem/bin:/Users/apple/development/flutter/bin:/opt/homebrew/bin:/opt/homebrew/sbin:/usr/local/bin:/System/Cryptexes/App/usr/bin:/usr/bin:/bin:/usr/sbin:/sbin:/var/run/com.apple.security.cryptexd/codex.system/bootstrap/usr/local/bin:/var/run/com.apple.security.cryptexd/codex.system/bootstrap/usr/bin:/var/run/com.apple.security.cryptexd/codex.system/bootstrap/usr/appleinternal/bin:/Library/Apple/usr/bin:/Applications/VMware\ Fusion.app/Contents/Public
    export PATH_PREFIXES_EXCLUDED_FROM_HEADER_DEPENDENCIES\=/usr/include\ /usr/local/include\ /System/Library/Frameworks\ /System/Library/PrivateFrameworks\ /Applications/Xcode.app/Contents/Developer/Headers\ /Applications/Xcode.app/Contents/Developer/SDKs\ /Applications/Xcode.app/Contents/Developer/Platforms
    export PER_ARCH_OBJECT_FILE_DIR\=/Users/apple/Library/Developer/Xcode/DerivedData/Planmoni-fdypulhkiungwycuxcfoxcpgffow/Build/Intermediates.noindex/Pods.build/Debug-iphonesimulator/React-RCTFBReactNativeSpec.build/Objects-normal/undefined_arch
    export PER_VARIANT_OBJECT_FILE_DIR\=/Users/apple/Library/Developer/Xcode/DerivedData/Planmoni-fdypulhkiungwycuxcfoxcpgffow/Build/Intermediates.noindex/Pods.build/Debug-iphonesimulator/React-RCTFBReactNativeSpec.build/Objects-normal
    export PKGINFO_FILE_PATH\=/Users/apple/Library/Developer/Xcode/DerivedData/Planmoni-fdypulhkiungwycuxcfoxcpgffow/Build/Intermediates.noindex/Pods.build/Debug-iphonesimulator/React-RCTFBReactNativeSpec.build/PkgInfo
    export PLATFORM_DEVELOPER_APPLICATIONS_DIR\=/Applications/Xcode.app/Contents/Developer/Platforms/iPhoneSimulator.platform/Developer/Applications
    export PLATFORM_DEVELOPER_BIN_DIR\=/Applications/Xcode.app/Contents/Developer/Platforms/iPhoneSimulator.platform/Developer/usr/bin
    export PLATFORM_DEVELOPER_LIBRARY_DIR\=/Applications/Xcode.app/Contents/Developer/Platforms/iPhoneSimulator.platform/Developer/Library
    export PLATFORM_DEVELOPER_SDK_DIR\=/Applications/Xcode.app/Contents/Developer/Platforms/iPhoneSimulator.platform/Developer/SDKs
    export PLATFORM_DEVELOPER_TOOLS_DIR\=/Applications/Xcode.app/Contents/Developer/Platforms/iPhoneSimulator.platform/Developer/Tools
    export PLATFORM_DEVELOPER_USR_DIR\=/Applications/Xcode.app/Contents/Developer/Platforms/iPhoneSimulator.platform/Developer/usr
    export PLATFORM_DIR\=/Applications/Xcode.app/Contents/Developer/Platforms/iPhoneSimulator.platform
    export PLATFORM_DISPLAY_NAME\=iOS\ Simulator
    export PLATFORM_FAMILY_NAME\=iOS
    export PLATFORM_NAME\=iphonesimulator
    export PLATFORM_PREFERRED_ARCH\=x86_64
    export PLATFORM_PRODUCT_BUILD_VERSION\=21F77
    export PLIST_FILE_OUTPUT_FORMAT\=binary
    export PODS_BUILD_DIR\=/Users/apple/Library/Developer/Xcode/DerivedData/Planmoni-fdypulhkiungwycuxcfoxcpgffow/Build/Products
    export PODS_CONFIGURATION_BUILD_DIR\=/Users/apple/Library/Developer/Xcode/DerivedData/Planmoni-fdypulhkiungwycuxcfoxcpgffow/Build/Products/Debug-iphonesimulator
    export PODS_DEVELOPMENT_LANGUAGE\=en
    export PODS_ROOT\=/Users/apple/Plnmo/app/ios/Pods
    export PODS_TARGET_SRCROOT\=/Users/apple/Plnmo/app/ios/Pods/../../node_modules/react-native/React
    export PODS_XCFRAMEWORKS_BUILD_DIR\=/Users/apple/Library/Developer/Xcode/DerivedData/Planmoni-fdypulhkiungwycuxcfoxcpgffow/Build/Products/Debug-iphonesimulator/XCFrameworkIntermediates
    export PRECOMPS_INCLUDE_HEADERS_FROM_BUILT_PRODUCTS_DIR\=YES
    export PRECOMP_DESTINATION_DIR\=/Users/apple/Library/Developer/Xcode/DerivedData/Planmoni-fdypulhkiungwycuxcfoxcpgffow/Build/Intermediates.noindex/Pods.build/Debug-iphonesimulator/React-RCTFBReactNativeSpec.build/PrefixHeaders
    export PRESERVE_DEAD_CODE_INITS_AND_TERMS\=NO
    export PROCESSED_INFOPLIST_PATH\=/Users/apple/Library/Developer/Xcode/DerivedData/Planmoni-fdypulhkiungwycuxcfoxcpgffow/Build/Intermediates.noindex/Pods.build/Debug-iphonesimulator/React-RCTFBReactNativeSpec.build/Objects-normal/undefined_arch/Processed-Info.plist
    export PRODUCT_BUNDLE_IDENTIFIER\=org.cocoapods.React-RCTFBReactNativeSpec
    export PRODUCT_MODULE_NAME\=FBReactNativeSpec
    export PRODUCT_NAME\=React-RCTFBReactNativeSpec
    export PRODUCT_SETTINGS_PATH\=
    export PRODUCT_TYPE\=com.apple.product-type.library.static
    export PROFILING_CODE\=NO
    export PROJECT\=Pods
    export PROJECT_DERIVED_FILE_DIR\=/Users/apple/Library/Developer/Xcode/DerivedData/Planmoni-fdypulhkiungwycuxcfoxcpgffow/Build/Intermediates.noindex/Pods.build/DerivedSources
    export PROJECT_DIR\=/Users/apple/Plnmo/app/ios/Pods
    export PROJECT_FILE_PATH\=/Users/apple/Plnmo/app/ios/Pods/Pods.xcodeproj
    export PROJECT_NAME\=Pods
    export PROJECT_TEMP_DIR\=/Users/apple/Library/Developer/Xcode/DerivedData/Planmoni-fdypulhkiungwycuxcfoxcpgffow/Build/Intermediates.noindex/Pods.build
    export PROJECT_TEMP_ROOT\=/Users/apple/Library/Developer/Xcode/DerivedData/Planmoni-fdypulhkiungwycuxcfoxcpgffow/Build/Intermediates.noindex
    export REACT_NATIVE_PATH\=/Users/apple/Plnmo/app/ios/Pods/../../node_modules/react-native
    export RECOMMENDED_IPHONEOS_DEPLOYMENT_TARGET\=12.5
    export RECURSIVE_SEARCH_PATHS_FOLLOW_SYMLINKS\=YES
    export REMOVE_CVS_FROM_RESOURCES\=YES
    export REMOVE_GIT_FROM_RESOURCES\=YES
    export REMOVE_HEADERS_FROM_EMBEDDED_BUNDLES\=YES
    export REMOVE_HG_FROM_RESOURCES\=YES
    export REMOVE_STATIC_EXECUTABLES_FROM_EMBEDDED_BUNDLES\=YES
    export REMOVE_SVN_FROM_RESOURCES\=YES
    export REZ_COLLECTOR_DIR\=/Users/apple/Library/Developer/Xcode/DerivedData/Planmoni-fdypulhkiungwycuxcfoxcpgffow/Build/Intermediates.noindex/Pods.build/Debug-iphonesimulator/React-RCTFBReactNativeSpec.build/ResourceManagerResources
    export REZ_EXECUTABLE\=YES
    export REZ_OBJECTS_DIR\=/Users/apple/Library/Developer/Xcode/DerivedData/Planmoni-fdypulhkiungwycuxcfoxcpgffow/Build/Intermediates.noindex/Pods.build/Debug-iphonesimulator/React-RCTFBReactNativeSpec.build/ResourceManagerResources/Objects
    export REZ_SEARCH_PATHS\=/Users/apple/Library/Developer/Xcode/DerivedData/Planmoni-fdypulhkiungwycuxcfoxcpgffow/Build/Products/Debug-iphonesimulator/React-RCTFBReactNativeSpec\ 
    export SCAN_ALL_SOURCE_FILES_FOR_INCLUDES\=NO
    export SCRIPT_INPUT_FILE_COUNT\=0
    export SCRIPT_INPUT_FILE_LIST_COUNT\=0
    export SCRIPT_OUTPUT_FILE_COUNT\=0
    export SCRIPT_OUTPUT_FILE_LIST_COUNT\=0
    export SDKROOT\=/Applications/Xcode.app/Contents/Developer/Platforms/iPhoneSimulator.platform/Developer/SDKs/iPhoneSimulator17.5.sdk
    export SDK_DIR\=/Applications/Xcode.app/Contents/Developer/Platforms/iPhoneSimulator.platform/Developer/SDKs/iPhoneSimulator17.5.sdk
    export SDK_DIR_iphonesimulator\=/Applications/Xcode.app/Contents/Developer/Platforms/iPhoneSimulator.platform/Developer/SDKs/iPhoneSimulator17.5.sdk
    export SDK_DIR_iphonesimulator17_5\=/Applications/Xcode.app/Contents/Developer/Platforms/iPhoneSimulator.platform/Developer/SDKs/iPhoneSimulator17.5.sdk
    export SDK_NAME\=iphonesimulator17.5
    export SDK_NAMES\=iphonesimulator17.5
    export SDK_PRODUCT_BUILD_VERSION\=21F77
    export SDK_STAT_CACHE_DIR\=/Users/apple/Library/Developer/Xcode/DerivedData
    export SDK_STAT_CACHE_ENABLE\=YES
    export SDK_STAT_CACHE_PATH\=/Users/apple/Library/Developer/Xcode/DerivedData/SDKStatCaches.noindex/iphonesimulator17.5-21F77-c098706a9f71eba4e76ae92ab367209a.sdkstatcache
    export SDK_VERSION\=17.5
    export SDK_VERSION_ACTUAL\=170500
    export SDK_VERSION_MAJOR\=170000
    export SDK_VERSION_MINOR\=170500
    export SED\=/usr/bin/sed
    export SEPARATE_STRIP\=NO
    export SEPARATE_SYMBOL_EDIT\=NO
    export SET_DIR_MODE_OWNER_GROUP\=YES
    export SET_FILE_MODE_OWNER_GROUP\=NO
    export SHALLOW_BUNDLE\=NO
    export SHARED_DERIVED_FILE_DIR\=/Users/apple/Library/Developer/Xcode/DerivedData/Planmoni-fdypulhkiungwycuxcfoxcpgffow/Build/Products/Debug-iphonesimulator/React-RCTFBReactNativeSpec/DerivedSources
    export SHARED_PRECOMPS_DIR\=/Users/apple/Library/Developer/Xcode/DerivedData/Planmoni-fdypulhkiungwycuxcfoxcpgffow/Build/Intermediates.noindex/PrecompiledHeaders
    export SKIP_INSTALL\=YES
    export SOURCE_ROOT\=/Users/apple/Plnmo/app/ios/Pods
    export SRCROOT\=/Users/apple/Plnmo/app/ios/Pods
    export STRINGSDATA_DIR\=/Users/apple/Library/Developer/Xcode/DerivedData/Planmoni-fdypulhkiungwycuxcfoxcpgffow/Build/Intermediates.noindex/Pods.build/Debug-iphonesimulator/React-RCTFBReactNativeSpec.build/Objects-normal/undefined_arch
    export STRINGSDATA_ROOT\=/Users/apple/Library/Developer/Xcode/DerivedData/Planmoni-fdypulhkiungwycuxcfoxcpgffow/Build/Intermediates.noindex/Pods.build/Debug-iphonesimulator/React-RCTFBReactNativeSpec.build
    export STRINGS_FILE_INFOPLIST_RENAME\=YES
    export STRINGS_FILE_OUTPUT_ENCODING\=binary
    export STRIP_BITCODE_FROM_COPIED_FILES\=NO
    export STRIP_INSTALLED_PRODUCT\=NO
    export STRIP_STYLE\=debugging
    export STRIP_SWIFT_SYMBOLS\=YES
    export SUPPORTED_DEVICE_FAMILIES\=1,2
    export SUPPORTED_PLATFORMS\=iphoneos\ iphonesimulator
    export SUPPORTS_TEXT_BASED_API\=NO
    export SUPPRESS_WARNINGS\=NO
    export SWIFT_ACTIVE_COMPILATION_CONDITIONS\=\ DEBUG\ 
    export SWIFT_EMIT_LOC_STRINGS\=NO
    export SWIFT_INSTALL_OBJC_HEADER\=YES
    export SWIFT_OPTIMIZATION_LEVEL\=-Onone
    export SWIFT_PLATFORM_TARGET_PREFIX\=ios
    export SWIFT_RESPONSE_FILE_PATH_normal_arm64\=/Users/apple/Library/Developer/Xcode/DerivedData/Planmoni-fdypulhkiungwycuxcfoxcpgffow/Build/Intermediates.noindex/Pods.build/Debug-iphonesimulator/React-RCTFBReactNativeSpec.build/Objects-normal/arm64/React-RCTFBReactNativeSpec.SwiftFileList
    export SWIFT_VERSION\=5.0
    export SYMROOT\=/Users/apple/Library/Developer/Xcode/DerivedData/Planmoni-fdypulhkiungwycuxcfoxcpgffow/Build/Products
    export SYSTEM_ADMIN_APPS_DIR\=/Applications/Utilities
    export SYSTEM_APPS_DIR\=/Applications
    export SYSTEM_CORE_SERVICES_DIR\=/System/Library/CoreServices
    export SYSTEM_DEMOS_DIR\=/Applications/Extras
    export SYSTEM_DEVELOPER_APPS_DIR\=/Applications/Xcode.app/Contents/Developer/Applications
    export SYSTEM_DEVELOPER_BIN_DIR\=/Applications/Xcode.app/Contents/Developer/usr/bin
    export SYSTEM_DEVELOPER_DEMOS_DIR\=/Applications/Xcode.app/Contents/Developer/Applications/Utilities/Built\ Examples
    export SYSTEM_DEVELOPER_DIR\=/Applications/Xcode.app/Contents/Developer
    export SYSTEM_DEVELOPER_DOC_DIR\=/Applications/Xcode.app/Contents/Developer/ADC\ Reference\ Library
    export SYSTEM_DEVELOPER_GRAPHICS_TOOLS_DIR\=/Applications/Xcode.app/Contents/Developer/Applications/Graphics\ Tools
    export SYSTEM_DEVELOPER_JAVA_TOOLS_DIR\=/Applications/Xcode.app/Contents/Developer/Applications/Java\ Tools
    export SYSTEM_DEVELOPER_PERFORMANCE_TOOLS_DIR\=/Applications/Xcode.app/Contents/Developer/Applications/Performance\ Tools
    export SYSTEM_DEVELOPER_RELEASENOTES_DIR\=/Applications/Xcode.app/Contents/Developer/ADC\ Reference\ Library/releasenotes
    export SYSTEM_DEVELOPER_TOOLS\=/Applications/Xcode.app/Contents/Developer/Tools
    export SYSTEM_DEVELOPER_TOOLS_DOC_DIR\=/Applications/Xcode.app/Contents/Developer/ADC\ Reference\ Library/documentation/DeveloperTools
    export SYSTEM_DEVELOPER_TOOLS_RELEASENOTES_DIR\=/Applications/Xcode.app/Contents/Developer/ADC\ Reference\ Library/releasenotes/DeveloperTools
    export SYSTEM_DEVELOPER_USR_DIR\=/Applications/Xcode.app/Contents/Developer/usr
    export SYSTEM_DEVELOPER_UTILITIES_DIR\=/Applications/Xcode.app/Contents/Developer/Applications/Utilities
    export SYSTEM_DEXT_INSTALL_PATH\=/System/Library/DriverExtensions
    export SYSTEM_DOCUMENTATION_DIR\=/Library/Documentation
    export SYSTEM_KEXT_INSTALL_PATH\=/System/Library/Extensions
    export SYSTEM_LIBRARY_DIR\=/System/Library
    export TAPI_DEMANGLE\=YES
    export TAPI_ENABLE_PROJECT_HEADERS\=NO
    export TAPI_LANGUAGE\=objective-c
    export TAPI_LANGUAGE_STANDARD\=compiler-default
    export TAPI_USE_SRCROOT\=YES
    export TAPI_VERIFY_MODE\=Pedantic
    export TARGETED_DEVICE_FAMILY\=1,2
    export TARGETNAME\=React-RCTFBReactNativeSpec
    export TARGET_BUILD_DIR\=/Users/apple/Library/Developer/Xcode/DerivedData/Planmoni-fdypulhkiungwycuxcfoxcpgffow/Build/Products/Debug-iphonesimulator/React-RCTFBReactNativeSpec
    export TARGET_DEVICE_IDENTIFIER\=2898BCB4-256C-4A0D-82F1-572E772951CB
    export TARGET_DEVICE_MODEL\=iPhone16,1
    export TARGET_DEVICE_OS_VERSION\=17.5
    export TARGET_DEVICE_PLATFORM_NAME\=iphonesimulator
    export TARGET_NAME\=React-RCTFBReactNativeSpec
    export TARGET_TEMP_DIR\=/Users/apple/Library/Developer/Xcode/DerivedData/Planmoni-fdypulhkiungwycuxcfoxcpgffow/Build/Intermediates.noindex/Pods.build/Debug-iphonesimulator/React-RCTFBReactNativeSpec.build
    export TEMP_DIR\=/Users/apple/Library/Developer/Xcode/DerivedData/Planmoni-fdypulhkiungwycuxcfoxcpgffow/Build/Intermediates.noindex/Pods.build/Debug-iphonesimulator/React-RCTFBReactNativeSpec.build
    export TEMP_FILES_DIR\=/Users/apple/Library/Developer/Xcode/DerivedData/Planmoni-fdypulhkiungwycuxcfoxcpgffow/Build/Intermediates.noindex/Pods.build/Debug-iphonesimulator/React-RCTFBReactNativeSpec.build
    export TEMP_FILE_DIR\=/Users/apple/Library/Developer/Xcode/DerivedData/Planmoni-fdypulhkiungwycuxcfoxcpgffow/Build/Intermediates.noindex/Pods.build/Debug-iphonesimulator/React-RCTFBReactNativeSpec.build
    export TEMP_ROOT\=/Users/apple/Library/Developer/Xcode/DerivedData/Planmoni-fdypulhkiungwycuxcfoxcpgffow/Build/Intermediates.noindex
    export TEST_FRAMEWORK_SEARCH_PATHS\=\ /Applications/Xcode.app/Contents/Developer/Platforms/iPhoneSimulator.platform/Developer/Library/Frameworks\ /Applications/Xcode.app/Contents/Developer/Platforms/iPhoneSimulator.platform/Developer/SDKs/iPhoneSimulator17.5.sdk/Developer/Library/Frameworks
    export TEST_LIBRARY_SEARCH_PATHS\=\ /Applications/Xcode.app/Contents/Developer/Platforms/iPhoneSimulator.platform/Developer/usr/lib
    export TOOLCHAINS\=com.apple.dt.toolchain.XcodeDefault
    export TOOLCHAIN_DIR\=/Applications/Xcode.app/Contents/Developer/Toolchains/XcodeDefault.xctoolchain
    export TREAT_MISSING_BASELINES_AS_TEST_FAILURES\=NO
    export UID\=501
    export UNINSTALLED_PRODUCTS_DIR\=/Users/apple/Library/Developer/Xcode/DerivedData/Planmoni-fdypulhkiungwycuxcfoxcpgffow/Build/Intermediates.noindex/UninstalledProducts
    export UNSTRIPPED_PRODUCT\=NO
    export USER\=apple
    export USER_APPS_DIR\=/Users/apple/Applications
    export USER_LIBRARY_DIR\=/Users/apple/Library
    export USE_DYNAMIC_NO_PIC\=YES
    export USE_HEADERMAP\=YES
    export USE_HEADER_SYMLINKS\=NO
    export USE_HERMES\=true
    export USE_RECURSIVE_SCRIPT_INPUTS_IN_SCRIPT_PHASES\=YES
    export VALIDATE_DEVELOPMENT_ASSET_PATHS\=YES_ERROR
    export VALIDATE_PRODUCT\=NO
    export VALID_ARCHS\=arm64\ arm64e\ i386\ x86_64
    export VERBOSE_PBXCP\=NO
    export VERSION_INFO_BUILDER\=apple
    export VERSION_INFO_FILE\=React-RCTFBReactNativeSpec_vers.c
    export VERSION_INFO_STRING\=\"@\(\#\)PROGRAM:React-RCTFBReactNativeSpec\ \ PROJECT:Pods-\"
    export WRAP_ASSET_PACKS_IN_SEPARATE_DIRECTORIES\=NO
    export XCODE_APP_SUPPORT_DIR\=/Applications/Xcode.app/Contents/Developer/Library/Xcode
    export XCODE_PRODUCT_BUILD_VERSION\=15F31d
    export XCODE_VERSION_ACTUAL\=1540
    export XCODE_VERSION_MAJOR\=1500
    export XCODE_VERSION_MINOR\=1540
    export XPCSERVICES_FOLDER_PATH\=/XPCServices
    export YACC\=yacc
    export arch\=undefined_arch
    export variant\=normal
    /bin/sh -c /Users/apple/Library/Developer/Xcode/DerivedData/Planmoni-fdypulhkiungwycuxcfoxcpgffow/Build/Intermediates.noindex/Pods.build/Debug-iphonesimulator/React-RCTFBReactNativeSpec.build/Script-46EB2E00037490.sh
Checking whether Codegen has run...

PhaseScriptExecution [CP-User]\ [RN]Check\ rncore /Users/apple/Library/Developer/Xcode/DerivedData/Planmoni-fdypulhkiungwycuxcfoxcpgffow/Build/Intermediates.noindex/Pods.build/Debug-iphonesimulator/React-Fabric.build/Script-46EB2E00037470.sh (in target 'React-Fabric' from project 'Pods')
    cd /Users/apple/Plnmo/app/ios/Pods
    export ACTION\=build
    export AD_HOC_CODE_SIGNING_ALLOWED\=YES
    export ALLOW_TARGET_PLATFORM_SPECIALIZATION\=NO
    export ALTERNATE_GROUP\=staff
    export ALTERNATE_MODE\=u+w,go-w,a+rX
    export ALTERNATE_OWNER\=apple
    export ALWAYS_EMBED_SWIFT_STANDARD_LIBRARIES\=NO
    export ALWAYS_SEARCH_USER_PATHS\=NO
    export ALWAYS_USE_SEPARATE_HEADERMAPS\=NO
    export APPLE_INTERNAL_DEVELOPER_DIR\=/AppleInternal/Developer
    export APPLE_INTERNAL_DIR\=/AppleInternal
    export APPLE_INTERNAL_DOCUMENTATION_DIR\=/AppleInternal/Documentation
    export APPLE_INTERNAL_LIBRARY_DIR\=/AppleInternal/Library
    export APPLE_INTERNAL_TOOLS\=/AppleInternal/Developer/Tools
    export APPLICATION_EXTENSION_API_ONLY\=NO
    export APPLY_RULES_IN_COPY_FILES\=NO
    export APPLY_RULES_IN_COPY_HEADERS\=NO
    export APP_SHORTCUTS_ENABLE_FLEXIBLE_MATCHING\=YES
    export ARCHS\=arm64
    export ARCHS_STANDARD\=arm64\ x86_64
    export ARCHS_STANDARD_32_64_BIT\=arm64\ i386\ x86_64
    export ARCHS_STANDARD_32_BIT\=i386
    export ARCHS_STANDARD_64_BIT\=arm64\ x86_64
    export ARCHS_STANDARD_INCLUDING_64_BIT\=arm64\ x86_64
    export ARCHS_UNIVERSAL_IPHONE_OS\=arm64\ i386\ x86_64
    export ASSETCATALOG_COMPILER_GENERATE_ASSET_SYMBOLS\=YES
    export ASSETCATALOG_FILTER_FOR_DEVICE_MODEL\=iPhone16,1
    export ASSETCATALOG_FILTER_FOR_DEVICE_OS_VERSION\=17.5
    export ASSETCATALOG_FILTER_FOR_THINNING_DEVICE_CONFIGURATION\=iPhone16,1
    export AUTOMATICALLY_MERGE_DEPENDENCIES\=NO
    export AVAILABLE_PLATFORMS\=appletvos\ appletvsimulator\ driverkit\ iphoneos\ iphonesimulator\ macosx\ watchos\ watchsimulator\ xros\ xrsimulator
    export BITCODE_GENERATION_MODE\=marker
    export BUILD_ACTIVE_RESOURCES_ONLY\=YES
    export BUILD_COMPONENTS\=headers\ build
    export BUILD_DIR\=/Users/apple/Library/Developer/Xcode/DerivedData/Planmoni-fdypulhkiungwycuxcfoxcpgffow/Build/Products
    export BUILD_LIBRARY_FOR_DISTRIBUTION\=NO
    export BUILD_ROOT\=/Users/apple/Library/Developer/Xcode/DerivedData/Planmoni-fdypulhkiungwycuxcfoxcpgffow/Build/Products
    export BUILD_STYLE\=
    export BUILD_VARIANTS\=normal
    export BUILT_PRODUCTS_DIR\=/Users/apple/Library/Developer/Xcode/DerivedData/Planmoni-fdypulhkiungwycuxcfoxcpgffow/Build/Products/Debug-iphonesimulator/React-Fabric
    export BUNDLE_CONTENTS_FOLDER_PATH_deep\=Contents/
    export BUNDLE_EXECUTABLE_FOLDER_NAME_deep\=MacOS
    export BUNDLE_EXTENSIONS_FOLDER_PATH\=Extensions
    export BUNDLE_FORMAT\=shallow
    export BUNDLE_FRAMEWORKS_FOLDER_PATH\=Frameworks
    export BUNDLE_PLUGINS_FOLDER_PATH\=PlugIns
    export BUNDLE_PRIVATE_HEADERS_FOLDER_PATH\=PrivateHeaders
    export BUNDLE_PUBLIC_HEADERS_FOLDER_PATH\=Headers
    export CACHE_ROOT\=/var/folders/_q/sk234jcx5zsc3m_zm2kw34840000gn/C/com.apple.DeveloperTools/15.4-15F31d/Xcode
    export CCHROOT\=/var/folders/_q/sk234jcx5zsc3m_zm2kw34840000gn/C/com.apple.DeveloperTools/15.4-15F31d/Xcode
    export CHMOD\=/bin/chmod
    export CHOWN\=/usr/sbin/chown
    export CLANG_ANALYZER_LOCALIZABILITY_NONLOCALIZED\=YES
    export CLANG_ANALYZER_NONNULL\=YES
    export CLANG_ANALYZER_NUMBER_OBJECT_CONVERSION\=YES_AGGRESSIVE
    export CLANG_COMPILE_CACHE_PATH\=/Users/apple/Library/Developer/Xcode/DerivedData/CompilationCache.noindex
    export CLANG_CXX_LANGUAGE_STANDARD\=c++20
    export CLANG_CXX_LIBRARY\=libc++
    export CLANG_ENABLE_EXPLICIT_MODULES\=NO
    export CLANG_ENABLE_MODULES\=YES
    export CLANG_ENABLE_MODULE_DEBUGGING\=NO
    export CLANG_ENABLE_OBJC_ARC\=YES
    export CLANG_ENABLE_OBJC_WEAK\=NO
    export CLANG_MODULES_BUILD_SESSION_FILE\=/Users/apple/Library/Developer/Xcode/DerivedData/ModuleCache.noindex/Session.modulevalidation
    export CLANG_WARN_BLOCK_CAPTURE_AUTORELEASING\=YES
    export CLANG_WARN_BOOL_CONVERSION\=YES
    export CLANG_WARN_COMMA\=YES
    export CLANG_WARN_CONSTANT_CONVERSION\=YES
    export CLANG_WARN_DEPRECATED_OBJC_IMPLEMENTATIONS\=YES
    export CLANG_WARN_DIRECT_OBJC_ISA_USAGE\=YES_ERROR
    export CLANG_WARN_DOCUMENTATION_COMMENTS\=YES
    export CLANG_WARN_EMPTY_BODY\=YES
    export CLANG_WARN_ENUM_CONVERSION\=YES
    export CLANG_WARN_INFINITE_RECURSION\=YES
    export CLANG_WARN_INT_CONVERSION\=YES
    export CLANG_WARN_NON_LITERAL_NULL_CONVERSION\=YES
    export CLANG_WARN_OBJC_IMPLICIT_RETAIN_SELF\=YES
    export CLANG_WARN_OBJC_LITERAL_CONVERSION\=YES
    export CLANG_WARN_OBJC_ROOT_CLASS\=YES_ERROR
    export CLANG_WARN_QUOTED_INCLUDE_IN_FRAMEWORK_HEADER\=NO
    export CLANG_WARN_RANGE_LOOP_ANALYSIS\=YES
    export CLANG_WARN_STRICT_PROTOTYPES\=YES
    export CLANG_WARN_SUSPICIOUS_MOVE\=YES
    export CLANG_WARN_UNGUARDED_AVAILABILITY\=YES_AGGRESSIVE
    export CLANG_WARN_UNREACHABLE_CODE\=YES
    export CLANG_WARN__DUPLICATE_METHOD_MATCH\=YES
    export CLASS_FILE_DIR\=/Users/apple/Library/Developer/Xcode/DerivedData/Planmoni-fdypulhkiungwycuxcfoxcpgffow/Build/Intermediates.noindex/Pods.build/Debug-iphonesimulator/React-Fabric.build/JavaClasses
    export CLEAN_PRECOMPS\=YES
    export CLONE_HEADERS\=NO
    export CODESIGNING_FOLDER_PATH\=/Users/apple/Library/Developer/Xcode/DerivedData/Planmoni-fdypulhkiungwycuxcfoxcpgffow/Build/Products/Debug-iphonesimulator/React-Fabric/libReact-Fabric.a
    export CODE_SIGNING_ALLOWED\=NO
    export CODE_SIGNING_REQUIRED\=YES
    export CODE_SIGN_CONTEXT_CLASS\=XCiPhoneSimulatorCodeSignContext
    export CODE_SIGN_IDENTITY\=-
    export CODE_SIGN_INJECT_BASE_ENTITLEMENTS\=YES
    export COLOR_DIAGNOSTICS\=NO
    export COMBINE_HIDPI_IMAGES\=NO
    export COMPILATION_CACHE_KEEP_CAS_DIRECTORY\=YES
    export COMPILER_INDEX_STORE_ENABLE\=Default
    export COMPOSITE_SDK_DIRS\=/Users/apple/Library/Developer/Xcode/DerivedData/Planmoni-fdypulhkiungwycuxcfoxcpgffow/Build/Intermediates.noindex/CompositeSDKs
    export COMPRESS_PNG_FILES\=YES
    export CONFIGURATION\=Debug
    export CONFIGURATION_BUILD_DIR\=/Users/apple/Library/Developer/Xcode/DerivedData/Planmoni-fdypulhkiungwycuxcfoxcpgffow/Build/Products/Debug-iphonesimulator/React-Fabric
    export CONFIGURATION_TEMP_DIR\=/Users/apple/Library/Developer/Xcode/DerivedData/Planmoni-fdypulhkiungwycuxcfoxcpgffow/Build/Intermediates.noindex/Pods.build/Debug-iphonesimulator
    export COPYING_PRESERVES_HFS_DATA\=NO
    export COPY_HEADERS_RUN_UNIFDEF\=NO
    export COPY_PHASE_STRIP\=NO
    export CORRESPONDING_DEVICE_PLATFORM_DIR\=/Applications/Xcode.app/Contents/Developer/Platforms/iPhoneOS.platform
    export CORRESPONDING_DEVICE_PLATFORM_NAME\=iphoneos
    export CORRESPONDING_DEVICE_SDK_DIR\=/Applications/Xcode.app/Contents/Developer/Platforms/iPhoneOS.platform/Developer/SDKs/iPhoneOS17.5.sdk
    export CORRESPONDING_DEVICE_SDK_NAME\=iphoneos17.5
    export CP\=/bin/cp
    export CREATE_INFOPLIST_SECTION_IN_BINARY\=NO
    export CURRENT_ARCH\=undefined_arch
    export CURRENT_VARIANT\=normal
    export DEAD_CODE_STRIPPING\=YES
    export DEBUGGING_SYMBOLS\=YES
    export DEBUG_INFORMATION_FORMAT\=dwarf
    export DEFAULT_COMPILER\=com.apple.compilers.llvm.clang.1_0
    export DEFAULT_DEXT_INSTALL_PATH\=/System/Library/DriverExtensions
    export DEFAULT_KEXT_INSTALL_PATH\=/System/Library/Extensions
    export DEFINES_MODULE\=YES
    export DEPLOYMENT_LOCATION\=NO
    export DEPLOYMENT_POSTPROCESSING\=NO
    export DEPLOYMENT_TARGET_SETTING_NAME\=IPHONEOS_DEPLOYMENT_TARGET
    export DEPLOYMENT_TARGET_SUGGESTED_VALUES\=12.0\ 12.1\ 12.2\ 12.3\ 12.4\ 13.0\ 13.1\ 13.2\ 13.3\ 13.4\ 13.5\ 13.6\ 14.0\ 14.1\ 14.2\ 14.3\ 14.4\ 14.5\ 14.6\ 14.7\ 15.0\ 15.1\ 15.2\ 15.3\ 15.4\ 15.5\ 15.6\ 16.0\ 16.1\ 16.2\ 16.3\ 16.4\ 16.5\ 16.6\ 17.0\ 17.1\ 17.2\ 17.3\ 17.4\ 17.5
    export DERIVED_FILES_DIR\=/Users/apple/Library/Developer/Xcode/DerivedData/Planmoni-fdypulhkiungwycuxcfoxcpgffow/Build/Intermediates.noindex/Pods.build/Debug-iphonesimulator/React-Fabric.build/DerivedSources
    export DERIVED_FILE_DIR\=/Users/apple/Library/Developer/Xcode/DerivedData/Planmoni-fdypulhkiungwycuxcfoxcpgffow/Build/Intermediates.noindex/Pods.build/Debug-iphonesimulator/React-Fabric.build/DerivedSources
    export DERIVED_SOURCES_DIR\=/Users/apple/Library/Developer/Xcode/DerivedData/Planmoni-fdypulhkiungwycuxcfoxcpgffow/Build/Intermediates.noindex/Pods.build/Debug-iphonesimulator/React-Fabric.build/DerivedSources
    export DEVELOPER_APPLICATIONS_DIR\=/Applications/Xcode.app/Contents/Developer/Applications
    export DEVELOPER_BIN_DIR\=/Applications/Xcode.app/Contents/Developer/usr/bin
    export DEVELOPER_DIR\=/Applications/Xcode.app/Contents/Developer
    export DEVELOPER_FRAMEWORKS_DIR\=/Applications/Xcode.app/Contents/Developer/Library/Frameworks
    export DEVELOPER_FRAMEWORKS_DIR_QUOTED\=/Applications/Xcode.app/Contents/Developer/Library/Frameworks
    export DEVELOPER_LIBRARY_DIR\=/Applications/Xcode.app/Contents/Developer/Library
    export DEVELOPER_SDK_DIR\=/Applications/Xcode.app/Contents/Developer/Platforms/MacOSX.platform/Developer/SDKs
    export DEVELOPER_TOOLS_DIR\=/Applications/Xcode.app/Contents/Developer/Tools
    export DEVELOPER_USR_DIR\=/Applications/Xcode.app/Contents/Developer/usr
    export DEVELOPMENT_LANGUAGE\=en
    export DIFF\=/usr/bin/diff
    export DONT_GENERATE_INFOPLIST_FILE\=NO
    export DO_HEADER_SCANNING_IN_JAM\=NO
    export DSTROOT\=/tmp/Pods.dst
    export DT_TOOLCHAIN_DIR\=/Applications/Xcode.app/Contents/Developer/Toolchains/XcodeDefault.xctoolchain
    export DWARF_DSYM_FILE_NAME\=libReact-Fabric.a.dSYM
    export DWARF_DSYM_FILE_SHOULD_ACCOMPANY_PRODUCT\=NO
    export DWARF_DSYM_FOLDER_PATH\=/Users/apple/Library/Developer/Xcode/DerivedData/Planmoni-fdypulhkiungwycuxcfoxcpgffow/Build/Products/Debug-iphonesimulator/React-Fabric
    export DYNAMIC_LIBRARY_EXTENSION\=dylib
    export EAGER_LINKING\=NO
    export EFFECTIVE_PLATFORM_NAME\=-iphonesimulator
    export EMBEDDED_CONTENT_CONTAINS_SWIFT\=NO
    export EMBED_ASSET_PACKS_IN_PRODUCT_BUNDLE\=NO
    export ENABLE_APP_SANDBOX\=NO
    export ENABLE_BITCODE\=NO
    export ENABLE_CODE_COVERAGE\=YES
    export ENABLE_DEFAULT_HEADER_SEARCH_PATHS\=YES
    export ENABLE_DEFAULT_SEARCH_PATHS\=YES
    export ENABLE_HARDENED_RUNTIME\=NO
    export ENABLE_HEADER_DEPENDENCIES\=YES
    export ENABLE_MODULE_VERIFIER\=NO
    export ENABLE_ON_DEMAND_RESOURCES\=NO
    export ENABLE_PREVIEWS\=NO
    export ENABLE_STRICT_OBJC_MSGSEND\=YES
    export ENABLE_TESTABILITY\=YES
    export ENABLE_TESTING_SEARCH_PATHS\=NO
    export ENABLE_USER_SCRIPT_SANDBOXING\=NO
    export ENABLE_XOJIT_PREVIEWS\=NO
    export ENTITLEMENTS_DESTINATION\=__entitlements
    export ENTITLEMENTS_REQUIRED\=YES
    export EXCLUDED_INSTALLSRC_SUBDIRECTORY_PATTERNS\=.DS_Store\ .svn\ .git\ .hg\ CVS
    export EXCLUDED_RECURSIVE_SEARCH_PATH_SUBDIRECTORIES\=\*.nib\ \*.lproj\ \*.framework\ \*.gch\ \*.xcode\*\ \*.xcassets\ \(\*\)\ .DS_Store\ CVS\ .svn\ .git\ .hg\ \*.pbproj\ \*.pbxproj
    export EXECUTABLE_EXTENSION\=a
    export EXECUTABLE_NAME\=libReact-Fabric.a
    export EXECUTABLE_PATH\=libReact-Fabric.a
    export EXECUTABLE_PREFIX\=lib
    export EXECUTABLE_SUFFIX\=.a
    export FILE_LIST\=/Users/apple/Library/Developer/Xcode/DerivedData/Planmoni-fdypulhkiungwycuxcfoxcpgffow/Build/Intermediates.noindex/Pods.build/Debug-iphonesimulator/React-Fabric.build/Objects/LinkFileList
    export FIXED_FILES_DIR\=/Users/apple/Library/Developer/Xcode/DerivedData/Planmoni-fdypulhkiungwycuxcfoxcpgffow/Build/Intermediates.noindex/Pods.build/Debug-iphonesimulator/React-Fabric.build/FixedFiles
    export FRAMEWORK_FLAG_PREFIX\=-framework
    export FRAMEWORK_SEARCH_PATHS\=/Users/apple/Library/Developer/Xcode/DerivedData/Planmoni-fdypulhkiungwycuxcfoxcpgffow/Build/Products/Debug-iphonesimulator/React-Fabric\ \ \"/Users/apple/Plnmo/app/ios/Pods/hermes-engine/destroot/Library/Frameworks/universal\"\ \"/Users/apple/Library/Developer/Xcode/DerivedData/Planmoni-fdypulhkiungwycuxcfoxcpgffow/Build/Products/Debug-iphonesimulator/XCFrameworkIntermediates/hermes-engine/Pre-built\"
    export FRAMEWORK_VERSION\=A
    export FULL_PRODUCT_NAME\=libReact-Fabric.a
    export FUSE_BUILD_PHASES\=YES
    export FUSE_BUILD_SCRIPT_PHASES\=NO
    export GCC3_VERSION\=3.3
    export GCC_C_LANGUAGE_STANDARD\=gnu11
    export GCC_DYNAMIC_NO_PIC\=NO
    export GCC_NO_COMMON_BLOCKS\=YES
    export GCC_OBJC_LEGACY_DISPATCH\=YES
    export GCC_OPTIMIZATION_LEVEL\=0
    export GCC_PFE_FILE_C_DIALECTS\=c\ objective-c\ c++\ objective-c++
    export GCC_PREFIX_HEADER\=Target\ Support\ Files/React-Fabric/React-Fabric-prefix.pch
    export GCC_PREPROCESSOR_DEFINITIONS\=POD_CONFIGURATION_DEBUG\=1\ DEBUG\=1\ \ COCOAPODS\=1
    export GCC_TREAT_WARNINGS_AS_ERRORS\=NO
    export GCC_VERSION\=com.apple.compilers.llvm.clang.1_0
    export GCC_VERSION_IDENTIFIER\=com_apple_compilers_llvm_clang_1_0
    export GCC_WARN_64_TO_32_BIT_CONVERSION\=YES
    export GCC_WARN_ABOUT_RETURN_TYPE\=YES_ERROR
    export GCC_WARN_PEDANTIC\=YES
    export GCC_WARN_UNDECLARED_SELECTOR\=YES
    export GCC_WARN_UNINITIALIZED_AUTOS\=YES_AGGRESSIVE
    export GCC_WARN_UNUSED_FUNCTION\=YES
    export GCC_WARN_UNUSED_VARIABLE\=YES
    export GENERATED_MODULEMAP_DIR\=/Users/apple/Library/Developer/Xcode/DerivedData/Planmoni-fdypulhkiungwycuxcfoxcpgffow/Build/Intermediates.noindex/GeneratedModuleMaps-iphonesimulator
    export GENERATE_INFOPLIST_FILE\=NO
    export GENERATE_INTERMEDIATE_TEXT_BASED_STUBS\=YES
    export GENERATE_MASTER_OBJECT_FILE\=NO
    export GENERATE_PKGINFO_FILE\=NO
    export GENERATE_PROFILING_CODE\=NO
    export GENERATE_TEXT_BASED_STUBS\=NO
    export GID\=20
    export GROUP\=staff
    export HEADERMAP_INCLUDES_FLAT_ENTRIES_FOR_TARGET_BEING_BUILT\=YES
    export HEADERMAP_INCLUDES_FRAMEWORK_ENTRIES_FOR_ALL_PRODUCT_TYPES\=YES
    export HEADERMAP_INCLUDES_NONPUBLIC_NONPRIVATE_HEADERS\=YES
    export HEADERMAP_INCLUDES_PROJECT_HEADERS\=YES
    export HEADERMAP_USES_FRAMEWORK_PREFIX_ENTRIES\=YES
    export HEADERMAP_USES_VFS\=YES
    export HEADER_SEARCH_PATHS\=/Users/apple/Library/Developer/Xcode/DerivedData/Planmoni-fdypulhkiungwycuxcfoxcpgffow/Build/Products/Debug-iphonesimulator/React-Fabric/include\ \ \"/Users/apple/Plnmo/app/ios/Pods/Headers/Private\"\ \"/Users/apple/Plnmo/app/ios/Pods/Headers/Private/React-Fabric\"\ \"/Users/apple/Plnmo/app/ios/Pods/Headers/Public\"\ \"/Users/apple/Plnmo/app/ios/Pods/Headers/Public/DoubleConversion\"\ \"/Users/apple/Plnmo/app/ios/Pods/Headers/Public/FBLazyVector\"\ \"/Users/apple/Plnmo/app/ios/Pods/Headers/Public/RCT-Folly\"\ \"/Users/apple/Plnmo/app/ios/Pods/Headers/Public/RCTRequired\"\ \"/Users/apple/Plnmo/app/ios/Pods/Headers/Public/RCTTypeSafety\"\ \"/Users/apple/Plnmo/app/ios/Pods/Headers/Public/React-Core\"\ \"/Users/apple/Plnmo/app/ios/Pods/Headers/Public/React-Fabric\"\ \"/Users/apple/Plnmo/app/ios/Pods/Headers/Public/React-callinvoker\"\ \"/Users/apple/Plnmo/app/ios/Pods/Headers/Public/React-cxxreact\"\ \"/Users/apple/Plnmo/app/ios/Pods/Headers/Public/React-debug\"\ \"/Users/apple/Plnmo/app/ios/Pods/Headers/Public/React-featureflags\"\ \"/Users/apple/Plnmo/app/ios/Pods/Headers/Public/React-graphics\"\ \"/Users/apple/Plnmo/app/ios/Pods/Headers/Public/React-hermes\"\ \"/Users/apple/Plnmo/app/ios/Pods/Headers/Public/React-jsi\"\ \"/Users/apple/Plnmo/app/ios/Pods/Headers/Public/React-jsiexecutor\"\ \"/Users/apple/Plnmo/app/ios/Pods/Headers/Public/React-jsinspector\"\ \"/Users/apple/Plnmo/app/ios/Pods/Headers/Public/React-jsinspectortracing\"\ \"/Users/apple/Plnmo/app/ios/Pods/Headers/Public/React-jsitooling\"\ \"/Users/apple/Plnmo/app/ios/Pods/Headers/Public/React-logger\"\ \"/Users/apple/Plnmo/app/ios/Pods/Headers/Public/React-oscompat\"\ \"/Users/apple/Plnmo/app/ios/Pods/Headers/Public/React-perflogger\"\ \"/Users/apple/Plnmo/app/ios/Pods/Headers/Public/React-performancetimeline\"\ \"/Users/apple/Plnmo/app/ios/Pods/Headers/Public/React-rendererconsistency\"\ \"/Users/apple/Plnmo/app/ios/Pods/Headers/Public/React-renderercss\"\ \"/Users/apple/Plnmo/app/ios/Pods/Headers/Public/React-rendererdebug\"\ \"/Users/apple/Plnmo/app/ios/Pods/Headers/Public/React-runtimeexecutor\"\ \"/Users/apple/Plnmo/app/ios/Pods/Headers/Public/React-runtimescheduler\"\ \"/Users/apple/Plnmo/app/ios/Pods/Headers/Public/React-timing\"\ \"/Users/apple/Plnmo/app/ios/Pods/Headers/Public/React-utils\"\ \"/Users/apple/Plnmo/app/ios/Pods/Headers/Public/ReactCommon\"\ \"/Users/apple/Plnmo/app/ios/Pods/Headers/Public/Yoga\"\ \"/Users/apple/Plnmo/app/ios/Pods/Headers/Public/boost\"\ \"/Users/apple/Plnmo/app/ios/Pods/Headers/Public/fast_float\"\ \"/Users/apple/Plnmo/app/ios/Pods/Headers/Public/fmt\"\ \"/Users/apple/Plnmo/app/ios/Pods/Headers/Public/glog\"\ \"/Users/apple/Plnmo/app/ios/Pods/Headers/Public/hermes-engine\"\ \"/Users/apple/Library/Developer/Xcode/DerivedData/Planmoni-fdypulhkiungwycuxcfoxcpgffow/Build/Products/Debug-iphonesimulator/React-rendererdebug/React_rendererdebug.framework/Headers\"\ \"/Users/apple/Library/Developer/Xcode/DerivedData/Planmoni-fdypulhkiungwycuxcfoxcpgffow/Build/Products/Debug-iphonesimulator/React-graphics/React_graphics.framework/Headers\"\ \"/Users/apple/Library/Developer/Xcode/DerivedData/Planmoni-fdypulhkiungwycuxcfoxcpgffow/Build/Products/Debug-iphonesimulator/React-graphics/React_graphics.framework/Headers/react/renderer/graphics/platform/ios\"\ \"/Users/apple/Library/Developer/Xcode/DerivedData/Planmoni-fdypulhkiungwycuxcfoxcpgffow/Build/Products/Debug-iphonesimulator/React-rendererdebug/React_rendererdebug.framework/Headers\"\ \"/Users/apple/Library/Developer/Xcode/DerivedData/Planmoni-fdypulhkiungwycuxcfoxcpgffow/Build/Products/Debug-iphonesimulator/React-graphics/React_graphics.framework/Headers\"\ \"/Users/apple/Library/Developer/Xcode/DerivedData/Planmoni-fdypulhkiungwycuxcfoxcpgffow/Build/Products/Debug-iphonesimulator/React-graphics/React_graphics.framework/Headers/react/renderer/graphics/platform/ios\"\ \"/Users/apple/Plnmo/app/ios/Pods/Headers/Private/React-Core\"\ \"/Users/apple/Library/Developer/Xcode/DerivedData/Planmoni-fdypulhkiungwycuxcfoxcpgffow/Build/Products/Debug-iphonesimulator/React-rendererdebug/React_rendererdebug.framework/Headers\"\ \"/Users/apple/Library/Developer/Xcode/DerivedData/Planmoni-fdypulhkiungwycuxcfoxcpgffow/Build/Products/Debug-iphonesimulator/React-graphics/React_graphics.framework/Headers\"\ \"/Users/apple/Library/Developer/Xcode/DerivedData/Planmoni-fdypulhkiungwycuxcfoxcpgffow/Build/Products/Debug-iphonesimulator/React-graphics/React_graphics.framework/Headers/react/renderer/graphics/platform/ios\"\ \"/Users/apple/Plnmo/app/ios/Pods/Headers/Private/Yoga\"\ \"/Users/apple/Library/Developer/Xcode/DerivedData/Planmoni-fdypulhkiungwycuxcfoxcpgffow/Build/Products/Debug-iphonesimulator/React-rendererdebug/React_rendererdebug.framework/Headers\"\ \"/Users/apple/Library/Developer/Xcode/DerivedData/Planmoni-fdypulhkiungwycuxcfoxcpgffow/Build/Products/Debug-iphonesimulator/React-graphics/React_graphics.framework/Headers\"\ \"/Users/apple/Library/Developer/Xcode/DerivedData/Planmoni-fdypulhkiungwycuxcfoxcpgffow/Build/Products/Debug-iphonesimulator/React-graphics/React_graphics.framework/Headers/react/renderer/graphics/platform/ios\"\ \"/Users/apple/Plnmo/app/ios/Pods/boost\"\ \"/Users/apple/Plnmo/app/ios/Pods/../../node_modules/react-native/ReactCommon/ReactCommon\"\ \"/Users/apple/Plnmo/app/ios/Pods/RCT-Folly\"\ \"/Users/apple/Plnmo/app/ios/Pods/Headers/Private/Yoga\"\ \"/Users/apple/Plnmo/app/ios/Pods/../../node_modules/react-native/ReactCommon\"\ \"/Users/apple/Plnmo/app/ios/Pods/DoubleConversion\"\ \"/Users/apple/Plnmo/app/ios/Pods/fmt/include\"
    export HIDE_BITCODE_SYMBOLS\=YES
    export HOME\=/Users/apple
    export HOST_ARCH\=arm64
    export HOST_PLATFORM\=macosx
    export ICONV\=/usr/bin/iconv
    export INFOPLIST_ENABLE_CFBUNDLEICONS_MERGE\=YES
    export INFOPLIST_EXPAND_BUILD_SETTINGS\=YES
    export INFOPLIST_OUTPUT_FORMAT\=binary
    export INFOPLIST_PREPROCESS\=NO
    export INLINE_PRIVATE_FRAMEWORKS\=NO
    export INSTALLHDRS_COPY_PHASE\=NO
    export INSTALLHDRS_SCRIPT_PHASE\=NO
    export INSTALL_DIR\=/tmp/Pods.dst/usr/local/lib
    export INSTALL_GROUP\=staff
    export INSTALL_MODE_FLAG\=u+w,go-w,a+rX
    export INSTALL_OWNER\=apple
    export INSTALL_PATH\=/usr/local/lib
    export INSTALL_ROOT\=/tmp/Pods.dst
    export IPHONEOS_DEPLOYMENT_TARGET\=15.1
    export IS_UNOPTIMIZED_BUILD\=YES
    export JAVAC_DEFAULT_FLAGS\=-J-Xms64m\ -J-XX:NewSize\=4M\ -J-Dfile.encoding\=UTF8
    export JAVA_APP_STUB\=/System/Library/Frameworks/JavaVM.framework/Resources/MacOS/JavaApplicationStub
    export JAVA_ARCHIVE_CLASSES\=YES
    export JAVA_ARCHIVE_TYPE\=JAR
    export JAVA_COMPILER\=/usr/bin/javac
    export JAVA_FRAMEWORK_RESOURCES_DIRS\=Resources
    export JAVA_JAR_FLAGS\=cv
    export JAVA_SOURCE_SUBDIR\=.
    export JAVA_USE_DEPENDENCIES\=YES
    export JAVA_ZIP_FLAGS\=-urg
    export JIKES_DEFAULT_FLAGS\=+E\ +OLDCSO
    export KEEP_PRIVATE_EXTERNS\=NO
    export LD_DEPENDENCY_INFO_FILE\=/Users/apple/Library/Developer/Xcode/DerivedData/Planmoni-fdypulhkiungwycuxcfoxcpgffow/Build/Intermediates.noindex/Pods.build/Debug-iphonesimulator/React-Fabric.build/Objects-normal/undefined_arch/React-Fabric_dependency_info.dat
    export LD_EXPORT_SYMBOLS\=YES
    export LD_GENERATE_MAP_FILE\=NO
    export LD_MAP_FILE_PATH\=/Users/apple/Library/Developer/Xcode/DerivedData/Planmoni-fdypulhkiungwycuxcfoxcpgffow/Build/Intermediates.noindex/Pods.build/Debug-iphonesimulator/React-Fabric.build/React-Fabric-LinkMap-normal-undefined_arch.txt
    export LD_NO_PIE\=NO
    export LD_QUOTE_LINKER_ARGUMENTS_FOR_COMPILER_DRIVER\=YES
    export LEGACY_DEVELOPER_DIR\=/Applications/Xcode.app/Contents/PlugIns/Xcode3Core.ideplugin/Contents/SharedSupport/Developer
    export LEX\=lex
    export LIBRARY_DEXT_INSTALL_PATH\=/Library/DriverExtensions
    export LIBRARY_FLAG_NOSPACE\=YES
    export LIBRARY_FLAG_PREFIX\=-l
    export LIBRARY_KEXT_INSTALL_PATH\=/Library/Extensions
    export LIBRARY_SEARCH_PATHS\=/Users/apple/Library/Developer/Xcode/DerivedData/Planmoni-fdypulhkiungwycuxcfoxcpgffow/Build/Products/Debug-iphonesimulator/React-Fabric\ 
    export LINKER_DISPLAYS_MANGLED_NAMES\=NO
    export LINK_FILE_LIST_normal_arm64\=/Users/apple/Library/Developer/Xcode/DerivedData/Planmoni-fdypulhkiungwycuxcfoxcpgffow/Build/Intermediates.noindex/Pods.build/Debug-iphonesimulator/React-Fabric.build/Objects-normal/arm64/React-Fabric.LinkFileList
    export LINK_OBJC_RUNTIME\=YES
    export LINK_WITH_STANDARD_LIBRARIES\=YES
    export LLVM_TARGET_TRIPLE_OS_VERSION\=ios15.1
    export LLVM_TARGET_TRIPLE_SUFFIX\=-simulator
    export LLVM_TARGET_TRIPLE_VENDOR\=apple
    export LM_AUX_CONST_METADATA_LIST_PATH_normal_arm64\=/Users/apple/Library/Developer/Xcode/DerivedData/Planmoni-fdypulhkiungwycuxcfoxcpgffow/Build/Intermediates.noindex/Pods.build/Debug-iphonesimulator/React-Fabric.build/Objects-normal/arm64/React-Fabric.SwiftConstValuesFileList
    export LOCALIZATION_EXPORT_SUPPORTED\=YES
    export LOCALIZATION_PREFERS_STRING_CATALOGS\=NO
    export LOCALIZED_STRING_MACRO_NAMES\=NSLocalizedString\ CFCopyLocalizedString
    export LOCALIZED_STRING_SWIFTUI_SUPPORT\=YES
    export LOCAL_ADMIN_APPS_DIR\=/Applications/Utilities
    export LOCAL_APPS_DIR\=/Applications
    export LOCAL_DEVELOPER_DIR\=/Library/Developer
    export LOCAL_LIBRARY_DIR\=/Library
    export LOCROOT\=/Users/apple/Plnmo/app/ios/Pods
    export LOCSYMROOT\=/Users/apple/Plnmo/app/ios/Pods
    export MACH_O_TYPE\=staticlib
    export MAC_OS_X_PRODUCT_BUILD_VERSION\=23F79
    export MAC_OS_X_VERSION_ACTUAL\=140500
    export MAC_OS_X_VERSION_MAJOR\=140000
    export MAC_OS_X_VERSION_MINOR\=140500
    export MAKE_MERGEABLE\=NO
    export MERGEABLE_LIBRARY\=NO
    export MERGED_BINARY_TYPE\=none
    export MERGE_LINKED_LIBRARIES\=NO
    export METAL_LIBRARY_FILE_BASE\=default
    export METAL_LIBRARY_OUTPUT_DIR\=/Users/apple/Library/Developer/Xcode/DerivedData/Planmoni-fdypulhkiungwycuxcfoxcpgffow/Build/Products/Debug-iphonesimulator/React-Fabric/
    export MODULEMAP_FILE\=Headers/Public/React_Fabric/React-Fabric.modulemap
    export MODULE_CACHE_DIR\=/Users/apple/Library/Developer/Xcode/DerivedData/ModuleCache.noindex
    export MTL_ENABLE_DEBUG_INFO\=INCLUDE_SOURCE
    export MTL_FAST_MATH\=YES
    export NATIVE_ARCH\=arm64
    export NATIVE_ARCH_32_BIT\=arm
    export NATIVE_ARCH_64_BIT\=arm64
    export NATIVE_ARCH_ACTUAL\=arm64
    export NO_COMMON\=YES
    export OBJC_ABI_VERSION\=2
    export OBJECT_FILE_DIR\=/Users/apple/Library/Developer/Xcode/DerivedData/Planmoni-fdypulhkiungwycuxcfoxcpgffow/Build/Intermediates.noindex/Pods.build/Debug-iphonesimulator/React-Fabric.build/Objects
    export OBJECT_FILE_DIR_normal\=/Users/apple/Library/Developer/Xcode/DerivedData/Planmoni-fdypulhkiungwycuxcfoxcpgffow/Build/Intermediates.noindex/Pods.build/Debug-iphonesimulator/React-Fabric.build/Objects-normal
    export OBJROOT\=/Users/apple/Library/Developer/Xcode/DerivedData/Planmoni-fdypulhkiungwycuxcfoxcpgffow/Build/Intermediates.noindex
    export ONLY_ACTIVE_ARCH\=YES
    export OS\=MACOS
    export OSAC\=/usr/bin/osacompile
    export OTHER_CFLAGS\=\ -fmodule-map-file\=\"/Users/apple/Plnmo/app/ios/Pods/Headers/Public/DoubleConversion/DoubleConversion.modulemap\"\ -fmodule-map-file\=\"/Users/apple/Plnmo/app/ios/Pods/Headers/Public/RCTDeprecation/RCTDeprecation.modulemap\"\ -fmodule-map-file\=\"/Users/apple/Plnmo/app/ios/Pods/Headers/Public/RCTTypeSafety/RCTTypeSafety.modulemap\"\ -fmodule-map-file\=\"/Users/apple/Plnmo/app/ios/Pods/Headers/Public/React/React-Core.modulemap\"\ -fmodule-map-file\=\"/Users/apple/Plnmo/app/ios/Pods/Headers/Public/ReactCommon/ReactCommon.modulemap\"\ -fmodule-map-file\=\"/Users/apple/Plnmo/app/ios/Pods/Headers/Public/folly/RCT-Folly.modulemap\"\ -fmodule-map-file\=\"/Users/apple/Plnmo/app/ios/Pods/Headers/Public/glog/glog.modulemap\"\ -fmodule-map-file\=\"/Users/apple/Plnmo/app/ios/Pods/Headers/Public/jsi/React-jsi.modulemap\"\ -fmodule-map-file\=\"/Users/apple/Plnmo/app/ios/Pods/Headers/Public/jsinspector_modern/React-jsinspector.modulemap\"\ -fmodule-map-file\=\"/Users/apple/Plnmo/app/ios/Pods/Headers/Public/jsinspector_modern_tracing/React-jsinspectortracing.modulemap\"\ -fmodule-map-file\=\"/Users/apple/Plnmo/app/ios/Pods/Headers/Public/react_debug/React-debug.modulemap\"\ -fmodule-map-file\=\"/Users/apple/Plnmo/app/ios/Pods/Headers/Public/react_featureflags/React-featureflags.modulemap\"\ -fmodule-map-file\=\"/Users/apple/Plnmo/app/ios/Pods/Headers/Public/react_renderer_css/React-renderercss.modulemap\"\ -fmodule-map-file\=\"/Users/apple/Plnmo/app/ios/Pods/Headers/Public/react_renderer_debug/React-rendererdebug.modulemap\"\ -fmodule-map-file\=\"/Users/apple/Plnmo/app/ios/Pods/Headers/Public/react_renderer_graphics/React-graphics.modulemap\"\ -fmodule-map-file\=\"/Users/apple/Plnmo/app/ios/Pods/Headers/Public/react_runtime/React-jsitooling.modulemap\"\ -fmodule-map-file\=\"/Users/apple/Plnmo/app/ios/Pods/Headers/Public/react_utils/React-utils.modulemap\"\ -fmodule-map-file\=\"/Users/apple/Plnmo/app/ios/Pods/Headers/Public/reacthermes/React-hermes.modulemap\"\ -fmodule-map-file\=\"/Users/apple/Plnmo/app/ios/Pods/Headers/Public/yoga/Yoga.modulemap\"
    export OTHER_CPLUSPLUSFLAGS\=\ -fmodule-map-file\=\"/Users/apple/Plnmo/app/ios/Pods/Headers/Public/DoubleConversion/DoubleConversion.modulemap\"\ -fmodule-map-file\=\"/Users/apple/Plnmo/app/ios/Pods/Headers/Public/RCTDeprecation/RCTDeprecation.modulemap\"\ -fmodule-map-file\=\"/Users/apple/Plnmo/app/ios/Pods/Headers/Public/RCTTypeSafety/RCTTypeSafety.modulemap\"\ -fmodule-map-file\=\"/Users/apple/Plnmo/app/ios/Pods/Headers/Public/React/React-Core.modulemap\"\ -fmodule-map-file\=\"/Users/apple/Plnmo/app/ios/Pods/Headers/Public/ReactCommon/ReactCommon.modulemap\"\ -fmodule-map-file\=\"/Users/apple/Plnmo/app/ios/Pods/Headers/Public/folly/RCT-Folly.modulemap\"\ -fmodule-map-file\=\"/Users/apple/Plnmo/app/ios/Pods/Headers/Public/glog/glog.modulemap\"\ -fmodule-map-file\=\"/Users/apple/Plnmo/app/ios/Pods/Headers/Public/jsi/React-jsi.modulemap\"\ -fmodule-map-file\=\"/Users/apple/Plnmo/app/ios/Pods/Headers/Public/jsinspector_modern/React-jsinspector.modulemap\"\ -fmodule-map-file\=\"/Users/apple/Plnmo/app/ios/Pods/Headers/Public/jsinspector_modern_tracing/React-jsinspectortracing.modulemap\"\ -fmodule-map-file\=\"/Users/apple/Plnmo/app/ios/Pods/Headers/Public/react_debug/React-debug.modulemap\"\ -fmodule-map-file\=\"/Users/apple/Plnmo/app/ios/Pods/Headers/Public/react_featureflags/React-featureflags.modulemap\"\ -fmodule-map-file\=\"/Users/apple/Plnmo/app/ios/Pods/Headers/Public/react_renderer_css/React-renderercss.modulemap\"\ -fmodule-map-file\=\"/Users/apple/Plnmo/app/ios/Pods/Headers/Public/react_renderer_debug/React-rendererdebug.modulemap\"\ -fmodule-map-file\=\"/Users/apple/Plnmo/app/ios/Pods/Headers/Public/react_renderer_graphics/React-graphics.modulemap\"\ -fmodule-map-file\=\"/Users/apple/Plnmo/app/ios/Pods/Headers/Public/react_runtime/React-jsitooling.modulemap\"\ -fmodule-map-file\=\"/Users/apple/Plnmo/app/ios/Pods/Headers/Public/react_utils/React-utils.modulemap\"\ -fmodule-map-file\=\"/Users/apple/Plnmo/app/ios/Pods/Headers/Public/reacthermes/React-hermes.modulemap\"\ -fmodule-map-file\=\"/Users/apple/Plnmo/app/ios/Pods/Headers/Public/yoga/Yoga.modulemap\"
    export PACKAGE_TYPE\=com.apple.package-type.static-library
    export PASCAL_STRINGS\=YES
    export PATH\=/Applications/Xcode.app/Contents/SharedFrameworks/XCBuild.framework/Versions/A/PlugIns/XCBBuildService.bundle/Contents/PlugIns/XCBSpecifications.ideplugin/Contents/Resources:/Applications/Xcode.app/Contents/SharedFrameworks/XCBuild.framework/Versions/A/PlugIns/XCBBuildService.bundle/Contents/PlugIns/XCBSpecifications.ideplugin:/Applications/Xcode.app/Contents/Developer/Toolchains/XcodeDefault.xctoolchain/usr/bin:/Applications/Xcode.app/Contents/Developer/Toolchains/XcodeDefault.xctoolchain/usr/appleinternal/bin:/Applications/Xcode.app/Contents/Developer/Toolchains/XcodeDefault.xctoolchain/usr/local/bin:/Applications/Xcode.app/Contents/Developer/Toolchains/XcodeDefault.xctoolchain/usr/libexec:/Applications/Xcode.app/Contents/Developer/Platforms/iPhoneSimulator.platform/usr/bin:/Applications/Xcode.app/Contents/Developer/Platforms/iPhoneSimulator.platform/usr/appleinternal/bin:/Applications/Xcode.app/Contents/Developer/Platforms/iPhoneSimulator.platform/usr/local/bin:/Applications/Xcode.app/Contents/Developer/Platforms/iPhoneSimulator.platform/Developer/usr/bin:/Applications/Xcode.app/Contents/Developer/Platforms/iPhoneSimulator.platform/Developer/usr/local/bin:/Applications/Xcode.app/Contents/Developer/usr/bin:/Applications/Xcode.app/Contents/Developer/usr/local/bin:/Users/apple/.gem/bin:/Users/apple/development/flutter/bin:/opt/homebrew/bin:/opt/homebrew/sbin:/usr/local/bin:/System/Cryptexes/App/usr/bin:/usr/bin:/bin:/usr/sbin:/sbin:/var/run/com.apple.security.cryptexd/codex.system/bootstrap/usr/local/bin:/var/run/com.apple.security.cryptexd/codex.system/bootstrap/usr/bin:/var/run/com.apple.security.cryptexd/codex.system/bootstrap/usr/appleinternal/bin:/Library/Apple/usr/bin:/Applications/VMware\ Fusion.app/Contents/Public
    export PATH_PREFIXES_EXCLUDED_FROM_HEADER_DEPENDENCIES\=/usr/include\ /usr/local/include\ /System/Library/Frameworks\ /System/Library/PrivateFrameworks\ /Applications/Xcode.app/Contents/Developer/Headers\ /Applications/Xcode.app/Contents/Developer/SDKs\ /Applications/Xcode.app/Contents/Developer/Platforms
    export PER_ARCH_OBJECT_FILE_DIR\=/Users/apple/Library/Developer/Xcode/DerivedData/Planmoni-fdypulhkiungwycuxcfoxcpgffow/Build/Intermediates.noindex/Pods.build/Debug-iphonesimulator/React-Fabric.build/Objects-normal/undefined_arch
    export PER_VARIANT_OBJECT_FILE_DIR\=/Users/apple/Library/Developer/Xcode/DerivedData/Planmoni-fdypulhkiungwycuxcfoxcpgffow/Build/Intermediates.noindex/Pods.build/Debug-iphonesimulator/React-Fabric.build/Objects-normal
    export PKGINFO_FILE_PATH\=/Users/apple/Library/Developer/Xcode/DerivedData/Planmoni-fdypulhkiungwycuxcfoxcpgffow/Build/Intermediates.noindex/Pods.build/Debug-iphonesimulator/React-Fabric.build/PkgInfo
    export PLATFORM_DEVELOPER_APPLICATIONS_DIR\=/Applications/Xcode.app/Contents/Developer/Platforms/iPhoneSimulator.platform/Developer/Applications
    export PLATFORM_DEVELOPER_BIN_DIR\=/Applications/Xcode.app/Contents/Developer/Platforms/iPhoneSimulator.platform/Developer/usr/bin
    export PLATFORM_DEVELOPER_LIBRARY_DIR\=/Applications/Xcode.app/Contents/Developer/Platforms/iPhoneSimulator.platform/Developer/Library
    export PLATFORM_DEVELOPER_SDK_DIR\=/Applications/Xcode.app/Contents/Developer/Platforms/iPhoneSimulator.platform/Developer/SDKs
    export PLATFORM_DEVELOPER_TOOLS_DIR\=/Applications/Xcode.app/Contents/Developer/Platforms/iPhoneSimulator.platform/Developer/Tools
    export PLATFORM_DEVELOPER_USR_DIR\=/Applications/Xcode.app/Contents/Developer/Platforms/iPhoneSimulator.platform/Developer/usr
    export PLATFORM_DIR\=/Applications/Xcode.app/Contents/Developer/Platforms/iPhoneSimulator.platform
    export PLATFORM_DISPLAY_NAME\=iOS\ Simulator
    export PLATFORM_FAMILY_NAME\=iOS
    export PLATFORM_NAME\=iphonesimulator
    export PLATFORM_PREFERRED_ARCH\=x86_64
    export PLATFORM_PRODUCT_BUILD_VERSION\=21F77
    export PLIST_FILE_OUTPUT_FORMAT\=binary
    export PODS_BUILD_DIR\=/Users/apple/Library/Developer/Xcode/DerivedData/Planmoni-fdypulhkiungwycuxcfoxcpgffow/Build/Products
    export PODS_CONFIGURATION_BUILD_DIR\=/Users/apple/Library/Developer/Xcode/DerivedData/Planmoni-fdypulhkiungwycuxcfoxcpgffow/Build/Products/Debug-iphonesimulator
    export PODS_DEVELOPMENT_LANGUAGE\=en
    export PODS_ROOT\=/Users/apple/Plnmo/app/ios/Pods
    export PODS_TARGET_SRCROOT\=/Users/apple/Plnmo/app/ios/Pods/../../node_modules/react-native/ReactCommon
    export PODS_XCFRAMEWORKS_BUILD_DIR\=/Users/apple/Library/Developer/Xcode/DerivedData/Planmoni-fdypulhkiungwycuxcfoxcpgffow/Build/Products/Debug-iphonesimulator/XCFrameworkIntermediates
    export PRECOMPS_INCLUDE_HEADERS_FROM_BUILT_PRODUCTS_DIR\=YES
    export PRECOMP_DESTINATION_DIR\=/Users/apple/Library/Developer/Xcode/DerivedData/Planmoni-fdypulhkiungwycuxcfoxcpgffow/Build/Intermediates.noindex/Pods.build/Debug-iphonesimulator/React-Fabric.build/PrefixHeaders
    export PRESERVE_DEAD_CODE_INITS_AND_TERMS\=NO
    export PROCESSED_INFOPLIST_PATH\=/Users/apple/Library/Developer/Xcode/DerivedData/Planmoni-fdypulhkiungwycuxcfoxcpgffow/Build/Intermediates.noindex/Pods.build/Debug-iphonesimulator/React-Fabric.build/Objects-normal/undefined_arch/Processed-Info.plist
    export PRODUCT_BUNDLE_IDENTIFIER\=org.cocoapods.React-Fabric
    export PRODUCT_MODULE_NAME\=React_Fabric
    export PRODUCT_NAME\=React-Fabric
    export PRODUCT_SETTINGS_PATH\=
    export PRODUCT_TYPE\=com.apple.product-type.library.static
    export PROFILING_CODE\=NO
    export PROJECT\=Pods
    export PROJECT_DERIVED_FILE_DIR\=/Users/apple/Library/Developer/Xcode/DerivedData/Planmoni-fdypulhkiungwycuxcfoxcpgffow/Build/Intermediates.noindex/Pods.build/DerivedSources
    export PROJECT_DIR\=/Users/apple/Plnmo/app/ios/Pods
    export PROJECT_FILE_PATH\=/Users/apple/Plnmo/app/ios/Pods/Pods.xcodeproj
    export PROJECT_NAME\=Pods
    export PROJECT_TEMP_DIR\=/Users/apple/Library/Developer/Xcode/DerivedData/Planmoni-fdypulhkiungwycuxcfoxcpgffow/Build/Intermediates.noindex/Pods.build
    export PROJECT_TEMP_ROOT\=/Users/apple/Library/Developer/Xcode/DerivedData/Planmoni-fdypulhkiungwycuxcfoxcpgffow/Build/Intermediates.noindex
    export REACT_NATIVE_PATH\=/Users/apple/Plnmo/app/ios/Pods/../../node_modules/react-native
    export RECOMMENDED_IPHONEOS_DEPLOYMENT_TARGET\=12.5
    export RECURSIVE_SEARCH_PATHS_FOLLOW_SYMLINKS\=YES
    export REMOVE_CVS_FROM_RESOURCES\=YES
    export REMOVE_GIT_FROM_RESOURCES\=YES
    export REMOVE_HEADERS_FROM_EMBEDDED_BUNDLES\=YES
    export REMOVE_HG_FROM_RESOURCES\=YES
    export REMOVE_STATIC_EXECUTABLES_FROM_EMBEDDED_BUNDLES\=YES
    export REMOVE_SVN_FROM_RESOURCES\=YES
    export REZ_COLLECTOR_DIR\=/Users/apple/Library/Developer/Xcode/DerivedData/Planmoni-fdypulhkiungwycuxcfoxcpgffow/Build/Intermediates.noindex/Pods.build/Debug-iphonesimulator/React-Fabric.build/ResourceManagerResources
    export REZ_EXECUTABLE\=YES
    export REZ_OBJECTS_DIR\=/Users/apple/Library/Developer/Xcode/DerivedData/Planmoni-fdypulhkiungwycuxcfoxcpgffow/Build/Intermediates.noindex/Pods.build/Debug-iphonesimulator/React-Fabric.build/ResourceManagerResources/Objects
    export REZ_SEARCH_PATHS\=/Users/apple/Library/Developer/Xcode/DerivedData/Planmoni-fdypulhkiungwycuxcfoxcpgffow/Build/Products/Debug-iphonesimulator/React-Fabric\ 
    export SCAN_ALL_SOURCE_FILES_FOR_INCLUDES\=NO
    export SCRIPT_INPUT_FILE_COUNT\=0
    export SCRIPT_INPUT_FILE_LIST_COUNT\=0
    export SCRIPT_OUTPUT_FILE_COUNT\=0
    export SCRIPT_OUTPUT_FILE_LIST_COUNT\=0
    export SDKROOT\=/Applications/Xcode.app/Contents/Developer/Platforms/iPhoneSimulator.platform/Developer/SDKs/iPhoneSimulator17.5.sdk
    export SDK_DIR\=/Applications/Xcode.app/Contents/Developer/Platforms/iPhoneSimulator.platform/Developer/SDKs/iPhoneSimulator17.5.sdk
    export SDK_DIR_iphonesimulator\=/Applications/Xcode.app/Contents/Developer/Platforms/iPhoneSimulator.platform/Developer/SDKs/iPhoneSimulator17.5.sdk
    export SDK_DIR_iphonesimulator17_5\=/Applications/Xcode.app/Contents/Developer/Platforms/iPhoneSimulator.platform/Developer/SDKs/iPhoneSimulator17.5.sdk
    export SDK_NAME\=iphonesimulator17.5
    export SDK_NAMES\=iphonesimulator17.5
    export SDK_PRODUCT_BUILD_VERSION\=21F77
    export SDK_STAT_CACHE_DIR\=/Users/apple/Library/Developer/Xcode/DerivedData
    export SDK_STAT_CACHE_ENABLE\=YES
    export SDK_STAT_CACHE_PATH\=/Users/apple/Library/Developer/Xcode/DerivedData/SDKStatCaches.noindex/iphonesimulator17.5-21F77-c098706a9f71eba4e76ae92ab367209a.sdkstatcache
    export SDK_VERSION\=17.5
    export SDK_VERSION_ACTUAL\=170500
    export SDK_VERSION_MAJOR\=170000
    export SDK_VERSION_MINOR\=170500
    export SED\=/usr/bin/sed
    export SEPARATE_STRIP\=NO
    export SEPARATE_SYMBOL_EDIT\=NO
    export SET_DIR_MODE_OWNER_GROUP\=YES
    export SET_FILE_MODE_OWNER_GROUP\=NO
    export SHALLOW_BUNDLE\=NO
    export SHARED_DERIVED_FILE_DIR\=/Users/apple/Library/Developer/Xcode/DerivedData/Planmoni-fdypulhkiungwycuxcfoxcpgffow/Build/Products/Debug-iphonesimulator/React-Fabric/DerivedSources
    export SHARED_PRECOMPS_DIR\=/Users/apple/Library/Developer/Xcode/DerivedData/Planmoni-fdypulhkiungwycuxcfoxcpgffow/Build/Intermediates.noindex/PrecompiledHeaders
    export SKIP_INSTALL\=YES
    export SOURCE_ROOT\=/Users/apple/Plnmo/app/ios/Pods
    export SRCROOT\=/Users/apple/Plnmo/app/ios/Pods
    export STRINGSDATA_DIR\=/Users/apple/Library/Developer/Xcode/DerivedData/Planmoni-fdypulhkiungwycuxcfoxcpgffow/Build/Intermediates.noindex/Pods.build/Debug-iphonesimulator/React-Fabric.build/Objects-normal/undefined_arch
    export STRINGSDATA_ROOT\=/Users/apple/Library/Developer/Xcode/DerivedData/Planmoni-fdypulhkiungwycuxcfoxcpgffow/Build/Intermediates.noindex/Pods.build/Debug-iphonesimulator/React-Fabric.build
    export STRINGS_FILE_INFOPLIST_RENAME\=YES
    export STRINGS_FILE_OUTPUT_ENCODING\=binary
    export STRIP_BITCODE_FROM_COPIED_FILES\=NO
    export STRIP_INSTALLED_PRODUCT\=NO
    export STRIP_STYLE\=debugging
    export STRIP_SWIFT_SYMBOLS\=YES
    export SUPPORTED_DEVICE_FAMILIES\=1,2
    export SUPPORTED_PLATFORMS\=iphoneos\ iphonesimulator
    export SUPPORTS_TEXT_BASED_API\=NO
    export SUPPRESS_WARNINGS\=NO
    export SWIFT_ACTIVE_COMPILATION_CONDITIONS\=\ DEBUG\ 
    export SWIFT_EMIT_LOC_STRINGS\=NO
    export SWIFT_INSTALL_OBJC_HEADER\=YES
    export SWIFT_OPTIMIZATION_LEVEL\=-Onone
    export SWIFT_PLATFORM_TARGET_PREFIX\=ios
    export SWIFT_RESPONSE_FILE_PATH_normal_arm64\=/Users/apple/Library/Developer/Xcode/DerivedData/Planmoni-fdypulhkiungwycuxcfoxcpgffow/Build/Intermediates.noindex/Pods.build/Debug-iphonesimulator/React-Fabric.build/Objects-normal/arm64/React-Fabric.SwiftFileList
    export SWIFT_VERSION\=5.0
    export SYMROOT\=/Users/apple/Library/Developer/Xcode/DerivedData/Planmoni-fdypulhkiungwycuxcfoxcpgffow/Build/Products
    export SYSTEM_ADMIN_APPS_DIR\=/Applications/Utilities
    export SYSTEM_APPS_DIR\=/Applications
    export SYSTEM_CORE_SERVICES_DIR\=/System/Library/CoreServices
    export SYSTEM_DEMOS_DIR\=/Applications/Extras
    export SYSTEM_DEVELOPER_APPS_DIR\=/Applications/Xcode.app/Contents/Developer/Applications
    export SYSTEM_DEVELOPER_BIN_DIR\=/Applications/Xcode.app/Contents/Developer/usr/bin
    export SYSTEM_DEVELOPER_DEMOS_DIR\=/Applications/Xcode.app/Contents/Developer/Applications/Utilities/Built\ Examples
    export SYSTEM_DEVELOPER_DIR\=/Applications/Xcode.app/Contents/Developer
    export SYSTEM_DEVELOPER_DOC_DIR\=/Applications/Xcode.app/Contents/Developer/ADC\ Reference\ Library
    export SYSTEM_DEVELOPER_GRAPHICS_TOOLS_DIR\=/Applications/Xcode.app/Contents/Developer/Applications/Graphics\ Tools
    export SYSTEM_DEVELOPER_JAVA_TOOLS_DIR\=/Applications/Xcode.app/Contents/Developer/Applications/Java\ Tools
    export SYSTEM_DEVELOPER_PERFORMANCE_TOOLS_DIR\=/Applications/Xcode.app/Contents/Developer/Applications/Performance\ Tools
    export SYSTEM_DEVELOPER_RELEASENOTES_DIR\=/Applications/Xcode.app/Contents/Developer/ADC\ Reference\ Library/releasenotes
    export SYSTEM_DEVELOPER_TOOLS\=/Applications/Xcode.app/Contents/Developer/Tools
    export SYSTEM_DEVELOPER_TOOLS_DOC_DIR\=/Applications/Xcode.app/Contents/Developer/ADC\ Reference\ Library/documentation/DeveloperTools
    export SYSTEM_DEVELOPER_TOOLS_RELEASENOTES_DIR\=/Applications/Xcode.app/Contents/Developer/ADC\ Reference\ Library/releasenotes/DeveloperTools
    export SYSTEM_DEVELOPER_USR_DIR\=/Applications/Xcode.app/Contents/Developer/usr
    export SYSTEM_DEVELOPER_UTILITIES_DIR\=/Applications/Xcode.app/Contents/Developer/Applications/Utilities
    export SYSTEM_DEXT_INSTALL_PATH\=/System/Library/DriverExtensions
    export SYSTEM_DOCUMENTATION_DIR\=/Library/Documentation
    export SYSTEM_KEXT_INSTALL_PATH\=/System/Library/Extensions
    export SYSTEM_LIBRARY_DIR\=/System/Library
    export TAPI_DEMANGLE\=YES
    export TAPI_ENABLE_PROJECT_HEADERS\=NO
    export TAPI_LANGUAGE\=objective-c
    export TAPI_LANGUAGE_STANDARD\=compiler-default
    export TAPI_USE_SRCROOT\=YES
    export TAPI_VERIFY_MODE\=Pedantic
    export TARGETED_DEVICE_FAMILY\=1,2
    export TARGETNAME\=React-Fabric
    export TARGET_BUILD_DIR\=/Users/apple/Library/Developer/Xcode/DerivedData/Planmoni-fdypulhkiungwycuxcfoxcpgffow/Build/Products/Debug-iphonesimulator/React-Fabric
    export TARGET_DEVICE_IDENTIFIER\=2898BCB4-256C-4A0D-82F1-572E772951CB
    export TARGET_DEVICE_MODEL\=iPhone16,1
    export TARGET_DEVICE_OS_VERSION\=17.5
    export TARGET_DEVICE_PLATFORM_NAME\=iphonesimulator
    export TARGET_NAME\=React-Fabric
    export TARGET_TEMP_DIR\=/Users/apple/Library/Developer/Xcode/DerivedData/Planmoni-fdypulhkiungwycuxcfoxcpgffow/Build/Intermediates.noindex/Pods.build/Debug-iphonesimulator/React-Fabric.build
    export TEMP_DIR\=/Users/apple/Library/Developer/Xcode/DerivedData/Planmoni-fdypulhkiungwycuxcfoxcpgffow/Build/Intermediates.noindex/Pods.build/Debug-iphonesimulator/React-Fabric.build
    export TEMP_FILES_DIR\=/Users/apple/Library/Developer/Xcode/DerivedData/Planmoni-fdypulhkiungwycuxcfoxcpgffow/Build/Intermediates.noindex/Pods.build/Debug-iphonesimulator/React-Fabric.build
    export TEMP_FILE_DIR\=/Users/apple/Library/Developer/Xcode/DerivedData/Planmoni-fdypulhkiungwycuxcfoxcpgffow/Build/Intermediates.noindex/Pods.build/Debug-iphonesimulator/React-Fabric.build
    export TEMP_ROOT\=/Users/apple/Library/Developer/Xcode/DerivedData/Planmoni-fdypulhkiungwycuxcfoxcpgffow/Build/Intermediates.noindex
    export TEST_FRAMEWORK_SEARCH_PATHS\=\ /Applications/Xcode.app/Contents/Developer/Platforms/iPhoneSimulator.platform/Developer/Library/Frameworks\ /Applications/Xcode.app/Contents/Developer/Platforms/iPhoneSimulator.platform/Developer/SDKs/iPhoneSimulator17.5.sdk/Developer/Library/Frameworks
    export TEST_LIBRARY_SEARCH_PATHS\=\ /Applications/Xcode.app/Contents/Developer/Platforms/iPhoneSimulator.platform/Developer/usr/lib
    export TOOLCHAINS\=com.apple.dt.toolchain.XcodeDefault
    export TOOLCHAIN_DIR\=/Applications/Xcode.app/Contents/Developer/Toolchains/XcodeDefault.xctoolchain
    export TREAT_MISSING_BASELINES_AS_TEST_FAILURES\=NO
    export UID\=501
    export UNINSTALLED_PRODUCTS_DIR\=/Users/apple/Library/Developer/Xcode/DerivedData/Planmoni-fdypulhkiungwycuxcfoxcpgffow/Build/Intermediates.noindex/UninstalledProducts
    export UNSTRIPPED_PRODUCT\=NO
    export USER\=apple
    export USER_APPS_DIR\=/Users/apple/Applications
    export USER_LIBRARY_DIR\=/Users/apple/Library
    export USE_DYNAMIC_NO_PIC\=YES
    export USE_HEADERMAP\=YES
    export USE_HEADER_SYMLINKS\=NO
    export USE_HERMES\=true
    export USE_RECURSIVE_SCRIPT_INPUTS_IN_SCRIPT_PHASES\=YES
    export VALIDATE_DEVELOPMENT_ASSET_PATHS\=YES_ERROR
    export VALIDATE_PRODUCT\=NO
    export VALID_ARCHS\=arm64\ arm64e\ i386\ x86_64
    export VERBOSE_PBXCP\=NO
    export VERSION_INFO_BUILDER\=apple
    export VERSION_INFO_FILE\=React-Fabric_vers.c
    export VERSION_INFO_STRING\=\"@\(\#\)PROGRAM:React-Fabric\ \ PROJECT:Pods-\"
    export WRAP_ASSET_PACKS_IN_SEPARATE_DIRECTORIES\=NO
    export XCODE_APP_SUPPORT_DIR\=/Applications/Xcode.app/Contents/Developer/Library/Xcode
    export XCODE_PRODUCT_BUILD_VERSION\=15F31d
    export XCODE_VERSION_ACTUAL\=1540
    export XCODE_VERSION_MAJOR\=1500
    export XCODE_VERSION_MINOR\=1540
    export XPCSERVICES_FOLDER_PATH\=/XPCServices
    export YACC\=yacc
    export arch\=undefined_arch
    export variant\=normal
    /bin/sh -c /Users/apple/Library/Developer/Xcode/DerivedData/Planmoni-fdypulhkiungwycuxcfoxcpgffow/Build/Intermediates.noindex/Pods.build/Debug-iphonesimulator/React-Fabric.build/Script-46EB2E00037470.sh
Checking whether Codegen has run...

note: Run script build phase '[CP-User] [RN]Check rncore' will be run during every build because the option to run the script phase "Based on dependency analysis" is unchecked. (in target 'React-FabricComponents' from project 'Pods')
PhaseScriptExecution [CP-User]\ [RN]Check\ rncore /Users/apple/Library/Developer/Xcode/DerivedData/Planmoni-fdypulhkiungwycuxcfoxcpgffow/Build/Intermediates.noindex/Pods.build/Debug-iphonesimulator/React-FabricComponents.build/Script-46EB2E00037480.sh (in target 'React-FabricComponents' from project 'Pods')
    cd /Users/apple/Plnmo/app/ios/Pods
    export ACTION\=build
    export AD_HOC_CODE_SIGNING_ALLOWED\=YES
    export ALLOW_TARGET_PLATFORM_SPECIALIZATION\=NO
    export ALTERNATE_GROUP\=staff
    export ALTERNATE_MODE\=u+w,go-w,a+rX
    export ALTERNATE_OWNER\=apple
    export ALWAYS_EMBED_SWIFT_STANDARD_LIBRARIES\=NO
    export ALWAYS_SEARCH_USER_PATHS\=NO
    export ALWAYS_USE_SEPARATE_HEADERMAPS\=NO
    export APPLE_INTERNAL_DEVELOPER_DIR\=/AppleInternal/Developer
    export APPLE_INTERNAL_DIR\=/AppleInternal
    export APPLE_INTERNAL_DOCUMENTATION_DIR\=/AppleInternal/Documentation
    export APPLE_INTERNAL_LIBRARY_DIR\=/AppleInternal/Library
    export APPLE_INTERNAL_TOOLS\=/AppleInternal/Developer/Tools
    export APPLICATION_EXTENSION_API_ONLY\=NO
    export APPLY_RULES_IN_COPY_FILES\=NO
    export APPLY_RULES_IN_COPY_HEADERS\=NO
    export APP_SHORTCUTS_ENABLE_FLEXIBLE_MATCHING\=YES
    export ARCHS\=arm64
    export ARCHS_STANDARD\=arm64\ x86_64
    export ARCHS_STANDARD_32_64_BIT\=arm64\ i386\ x86_64
    export ARCHS_STANDARD_32_BIT\=i386
    export ARCHS_STANDARD_64_BIT\=arm64\ x86_64
    export ARCHS_STANDARD_INCLUDING_64_BIT\=arm64\ x86_64
    export ARCHS_UNIVERSAL_IPHONE_OS\=arm64\ i386\ x86_64
    export ASSETCATALOG_COMPILER_GENERATE_ASSET_SYMBOLS\=YES
    export ASSETCATALOG_FILTER_FOR_DEVICE_MODEL\=iPhone16,1
    export ASSETCATALOG_FILTER_FOR_DEVICE_OS_VERSION\=17.5
    export ASSETCATALOG_FILTER_FOR_THINNING_DEVICE_CONFIGURATION\=iPhone16,1
    export AUTOMATICALLY_MERGE_DEPENDENCIES\=NO
    export AVAILABLE_PLATFORMS\=appletvos\ appletvsimulator\ driverkit\ iphoneos\ iphonesimulator\ macosx\ watchos\ watchsimulator\ xros\ xrsimulator
    export BITCODE_GENERATION_MODE\=marker
    export BUILD_ACTIVE_RESOURCES_ONLY\=YES
    export BUILD_COMPONENTS\=headers\ build
    export BUILD_DIR\=/Users/apple/Library/Developer/Xcode/DerivedData/Planmoni-fdypulhkiungwycuxcfoxcpgffow/Build/Products
    export BUILD_LIBRARY_FOR_DISTRIBUTION\=NO
    export BUILD_ROOT\=/Users/apple/Library/Developer/Xcode/DerivedData/Planmoni-fdypulhkiungwycuxcfoxcpgffow/Build/Products
    export BUILD_STYLE\=
    export BUILD_VARIANTS\=normal
    export BUILT_PRODUCTS_DIR\=/Users/apple/Library/Developer/Xcode/DerivedData/Planmoni-fdypulhkiungwycuxcfoxcpgffow/Build/Products/Debug-iphonesimulator/React-FabricComponents
    export BUNDLE_CONTENTS_FOLDER_PATH_deep\=Contents/
    export BUNDLE_EXECUTABLE_FOLDER_NAME_deep\=MacOS
    export BUNDLE_EXTENSIONS_FOLDER_PATH\=Extensions
    export BUNDLE_FORMAT\=shallow
    export BUNDLE_FRAMEWORKS_FOLDER_PATH\=Frameworks
    export BUNDLE_PLUGINS_FOLDER_PATH\=PlugIns
    export BUNDLE_PRIVATE_HEADERS_FOLDER_PATH\=PrivateHeaders
    export BUNDLE_PUBLIC_HEADERS_FOLDER_PATH\=Headers
    export CACHE_ROOT\=/var/folders/_q/sk234jcx5zsc3m_zm2kw34840000gn/C/com.apple.DeveloperTools/15.4-15F31d/Xcode
    export CCHROOT\=/var/folders/_q/sk234jcx5zsc3m_zm2kw34840000gn/C/com.apple.DeveloperTools/15.4-15F31d/Xcode
    export CHMOD\=/bin/chmod
    export CHOWN\=/usr/sbin/chown
    export CLANG_ANALYZER_LOCALIZABILITY_NONLOCALIZED\=YES
    export CLANG_ANALYZER_NONNULL\=YES
    export CLANG_ANALYZER_NUMBER_OBJECT_CONVERSION\=YES_AGGRESSIVE
    export CLANG_COMPILE_CACHE_PATH\=/Users/apple/Library/Developer/Xcode/DerivedData/CompilationCache.noindex
    export CLANG_CXX_LANGUAGE_STANDARD\=c++20
    export CLANG_CXX_LIBRARY\=libc++
    export CLANG_ENABLE_EXPLICIT_MODULES\=NO
    export CLANG_ENABLE_MODULES\=YES
    export CLANG_ENABLE_MODULE_DEBUGGING\=NO
    export CLANG_ENABLE_OBJC_ARC\=YES
    export CLANG_ENABLE_OBJC_WEAK\=NO
    export CLANG_MODULES_BUILD_SESSION_FILE\=/Users/apple/Library/Developer/Xcode/DerivedData/ModuleCache.noindex/Session.modulevalidation
    export CLANG_WARN_BLOCK_CAPTURE_AUTORELEASING\=YES
    export CLANG_WARN_BOOL_CONVERSION\=YES
    export CLANG_WARN_COMMA\=YES
    export CLANG_WARN_CONSTANT_CONVERSION\=YES
    export CLANG_WARN_DEPRECATED_OBJC_IMPLEMENTATIONS\=YES
    export CLANG_WARN_DIRECT_OBJC_ISA_USAGE\=YES_ERROR
    export CLANG_WARN_DOCUMENTATION_COMMENTS\=YES
    export CLANG_WARN_EMPTY_BODY\=YES
    export CLANG_WARN_ENUM_CONVERSION\=YES
    export CLANG_WARN_INFINITE_RECURSION\=YES
    export CLANG_WARN_INT_CONVERSION\=YES
    export CLANG_WARN_NON_LITERAL_NULL_CONVERSION\=YES
    export CLANG_WARN_OBJC_IMPLICIT_RETAIN_SELF\=YES
    export CLANG_WARN_OBJC_LITERAL_CONVERSION\=YES
    export CLANG_WARN_OBJC_ROOT_CLASS\=YES_ERROR
    export CLANG_WARN_QUOTED_INCLUDE_IN_FRAMEWORK_HEADER\=NO
    export CLANG_WARN_RANGE_LOOP_ANALYSIS\=YES
    export CLANG_WARN_STRICT_PROTOTYPES\=YES
    export CLANG_WARN_SUSPICIOUS_MOVE\=YES
    export CLANG_WARN_UNGUARDED_AVAILABILITY\=YES_AGGRESSIVE
    export CLANG_WARN_UNREACHABLE_CODE\=YES
    export CLANG_WARN__DUPLICATE_METHOD_MATCH\=YES
    export CLASS_FILE_DIR\=/Users/apple/Library/Developer/Xcode/DerivedData/Planmoni-fdypulhkiungwycuxcfoxcpgffow/Build/Intermediates.noindex/Pods.build/Debug-iphonesimulator/React-FabricComponents.build/JavaClasses
    export CLEAN_PRECOMPS\=YES
    export CLONE_HEADERS\=NO
    export CODESIGNING_FOLDER_PATH\=/Users/apple/Library/Developer/Xcode/DerivedData/Planmoni-fdypulhkiungwycuxcfoxcpgffow/Build/Products/Debug-iphonesimulator/React-FabricComponents/libReact-FabricComponents.a
    export CODE_SIGNING_ALLOWED\=NO
    export CODE_SIGNING_REQUIRED\=YES
    export CODE_SIGN_CONTEXT_CLASS\=XCiPhoneSimulatorCodeSignContext
    export CODE_SIGN_IDENTITY\=-
    export CODE_SIGN_INJECT_BASE_ENTITLEMENTS\=YES
    export COLOR_DIAGNOSTICS\=NO
    export COMBINE_HIDPI_IMAGES\=NO
    export COMPILATION_CACHE_KEEP_CAS_DIRECTORY\=YES
    export COMPILER_INDEX_STORE_ENABLE\=Default
    export COMPOSITE_SDK_DIRS\=/Users/apple/Library/Developer/Xcode/DerivedData/Planmoni-fdypulhkiungwycuxcfoxcpgffow/Build/Intermediates.noindex/CompositeSDKs
    export COMPRESS_PNG_FILES\=YES
    export CONFIGURATION\=Debug
    export CONFIGURATION_BUILD_DIR\=/Users/apple/Library/Developer/Xcode/DerivedData/Planmoni-fdypulhkiungwycuxcfoxcpgffow/Build/Products/Debug-iphonesimulator/React-FabricComponents
    export CONFIGURATION_TEMP_DIR\=/Users/apple/Library/Developer/Xcode/DerivedData/Planmoni-fdypulhkiungwycuxcfoxcpgffow/Build/Intermediates.noindex/Pods.build/Debug-iphonesimulator
    export COPYING_PRESERVES_HFS_DATA\=NO
    export COPY_HEADERS_RUN_UNIFDEF\=NO
    export COPY_PHASE_STRIP\=NO
    export CORRESPONDING_DEVICE_PLATFORM_DIR\=/Applications/Xcode.app/Contents/Developer/Platforms/iPhoneOS.platform
    export CORRESPONDING_DEVICE_PLATFORM_NAME\=iphoneos
    export CORRESPONDING_DEVICE_SDK_DIR\=/Applications/Xcode.app/Contents/Developer/Platforms/iPhoneOS.platform/Developer/SDKs/iPhoneOS17.5.sdk
    export CORRESPONDING_DEVICE_SDK_NAME\=iphoneos17.5
    export CP\=/bin/cp
    export CREATE_INFOPLIST_SECTION_IN_BINARY\=NO
    export CURRENT_ARCH\=undefined_arch
    export CURRENT_VARIANT\=normal
    export DEAD_CODE_STRIPPING\=YES
    export DEBUGGING_SYMBOLS\=YES
    export DEBUG_INFORMATION_FORMAT\=dwarf
    export DEFAULT_COMPILER\=com.apple.compilers.llvm.clang.1_0
    export DEFAULT_DEXT_INSTALL_PATH\=/System/Library/DriverExtensions
    export DEFAULT_KEXT_INSTALL_PATH\=/System/Library/Extensions
    export DEFINES_MODULE\=YES
    export DEPLOYMENT_LOCATION\=NO
    export DEPLOYMENT_POSTPROCESSING\=NO
    export DEPLOYMENT_TARGET_SETTING_NAME\=IPHONEOS_DEPLOYMENT_TARGET
    export DEPLOYMENT_TARGET_SUGGESTED_VALUES\=12.0\ 12.1\ 12.2\ 12.3\ 12.4\ 13.0\ 13.1\ 13.2\ 13.3\ 13.4\ 13.5\ 13.6\ 14.0\ 14.1\ 14.2\ 14.3\ 14.4\ 14.5\ 14.6\ 14.7\ 15.0\ 15.1\ 15.2\ 15.3\ 15.4\ 15.5\ 15.6\ 16.0\ 16.1\ 16.2\ 16.3\ 16.4\ 16.5\ 16.6\ 17.0\ 17.1\ 17.2\ 17.3\ 17.4\ 17.5
    export DERIVED_FILES_DIR\=/Users/apple/Library/Developer/Xcode/DerivedData/Planmoni-fdypulhkiungwycuxcfoxcpgffow/Build/Intermediates.noindex/Pods.build/Debug-iphonesimulator/React-FabricComponents.build/DerivedSources
    export DERIVED_FILE_DIR\=/Users/apple/Library/Developer/Xcode/DerivedData/Planmoni-fdypulhkiungwycuxcfoxcpgffow/Build/Intermediates.noindex/Pods.build/Debug-iphonesimulator/React-FabricComponents.build/DerivedSources
    export DERIVED_SOURCES_DIR\=/Users/apple/Library/Developer/Xcode/DerivedData/Planmoni-fdypulhkiungwycuxcfoxcpgffow/Build/Intermediates.noindex/Pods.build/Debug-iphonesimulator/React-FabricComponents.build/DerivedSources
    export DEVELOPER_APPLICATIONS_DIR\=/Applications/Xcode.app/Contents/Developer/Applications
    export DEVELOPER_BIN_DIR\=/Applications/Xcode.app/Contents/Developer/usr/bin
    export DEVELOPER_DIR\=/Applications/Xcode.app/Contents/Developer
    export DEVELOPER_FRAMEWORKS_DIR\=/Applications/Xcode.app/Contents/Developer/Library/Frameworks
    export DEVELOPER_FRAMEWORKS_DIR_QUOTED\=/Applications/Xcode.app/Contents/Developer/Library/Frameworks
    export DEVELOPER_LIBRARY_DIR\=/Applications/Xcode.app/Contents/Developer/Library
    export DEVELOPER_SDK_DIR\=/Applications/Xcode.app/Contents/Developer/Platforms/MacOSX.platform/Developer/SDKs
    export DEVELOPER_TOOLS_DIR\=/Applications/Xcode.app/Contents/Developer/Tools
    export DEVELOPER_USR_DIR\=/Applications/Xcode.app/Contents/Developer/usr
    export DEVELOPMENT_LANGUAGE\=en
    export DIFF\=/usr/bin/diff
    export DONT_GENERATE_INFOPLIST_FILE\=NO
    export DO_HEADER_SCANNING_IN_JAM\=NO
    export DSTROOT\=/tmp/Pods.dst
    export DT_TOOLCHAIN_DIR\=/Applications/Xcode.app/Contents/Developer/Toolchains/XcodeDefault.xctoolchain
    export DWARF_DSYM_FILE_NAME\=libReact-FabricComponents.a.dSYM
    export DWARF_DSYM_FILE_SHOULD_ACCOMPANY_PRODUCT\=NO
    export DWARF_DSYM_FOLDER_PATH\=/Users/apple/Library/Developer/Xcode/DerivedData/Planmoni-fdypulhkiungwycuxcfoxcpgffow/Build/Products/Debug-iphonesimulator/React-FabricComponents
    export DYNAMIC_LIBRARY_EXTENSION\=dylib
    export EAGER_LINKING\=NO
    export EFFECTIVE_PLATFORM_NAME\=-iphonesimulator
    export EMBEDDED_CONTENT_CONTAINS_SWIFT\=NO
    export EMBED_ASSET_PACKS_IN_PRODUCT_BUNDLE\=NO
    export ENABLE_APP_SANDBOX\=NO
    export ENABLE_BITCODE\=NO
    export ENABLE_CODE_COVERAGE\=YES
    export ENABLE_DEFAULT_HEADER_SEARCH_PATHS\=YES
    export ENABLE_DEFAULT_SEARCH_PATHS\=YES
    export ENABLE_HARDENED_RUNTIME\=NO
    export ENABLE_HEADER_DEPENDENCIES\=YES
    export ENABLE_MODULE_VERIFIER\=NO
    export ENABLE_ON_DEMAND_RESOURCES\=NO
    export ENABLE_PREVIEWS\=NO
    export ENABLE_STRICT_OBJC_MSGSEND\=YES
    export ENABLE_TESTABILITY\=YES
    export ENABLE_TESTING_SEARCH_PATHS\=NO
    export ENABLE_USER_SCRIPT_SANDBOXING\=NO
    export ENABLE_XOJIT_PREVIEWS\=NO
    export ENTITLEMENTS_DESTINATION\=__entitlements
    export ENTITLEMENTS_REQUIRED\=YES
    export EXCLUDED_INSTALLSRC_SUBDIRECTORY_PATTERNS\=.DS_Store\ .svn\ .git\ .hg\ CVS
    export EXCLUDED_RECURSIVE_SEARCH_PATH_SUBDIRECTORIES\=\*.nib\ \*.lproj\ \*.framework\ \*.gch\ \*.xcode\*\ \*.xcassets\ \(\*\)\ .DS_Store\ CVS\ .svn\ .git\ .hg\ \*.pbproj\ \*.pbxproj
    export EXECUTABLE_EXTENSION\=a
    export EXECUTABLE_NAME\=libReact-FabricComponents.a
    export EXECUTABLE_PATH\=libReact-FabricComponents.a
    export EXECUTABLE_PREFIX\=lib
    export EXECUTABLE_SUFFIX\=.a
    export FILE_LIST\=/Users/apple/Library/Developer/Xcode/DerivedData/Planmoni-fdypulhkiungwycuxcfoxcpgffow/Build/Intermediates.noindex/Pods.build/Debug-iphonesimulator/React-FabricComponents.build/Objects/LinkFileList
    export FIXED_FILES_DIR\=/Users/apple/Library/Developer/Xcode/DerivedData/Planmoni-fdypulhkiungwycuxcfoxcpgffow/Build/Intermediates.noindex/Pods.build/Debug-iphonesimulator/React-FabricComponents.build/FixedFiles
    export FRAMEWORK_FLAG_PREFIX\=-framework
    export FRAMEWORK_SEARCH_PATHS\=/Users/apple/Library/Developer/Xcode/DerivedData/Planmoni-fdypulhkiungwycuxcfoxcpgffow/Build/Products/Debug-iphonesimulator/React-FabricComponents\ \ \"/Users/apple/Plnmo/app/ios/Pods/hermes-engine/destroot/Library/Frameworks/universal\"\ \"/Users/apple/Library/Developer/Xcode/DerivedData/Planmoni-fdypulhkiungwycuxcfoxcpgffow/Build/Products/Debug-iphonesimulator/XCFrameworkIntermediates/hermes-engine/Pre-built\"
    export FRAMEWORK_VERSION\=A
    export FULL_PRODUCT_NAME\=libReact-FabricComponents.a
    export FUSE_BUILD_PHASES\=YES
    export FUSE_BUILD_SCRIPT_PHASES\=NO
    export GCC3_VERSION\=3.3
    export GCC_C_LANGUAGE_STANDARD\=gnu11
    export GCC_DYNAMIC_NO_PIC\=NO
    export GCC_NO_COMMON_BLOCKS\=YES
    export GCC_OBJC_LEGACY_DISPATCH\=YES
    export GCC_OPTIMIZATION_LEVEL\=0
    export GCC_PFE_FILE_C_DIALECTS\=c\ objective-c\ c++\ objective-c++
    export GCC_PREFIX_HEADER\=Target\ Support\ Files/React-FabricComponents/React-FabricComponents-prefix.pch
    export GCC_PREPROCESSOR_DEFINITIONS\=POD_CONFIGURATION_DEBUG\=1\ DEBUG\=1\ \ COCOAPODS\=1
    export GCC_TREAT_WARNINGS_AS_ERRORS\=NO
    export GCC_VERSION\=com.apple.compilers.llvm.clang.1_0
    export GCC_VERSION_IDENTIFIER\=com_apple_compilers_llvm_clang_1_0
    export GCC_WARN_64_TO_32_BIT_CONVERSION\=YES
    export GCC_WARN_ABOUT_RETURN_TYPE\=YES_ERROR
    export GCC_WARN_UNDECLARED_SELECTOR\=YES
    export GCC_WARN_UNINITIALIZED_AUTOS\=YES_AGGRESSIVE
    export GCC_WARN_UNUSED_FUNCTION\=YES
    export GCC_WARN_UNUSED_VARIABLE\=YES
    export GENERATED_MODULEMAP_DIR\=/Users/apple/Library/Developer/Xcode/DerivedData/Planmoni-fdypulhkiungwycuxcfoxcpgffow/Build/Intermediates.noindex/GeneratedModuleMaps-iphonesimulator
    export GENERATE_INFOPLIST_FILE\=NO
    export GENERATE_INTERMEDIATE_TEXT_BASED_STUBS\=YES
    export GENERATE_MASTER_OBJECT_FILE\=NO
    export GENERATE_PKGINFO_FILE\=NO
    export GENERATE_PROFILING_CODE\=NO
    export GENERATE_TEXT_BASED_STUBS\=NO
    export GID\=20
    export GROUP\=staff
    export HEADERMAP_INCLUDES_FLAT_ENTRIES_FOR_TARGET_BEING_BUILT\=YES
    export HEADERMAP_INCLUDES_FRAMEWORK_ENTRIES_FOR_ALL_PRODUCT_TYPES\=YES
    export HEADERMAP_INCLUDES_NONPUBLIC_NONPRIVATE_HEADERS\=YES
    export HEADERMAP_INCLUDES_PROJECT_HEADERS\=YES
    export HEADERMAP_USES_FRAMEWORK_PREFIX_ENTRIES\=YES
    export HEADERMAP_USES_VFS\=YES
    export HEADER_SEARCH_PATHS\=/Users/apple/Library/Developer/Xcode/DerivedData/Planmoni-fdypulhkiungwycuxcfoxcpgffow/Build/Products/Debug-iphonesimulator/React-FabricComponents/include\ \ \"/Users/apple/Plnmo/app/ios/Pods/Headers/Private\"\ \"/Users/apple/Plnmo/app/ios/Pods/Headers/Private/React-FabricComponents\"\ \"/Users/apple/Plnmo/app/ios/Pods/Headers/Public\"\ \"/Users/apple/Plnmo/app/ios/Pods/Headers/Public/DoubleConversion\"\ \"/Users/apple/Plnmo/app/ios/Pods/Headers/Public/FBLazyVector\"\ \"/Users/apple/Plnmo/app/ios/Pods/Headers/Public/RCT-Folly\"\ \"/Users/apple/Plnmo/app/ios/Pods/Headers/Public/RCTRequired\"\ \"/Users/apple/Plnmo/app/ios/Pods/Headers/Public/RCTTypeSafety\"\ \"/Users/apple/Plnmo/app/ios/Pods/Headers/Public/React-Core\"\ \"/Users/apple/Plnmo/app/ios/Pods/Headers/Public/React-Fabric\"\ \"/Users/apple/Plnmo/app/ios/Pods/Headers/Public/React-FabricComponents\"\ \"/Users/apple/Plnmo/app/ios/Pods/Headers/Public/React-callinvoker\"\ \"/Users/apple/Plnmo/app/ios/Pods/Headers/Public/React-cxxreact\"\ \"/Users/apple/Plnmo/app/ios/Pods/Headers/Public/React-debug\"\ \"/Users/apple/Plnmo/app/ios/Pods/Headers/Public/React-featureflags\"\ \"/Users/apple/Plnmo/app/ios/Pods/Headers/Public/React-graphics\"\ \"/Users/apple/Plnmo/app/ios/Pods/Headers/Public/React-hermes\"\ \"/Users/apple/Plnmo/app/ios/Pods/Headers/Public/React-jsi\"\ \"/Users/apple/Plnmo/app/ios/Pods/Headers/Public/React-jsiexecutor\"\ \"/Users/apple/Plnmo/app/ios/Pods/Headers/Public/React-jsinspector\"\ \"/Users/apple/Plnmo/app/ios/Pods/Headers/Public/React-jsinspectortracing\"\ \"/Users/apple/Plnmo/app/ios/Pods/Headers/Public/React-jsitooling\"\ \"/Users/apple/Plnmo/app/ios/Pods/Headers/Public/React-logger\"\ \"/Users/apple/Plnmo/app/ios/Pods/Headers/Public/React-oscompat\"\ \"/Users/apple/Plnmo/app/ios/Pods/Headers/Public/React-perflogger\"\ \"/Users/apple/Plnmo/app/ios/Pods/Headers/Public/React-performancetimeline\"\ \"/Users/apple/Plnmo/app/ios/Pods/Headers/Public/React-rendererconsistency\"\ \"/Users/apple/Plnmo/app/ios/Pods/Headers/Public/React-renderercss\"\ \"/Users/apple/Plnmo/app/ios/Pods/Headers/Public/React-rendererdebug\"\ \"/Users/apple/Plnmo/app/ios/Pods/Headers/Public/React-runtimeexecutor\"\ \"/Users/apple/Plnmo/app/ios/Pods/Headers/Public/React-runtimescheduler\"\ \"/Users/apple/Plnmo/app/ios/Pods/Headers/Public/React-timing\"\ \"/Users/apple/Plnmo/app/ios/Pods/Headers/Public/React-utils\"\ \"/Users/apple/Plnmo/app/ios/Pods/Headers/Public/ReactCommon\"\ \"/Users/apple/Plnmo/app/ios/Pods/Headers/Public/Yoga\"\ \"/Users/apple/Plnmo/app/ios/Pods/Headers/Public/boost\"\ \"/Users/apple/Plnmo/app/ios/Pods/Headers/Public/fast_float\"\ \"/Users/apple/Plnmo/app/ios/Pods/Headers/Public/fmt\"\ \"/Users/apple/Plnmo/app/ios/Pods/Headers/Public/glog\"\ \"/Users/apple/Plnmo/app/ios/Pods/Headers/Public/hermes-engine\"\ \"/Users/apple/Plnmo/app/ios/Pods/boost\"\ \"/Users/apple/Plnmo/app/ios/Pods/../../node_modules/react-native/ReactCommon/ReactCommon\"\ \"/Users/apple/Plnmo/app/ios/Pods/RCT-Folly\"\ \"/Users/apple/Plnmo/app/ios/Pods/Headers/Private/Yoga\"\ \"/Users/apple/Plnmo/app/ios/Pods/../../node_modules/react-native/ReactCommon\"\ \"/Users/apple/Plnmo/app/ios/Pods/DoubleConversion\"\ \"/Users/apple/Plnmo/app/ios/Pods/fast_float/include\"\ \"/Users/apple/Plnmo/app/ios/Pods/fmt/include\"\ \"/Users/apple/Library/Developer/Xcode/DerivedData/Planmoni-fdypulhkiungwycuxcfoxcpgffow/Build/Products/Debug-iphonesimulator/React-rendererdebug/React_rendererdebug.framework/Headers\"\ \"/Users/apple/Library/Developer/Xcode/DerivedData/Planmoni-fdypulhkiungwycuxcfoxcpgffow/Build/Products/Debug-iphonesimulator/React-graphics/React_graphics.framework/Headers\"\ \"/Users/apple/Library/Developer/Xcode/DerivedData/Planmoni-fdypulhkiungwycuxcfoxcpgffow/Build/Products/Debug-iphonesimulator/React-graphics/React_graphics.framework/Headers/react/renderer/graphics/platform/ios\"\ \"/Users/apple/Library/Developer/Xcode/DerivedData/Planmoni-fdypulhkiungwycuxcfoxcpgffow/Build/Products/Debug-iphonesimulator/React-Fabric/React_Fabric.framework/Headers\"\ \"/Users/apple/Library/Developer/Xcode/DerivedData/Planmoni-fdypulhkiungwycuxcfoxcpgffow/Build/Products/Debug-iphonesimulator/React-Fabric/React_Fabric.framework/Headers/react/renderer/components/view/platform/cxx\"\ \"/Users/apple/Library/Developer/Xcode/DerivedData/Planmoni-fdypulhkiungwycuxcfoxcpgffow/Build/Products/Debug-iphonesimulator/React-Fabric/React_Fabric.framework/Headers/react/renderer/imagemanager/platform/ios\"
    export HIDE_BITCODE_SYMBOLS\=YES
    export HOME\=/Users/apple
    export HOST_ARCH\=arm64
    export HOST_PLATFORM\=macosx
    export ICONV\=/usr/bin/iconv
    export INFOPLIST_ENABLE_CFBUNDLEICONS_MERGE\=YES
    export INFOPLIST_EXPAND_BUILD_SETTINGS\=YES
    export INFOPLIST_OUTPUT_FORMAT\=binary
    export INFOPLIST_PREPROCESS\=NO
    export INLINE_PRIVATE_FRAMEWORKS\=NO
    export INSTALLHDRS_COPY_PHASE\=NO
    export INSTALLHDRS_SCRIPT_PHASE\=NO
    export INSTALL_DIR\=/tmp/Pods.dst/usr/local/lib
    export INSTALL_GROUP\=staff
    export INSTALL_MODE_FLAG\=u+w,go-w,a+rX
    export INSTALL_OWNER\=apple
    export INSTALL_PATH\=/usr/local/lib
    export INSTALL_ROOT\=/tmp/Pods.dst
    export IPHONEOS_DEPLOYMENT_TARGET\=15.1
    export IS_UNOPTIMIZED_BUILD\=YES
    export JAVAC_DEFAULT_FLAGS\=-J-Xms64m\ -J-XX:NewSize\=4M\ -J-Dfile.encoding\=UTF8
    export JAVA_APP_STUB\=/System/Library/Frameworks/JavaVM.framework/Resources/MacOS/JavaApplicationStub
    export JAVA_ARCHIVE_CLASSES\=YES
    export JAVA_ARCHIVE_TYPE\=JAR
    export JAVA_COMPILER\=/usr/bin/javac
    export JAVA_FRAMEWORK_RESOURCES_DIRS\=Resources
    export JAVA_JAR_FLAGS\=cv
    export JAVA_SOURCE_SUBDIR\=.
    export JAVA_USE_DEPENDENCIES\=YES
    export JAVA_ZIP_FLAGS\=-urg
    export JIKES_DEFAULT_FLAGS\=+E\ +OLDCSO
    export KEEP_PRIVATE_EXTERNS\=NO
    export LD_DEPENDENCY_INFO_FILE\=/Users/apple/Library/Developer/Xcode/DerivedData/Planmoni-fdypulhkiungwycuxcfoxcpgffow/Build/Intermediates.noindex/Pods.build/Debug-iphonesimulator/React-FabricComponents.build/Objects-normal/undefined_arch/React-FabricComponents_dependency_info.dat
    export LD_EXPORT_SYMBOLS\=YES
    export LD_GENERATE_MAP_FILE\=NO
    export LD_MAP_FILE_PATH\=/Users/apple/Library/Developer/Xcode/DerivedData/Planmoni-fdypulhkiungwycuxcfoxcpgffow/Build/Intermediates.noindex/Pods.build/Debug-iphonesimulator/React-FabricComponents.build/React-FabricComponents-LinkMap-normal-undefined_arch.txt
    export LD_NO_PIE\=NO
    export LD_QUOTE_LINKER_ARGUMENTS_FOR_COMPILER_DRIVER\=YES
    export LEGACY_DEVELOPER_DIR\=/Applications/Xcode.app/Contents/PlugIns/Xcode3Core.ideplugin/Contents/SharedSupport/Developer
    export LEX\=lex
    export LIBRARY_DEXT_INSTALL_PATH\=/Library/DriverExtensions
    export LIBRARY_FLAG_NOSPACE\=YES
    export LIBRARY_FLAG_PREFIX\=-l
    export LIBRARY_KEXT_INSTALL_PATH\=/Library/Extensions
    export LIBRARY_SEARCH_PATHS\=/Users/apple/Library/Developer/Xcode/DerivedData/Planmoni-fdypulhkiungwycuxcfoxcpgffow/Build/Products/Debug-iphonesimulator/React-FabricComponents\ 
    export LINKER_DISPLAYS_MANGLED_NAMES\=NO
    export LINK_FILE_LIST_normal_arm64\=/Users/apple/Library/Developer/Xcode/DerivedData/Planmoni-fdypulhkiungwycuxcfoxcpgffow/Build/Intermediates.noindex/Pods.build/Debug-iphonesimulator/React-FabricComponents.build/Objects-normal/arm64/React-FabricComponents.LinkFileList
    export LINK_OBJC_RUNTIME\=YES
    export LINK_WITH_STANDARD_LIBRARIES\=YES
    export LLVM_TARGET_TRIPLE_OS_VERSION\=ios15.1
    export LLVM_TARGET_TRIPLE_SUFFIX\=-simulator
    export LLVM_TARGET_TRIPLE_VENDOR\=apple
    export LM_AUX_CONST_METADATA_LIST_PATH_normal_arm64\=/Users/apple/Library/Developer/Xcode/DerivedData/Planmoni-fdypulhkiungwycuxcfoxcpgffow/Build/Intermediates.noindex/Pods.build/Debug-iphonesimulator/React-FabricComponents.build/Objects-normal/arm64/React-FabricComponents.SwiftConstValuesFileList
    export LOCALIZATION_EXPORT_SUPPORTED\=YES
    export LOCALIZATION_PREFERS_STRING_CATALOGS\=NO
    export LOCALIZED_STRING_MACRO_NAMES\=NSLocalizedString\ CFCopyLocalizedString
    export LOCALIZED_STRING_SWIFTUI_SUPPORT\=YES
    export LOCAL_ADMIN_APPS_DIR\=/Applications/Utilities
    export LOCAL_APPS_DIR\=/Applications
    export LOCAL_DEVELOPER_DIR\=/Library/Developer
    export LOCAL_LIBRARY_DIR\=/Library
    export LOCROOT\=/Users/apple/Plnmo/app/ios/Pods
    export LOCSYMROOT\=/Users/apple/Plnmo/app/ios/Pods
    export MACH_O_TYPE\=staticlib
    export MAC_OS_X_PRODUCT_BUILD_VERSION\=23F79
    export MAC_OS_X_VERSION_ACTUAL\=140500
    export MAC_OS_X_VERSION_MAJOR\=140000
    export MAC_OS_X_VERSION_MINOR\=140500
    export MAKE_MERGEABLE\=NO
    export MERGEABLE_LIBRARY\=NO
    export MERGED_BINARY_TYPE\=none
    export MERGE_LINKED_LIBRARIES\=NO
    export METAL_LIBRARY_FILE_BASE\=default
    export METAL_LIBRARY_OUTPUT_DIR\=/Users/apple/Library/Developer/Xcode/DerivedData/Planmoni-fdypulhkiungwycuxcfoxcpgffow/Build/Products/Debug-iphonesimulator/React-FabricComponents/
    export MODULEMAP_FILE\=Headers/Public/React_FabricComponents/React-FabricComponents.modulemap
    export MODULE_CACHE_DIR\=/Users/apple/Library/Developer/Xcode/DerivedData/ModuleCache.noindex
    export MTL_ENABLE_DEBUG_INFO\=INCLUDE_SOURCE
    export MTL_FAST_MATH\=YES
    export NATIVE_ARCH\=arm64
    export NATIVE_ARCH_32_BIT\=arm
    export NATIVE_ARCH_64_BIT\=arm64
    export NATIVE_ARCH_ACTUAL\=arm64
    export NO_COMMON\=YES
    export OBJC_ABI_VERSION\=2
    export OBJECT_FILE_DIR\=/Users/apple/Library/Developer/Xcode/DerivedData/Planmoni-fdypulhkiungwycuxcfoxcpgffow/Build/Intermediates.noindex/Pods.build/Debug-iphonesimulator/React-FabricComponents.build/Objects
    export OBJECT_FILE_DIR_normal\=/Users/apple/Library/Developer/Xcode/DerivedData/Planmoni-fdypulhkiungwycuxcfoxcpgffow/Build/Intermediates.noindex/Pods.build/Debug-iphonesimulator/React-FabricComponents.build/Objects-normal
    export OBJROOT\=/Users/apple/Library/Developer/Xcode/DerivedData/Planmoni-fdypulhkiungwycuxcfoxcpgffow/Build/Intermediates.noindex
    export ONLY_ACTIVE_ARCH\=YES
    export OS\=MACOS
    export OSAC\=/usr/bin/osacompile
    export OTHER_CFLAGS\=\ -fmodule-map-file\=\"/Users/apple/Plnmo/app/ios/Pods/Headers/Public/DoubleConversion/DoubleConversion.modulemap\"\ -fmodule-map-file\=\"/Users/apple/Plnmo/app/ios/Pods/Headers/Public/RCTDeprecation/RCTDeprecation.modulemap\"\ -fmodule-map-file\=\"/Users/apple/Plnmo/app/ios/Pods/Headers/Public/RCTTypeSafety/RCTTypeSafety.modulemap\"\ -fmodule-map-file\=\"/Users/apple/Plnmo/app/ios/Pods/Headers/Public/React/React-Core.modulemap\"\ -fmodule-map-file\=\"/Users/apple/Plnmo/app/ios/Pods/Headers/Public/ReactCommon/ReactCommon.modulemap\"\ -fmodule-map-file\=\"/Users/apple/Plnmo/app/ios/Pods/Headers/Public/React_Fabric/React-Fabric.modulemap\"\ -fmodule-map-file\=\"/Users/apple/Plnmo/app/ios/Pods/Headers/Public/folly/RCT-Folly.modulemap\"\ -fmodule-map-file\=\"/Users/apple/Plnmo/app/ios/Pods/Headers/Public/glog/glog.modulemap\"\ -fmodule-map-file\=\"/Users/apple/Plnmo/app/ios/Pods/Headers/Public/jsi/React-jsi.modulemap\"\ -fmodule-map-file\=\"/Users/apple/Plnmo/app/ios/Pods/Headers/Public/jsinspector_modern/React-jsinspector.modulemap\"\ -fmodule-map-file\=\"/Users/apple/Plnmo/app/ios/Pods/Headers/Public/jsinspector_modern_tracing/React-jsinspectortracing.modulemap\"\ -fmodule-map-file\=\"/Users/apple/Plnmo/app/ios/Pods/Headers/Public/react_debug/React-debug.modulemap\"\ -fmodule-map-file\=\"/Users/apple/Plnmo/app/ios/Pods/Headers/Public/react_featureflags/React-featureflags.modulemap\"\ -fmodule-map-file\=\"/Users/apple/Plnmo/app/ios/Pods/Headers/Public/react_renderer_css/React-renderercss.modulemap\"\ -fmodule-map-file\=\"/Users/apple/Plnmo/app/ios/Pods/Headers/Public/react_renderer_debug/React-rendererdebug.modulemap\"\ -fmodule-map-file\=\"/Users/apple/Plnmo/app/ios/Pods/Headers/Public/react_renderer_graphics/React-graphics.modulemap\"\ -fmodule-map-file\=\"/Users/apple/Plnmo/app/ios/Pods/Headers/Public/react_runtime/React-jsitooling.modulemap\"\ -fmodule-map-file\=\"/Users/apple/Plnmo/app/ios/Pods/Headers/Public/react_utils/React-utils.modulemap\"\ -fmodule-map-file\=\"/Users/apple/Plnmo/app/ios/Pods/Headers/Public/reacthermes/React-hermes.modulemap\"\ -fmodule-map-file\=\"/Users/apple/Plnmo/app/ios/Pods/Headers/Public/yoga/Yoga.modulemap\"
    export OTHER_CPLUSPLUSFLAGS\=\ -fmodule-map-file\=\"/Users/apple/Plnmo/app/ios/Pods/Headers/Public/DoubleConversion/DoubleConversion.modulemap\"\ -fmodule-map-file\=\"/Users/apple/Plnmo/app/ios/Pods/Headers/Public/RCTDeprecation/RCTDeprecation.modulemap\"\ -fmodule-map-file\=\"/Users/apple/Plnmo/app/ios/Pods/Headers/Public/RCTTypeSafety/RCTTypeSafety.modulemap\"\ -fmodule-map-file\=\"/Users/apple/Plnmo/app/ios/Pods/Headers/Public/React/React-Core.modulemap\"\ -fmodule-map-file\=\"/Users/apple/Plnmo/app/ios/Pods/Headers/Public/ReactCommon/ReactCommon.modulemap\"\ -fmodule-map-file\=\"/Users/apple/Plnmo/app/ios/Pods/Headers/Public/React_Fabric/React-Fabric.modulemap\"\ -fmodule-map-file\=\"/Users/apple/Plnmo/app/ios/Pods/Headers/Public/folly/RCT-Folly.modulemap\"\ -fmodule-map-file\=\"/Users/apple/Plnmo/app/ios/Pods/Headers/Public/glog/glog.modulemap\"\ -fmodule-map-file\=\"/Users/apple/Plnmo/app/ios/Pods/Headers/Public/jsi/React-jsi.modulemap\"\ -fmodule-map-file\=\"/Users/apple/Plnmo/app/ios/Pods/Headers/Public/jsinspector_modern/React-jsinspector.modulemap\"\ -fmodule-map-file\=\"/Users/apple/Plnmo/app/ios/Pods/Headers/Public/jsinspector_modern_tracing/React-jsinspectortracing.modulemap\"\ -fmodule-map-file\=\"/Users/apple/Plnmo/app/ios/Pods/Headers/Public/react_debug/React-debug.modulemap\"\ -fmodule-map-file\=\"/Users/apple/Plnmo/app/ios/Pods/Headers/Public/react_featureflags/React-featureflags.modulemap\"\ -fmodule-map-file\=\"/Users/apple/Plnmo/app/ios/Pods/Headers/Public/react_renderer_css/React-renderercss.modulemap\"\ -fmodule-map-file\=\"/Users/apple/Plnmo/app/ios/Pods/Headers/Public/react_renderer_debug/React-rendererdebug.modulemap\"\ -fmodule-map-file\=\"/Users/apple/Plnmo/app/ios/Pods/Headers/Public/react_renderer_graphics/React-graphics.modulemap\"\ -fmodule-map-file\=\"/Users/apple/Plnmo/app/ios/Pods/Headers/Public/react_runtime/React-jsitooling.modulemap\"\ -fmodule-map-file\=\"/Users/apple/Plnmo/app/ios/Pods/Headers/Public/react_utils/React-utils.modulemap\"\ -fmodule-map-file\=\"/Users/apple/Plnmo/app/ios/Pods/Headers/Public/reacthermes/React-hermes.modulemap\"\ -fmodule-map-file\=\"/Users/apple/Plnmo/app/ios/Pods/Headers/Public/yoga/Yoga.modulemap\"
    export PACKAGE_TYPE\=com.apple.package-type.static-library
    export PASCAL_STRINGS\=YES
    export PATH\=/Applications/Xcode.app/Contents/SharedFrameworks/XCBuild.framework/Versions/A/PlugIns/XCBBuildService.bundle/Contents/PlugIns/XCBSpecifications.ideplugin/Contents/Resources:/Applications/Xcode.app/Contents/SharedFrameworks/XCBuild.framework/Versions/A/PlugIns/XCBBuildService.bundle/Contents/PlugIns/XCBSpecifications.ideplugin:/Applications/Xcode.app/Contents/Developer/Toolchains/XcodeDefault.xctoolchain/usr/bin:/Applications/Xcode.app/Contents/Developer/Toolchains/XcodeDefault.xctoolchain/usr/appleinternal/bin:/Applications/Xcode.app/Contents/Developer/Toolchains/XcodeDefault.xctoolchain/usr/local/bin:/Applications/Xcode.app/Contents/Developer/Toolchains/XcodeDefault.xctoolchain/usr/libexec:/Applications/Xcode.app/Contents/Developer/Platforms/iPhoneSimulator.platform/usr/bin:/Applications/Xcode.app/Contents/Developer/Platforms/iPhoneSimulator.platform/usr/appleinternal/bin:/Applications/Xcode.app/Contents/Developer/Platforms/iPhoneSimulator.platform/usr/local/bin:/Applications/Xcode.app/Contents/Developer/Platforms/iPhoneSimulator.platform/Developer/usr/bin:/Applications/Xcode.app/Contents/Developer/Platforms/iPhoneSimulator.platform/Developer/usr/local/bin:/Applications/Xcode.app/Contents/Developer/usr/bin:/Applications/Xcode.app/Contents/Developer/usr/local/bin:/Users/apple/.gem/bin:/Users/apple/development/flutter/bin:/opt/homebrew/bin:/opt/homebrew/sbin:/usr/local/bin:/System/Cryptexes/App/usr/bin:/usr/bin:/bin:/usr/sbin:/sbin:/var/run/com.apple.security.cryptexd/codex.system/bootstrap/usr/local/bin:/var/run/com.apple.security.cryptexd/codex.system/bootstrap/usr/bin:/var/run/com.apple.security.cryptexd/codex.system/bootstrap/usr/appleinternal/bin:/Library/Apple/usr/bin:/Applications/VMware\ Fusion.app/Contents/Public
    export PATH_PREFIXES_EXCLUDED_FROM_HEADER_DEPENDENCIES\=/usr/include\ /usr/local/include\ /System/Library/Frameworks\ /System/Library/PrivateFrameworks\ /Applications/Xcode.app/Contents/Developer/Headers\ /Applications/Xcode.app/Contents/Developer/SDKs\ /Applications/Xcode.app/Contents/Developer/Platforms
    export PER_ARCH_OBJECT_FILE_DIR\=/Users/apple/Library/Developer/Xcode/DerivedData/Planmoni-fdypulhkiungwycuxcfoxcpgffow/Build/Intermediates.noindex/Pods.build/Debug-iphonesimulator/React-FabricComponents.build/Objects-normal/undefined_arch
    export PER_VARIANT_OBJECT_FILE_DIR\=/Users/apple/Library/Developer/Xcode/DerivedData/Planmoni-fdypulhkiungwycuxcfoxcpgffow/Build/Intermediates.noindex/Pods.build/Debug-iphonesimulator/React-FabricComponents.build/Objects-normal
    export PKGINFO_FILE_PATH\=/Users/apple/Library/Developer/Xcode/DerivedData/Planmoni-fdypulhkiungwycuxcfoxcpgffow/Build/Intermediates.noindex/Pods.build/Debug-iphonesimulator/React-FabricComponents.build/PkgInfo
    export PLATFORM_DEVELOPER_APPLICATIONS_DIR\=/Applications/Xcode.app/Contents/Developer/Platforms/iPhoneSimulator.platform/Developer/Applications
    export PLATFORM_DEVELOPER_BIN_DIR\=/Applications/Xcode.app/Contents/Developer/Platforms/iPhoneSimulator.platform/Developer/usr/bin
    export PLATFORM_DEVELOPER_LIBRARY_DIR\=/Applications/Xcode.app/Contents/Developer/Platforms/iPhoneSimulator.platform/Developer/Library
    export PLATFORM_DEVELOPER_SDK_DIR\=/Applications/Xcode.app/Contents/Developer/Platforms/iPhoneSimulator.platform/Developer/SDKs
    export PLATFORM_DEVELOPER_TOOLS_DIR\=/Applications/Xcode.app/Contents/Developer/Platforms/iPhoneSimulator.platform/Developer/Tools
    export PLATFORM_DEVELOPER_USR_DIR\=/Applications/Xcode.app/Contents/Developer/Platforms/iPhoneSimulator.platform/Developer/usr
    export PLATFORM_DIR\=/Applications/Xcode.app/Contents/Developer/Platforms/iPhoneSimulator.platform
    export PLATFORM_DISPLAY_NAME\=iOS\ Simulator
    export PLATFORM_FAMILY_NAME\=iOS
    export PLATFORM_NAME\=iphonesimulator
    export PLATFORM_PREFERRED_ARCH\=x86_64
    export PLATFORM_PRODUCT_BUILD_VERSION\=21F77
    export PLIST_FILE_OUTPUT_FORMAT\=binary
    export PODS_BUILD_DIR\=/Users/apple/Library/Developer/Xcode/DerivedData/Planmoni-fdypulhkiungwycuxcfoxcpgffow/Build/Products
    export PODS_CONFIGURATION_BUILD_DIR\=/Users/apple/Library/Developer/Xcode/DerivedData/Planmoni-fdypulhkiungwycuxcfoxcpgffow/Build/Products/Debug-iphonesimulator
    export PODS_DEVELOPMENT_LANGUAGE\=en
    export PODS_ROOT\=/Users/apple/Plnmo/app/ios/Pods
    export PODS_TARGET_SRCROOT\=/Users/apple/Plnmo/app/ios/Pods/../../node_modules/react-native/ReactCommon
    export PODS_XCFRAMEWORKS_BUILD_DIR\=/Users/apple/Library/Developer/Xcode/DerivedData/Planmoni-fdypulhkiungwycuxcfoxcpgffow/Build/Products/Debug-iphonesimulator/XCFrameworkIntermediates
    export PRECOMPS_INCLUDE_HEADERS_FROM_BUILT_PRODUCTS_DIR\=YES
    export PRECOMP_DESTINATION_DIR\=/Users/apple/Library/Developer/Xcode/DerivedData/Planmoni-fdypulhkiungwycuxcfoxcpgffow/Build/Intermediates.noindex/Pods.build/Debug-iphonesimulator/React-FabricComponents.build/PrefixHeaders
    export PRESERVE_DEAD_CODE_INITS_AND_TERMS\=NO
    export PROCESSED_INFOPLIST_PATH\=/Users/apple/Library/Developer/Xcode/DerivedData/Planmoni-fdypulhkiungwycuxcfoxcpgffow/Build/Intermediates.noindex/Pods.build/Debug-iphonesimulator/React-FabricComponents.build/Objects-normal/undefined_arch/Processed-Info.plist
    export PRODUCT_BUNDLE_IDENTIFIER\=org.cocoapods.React-FabricComponents
    export PRODUCT_MODULE_NAME\=React_FabricComponents
    export PRODUCT_NAME\=React-FabricComponents
    export PRODUCT_SETTINGS_PATH\=
    export PRODUCT_TYPE\=com.apple.product-type.library.static
    export PROFILING_CODE\=NO
    export PROJECT\=Pods
    export PROJECT_DERIVED_FILE_DIR\=/Users/apple/Library/Developer/Xcode/DerivedData/Planmoni-fdypulhkiungwycuxcfoxcpgffow/Build/Intermediates.noindex/Pods.build/DerivedSources
    export PROJECT_DIR\=/Users/apple/Plnmo/app/ios/Pods
    export PROJECT_FILE_PATH\=/Users/apple/Plnmo/app/ios/Pods/Pods.xcodeproj
    export PROJECT_NAME\=Pods
    export PROJECT_TEMP_DIR\=/Users/apple/Library/Developer/Xcode/DerivedData/Planmoni-fdypulhkiungwycuxcfoxcpgffow/Build/Intermediates.noindex/Pods.build
    export PROJECT_TEMP_ROOT\=/Users/apple/Library/Developer/Xcode/DerivedData/Planmoni-fdypulhkiungwycuxcfoxcpgffow/Build/Intermediates.noindex
    export REACT_NATIVE_PATH\=/Users/apple/Plnmo/app/ios/Pods/../../node_modules/react-native
    export RECOMMENDED_IPHONEOS_DEPLOYMENT_TARGET\=12.5
    export RECURSIVE_SEARCH_PATHS_FOLLOW_SYMLINKS\=YES
    export REMOVE_CVS_FROM_RESOURCES\=YES
    export REMOVE_GIT_FROM_RESOURCES\=YES
    export REMOVE_HEADERS_FROM_EMBEDDED_BUNDLES\=YES
    export REMOVE_HG_FROM_RESOURCES\=YES
    export REMOVE_STATIC_EXECUTABLES_FROM_EMBEDDED_BUNDLES\=YES
    export REMOVE_SVN_FROM_RESOURCES\=YES
    export REZ_COLLECTOR_DIR\=/Users/apple/Library/Developer/Xcode/DerivedData/Planmoni-fdypulhkiungwycuxcfoxcpgffow/Build/Intermediates.noindex/Pods.build/Debug-iphonesimulator/React-FabricComponents.build/ResourceManagerResources
    export REZ_EXECUTABLE\=YES
    export REZ_OBJECTS_DIR\=/Users/apple/Library/Developer/Xcode/DerivedData/Planmoni-fdypulhkiungwycuxcfoxcpgffow/Build/Intermediates.noindex/Pods.build/Debug-iphonesimulator/React-FabricComponents.build/ResourceManagerResources/Objects
    export REZ_SEARCH_PATHS\=/Users/apple/Library/Developer/Xcode/DerivedData/Planmoni-fdypulhkiungwycuxcfoxcpgffow/Build/Products/Debug-iphonesimulator/React-FabricComponents\ 
    export SCAN_ALL_SOURCE_FILES_FOR_INCLUDES\=NO
    export SCRIPT_INPUT_FILE_COUNT\=0
    export SCRIPT_INPUT_FILE_LIST_COUNT\=0
    export SCRIPT_OUTPUT_FILE_COUNT\=0
    export SCRIPT_OUTPUT_FILE_LIST_COUNT\=0
    export SDKROOT\=/Applications/Xcode.app/Contents/Developer/Platforms/iPhoneSimulator.platform/Developer/SDKs/iPhoneSimulator17.5.sdk
    export SDK_DIR\=/Applications/Xcode.app/Contents/Developer/Platforms/iPhoneSimulator.platform/Developer/SDKs/iPhoneSimulator17.5.sdk
    export SDK_DIR_iphonesimulator\=/Applications/Xcode.app/Contents/Developer/Platforms/iPhoneSimulator.platform/Developer/SDKs/iPhoneSimulator17.5.sdk
    export SDK_DIR_iphonesimulator17_5\=/Applications/Xcode.app/Contents/Developer/Platforms/iPhoneSimulator.platform/Developer/SDKs/iPhoneSimulator17.5.sdk
    export SDK_NAME\=iphonesimulator17.5
    export SDK_NAMES\=iphonesimulator17.5
    export SDK_PRODUCT_BUILD_VERSION\=21F77
    export SDK_STAT_CACHE_DIR\=/Users/apple/Library/Developer/Xcode/DerivedData
    export SDK_STAT_CACHE_ENABLE\=YES
    export SDK_STAT_CACHE_PATH\=/Users/apple/Library/Developer/Xcode/DerivedData/SDKStatCaches.noindex/iphonesimulator17.5-21F77-c098706a9f71eba4e76ae92ab367209a.sdkstatcache
    export SDK_VERSION\=17.5
    export SDK_VERSION_ACTUAL\=170500
    export SDK_VERSION_MAJOR\=170000
    export SDK_VERSION_MINOR\=170500
    export SED\=/usr/bin/sed
    export SEPARATE_STRIP\=NO
    export SEPARATE_SYMBOL_EDIT\=NO
    export SET_DIR_MODE_OWNER_GROUP\=YES
    export SET_FILE_MODE_OWNER_GROUP\=NO
    export SHALLOW_BUNDLE\=NO
    export SHARED_DERIVED_FILE_DIR\=/Users/apple/Library/Developer/Xcode/DerivedData/Planmoni-fdypulhkiungwycuxcfoxcpgffow/Build/Products/Debug-iphonesimulator/React-FabricComponents/DerivedSources
    export SHARED_PRECOMPS_DIR\=/Users/apple/Library/Developer/Xcode/DerivedData/Planmoni-fdypulhkiungwycuxcfoxcpgffow/Build/Intermediates.noindex/PrecompiledHeaders
    export SKIP_INSTALL\=YES
    export SOURCE_ROOT\=/Users/apple/Plnmo/app/ios/Pods
    export SRCROOT\=/Users/apple/Plnmo/app/ios/Pods
    export STRINGSDATA_DIR\=/Users/apple/Library/Developer/Xcode/DerivedData/Planmoni-fdypulhkiungwycuxcfoxcpgffow/Build/Intermediates.noindex/Pods.build/Debug-iphonesimulator/React-FabricComponents.build/Objects-normal/undefined_arch
    export STRINGSDATA_ROOT\=/Users/apple/Library/Developer/Xcode/DerivedData/Planmoni-fdypulhkiungwycuxcfoxcpgffow/Build/Intermediates.noindex/Pods.build/Debug-iphonesimulator/React-FabricComponents.build
    export STRINGS_FILE_INFOPLIST_RENAME\=YES
    export STRINGS_FILE_OUTPUT_ENCODING\=binary
    export STRIP_BITCODE_FROM_COPIED_FILES\=NO
    export STRIP_INSTALLED_PRODUCT\=NO
    export STRIP_STYLE\=debugging
    export STRIP_SWIFT_SYMBOLS\=YES
    export SUPPORTED_DEVICE_FAMILIES\=1,2
    export SUPPORTED_PLATFORMS\=iphoneos\ iphonesimulator
    export SUPPORTS_TEXT_BASED_API\=NO
    export SUPPRESS_WARNINGS\=NO
    export SWIFT_ACTIVE_COMPILATION_CONDITIONS\=\ DEBUG\ 
    export SWIFT_EMIT_LOC_STRINGS\=NO
    export SWIFT_INSTALL_OBJC_HEADER\=YES
    export SWIFT_OPTIMIZATION_LEVEL\=-Onone
    export SWIFT_PLATFORM_TARGET_PREFIX\=ios
    export SWIFT_RESPONSE_FILE_PATH_normal_arm64\=/Users/apple/Library/Developer/Xcode/DerivedData/Planmoni-fdypulhkiungwycuxcfoxcpgffow/Build/Intermediates.noindex/Pods.build/Debug-iphonesimulator/React-FabricComponents.build/Objects-normal/arm64/React-FabricComponents.SwiftFileList
    export SWIFT_VERSION\=5.0
    export SYMROOT\=/Users/apple/Library/Developer/Xcode/DerivedData/Planmoni-fdypulhkiungwycuxcfoxcpgffow/Build/Products
    export SYSTEM_ADMIN_APPS_DIR\=/Applications/Utilities
    export SYSTEM_APPS_DIR\=/Applications
    export SYSTEM_CORE_SERVICES_DIR\=/System/Library/CoreServices
    export SYSTEM_DEMOS_DIR\=/Applications/Extras
    export SYSTEM_DEVELOPER_APPS_DIR\=/Applications/Xcode.app/Contents/Developer/Applications
    export SYSTEM_DEVELOPER_BIN_DIR\=/Applications/Xcode.app/Contents/Developer/usr/bin
    export SYSTEM_DEVELOPER_DEMOS_DIR\=/Applications/Xcode.app/Contents/Developer/Applications/Utilities/Built\ Examples
    export SYSTEM_DEVELOPER_DIR\=/Applications/Xcode.app/Contents/Developer
    export SYSTEM_DEVELOPER_DOC_DIR\=/Applications/Xcode.app/Contents/Developer/ADC\ Reference\ Library
    export SYSTEM_DEVELOPER_GRAPHICS_TOOLS_DIR\=/Applications/Xcode.app/Contents/Developer/Applications/Graphics\ Tools
    export SYSTEM_DEVELOPER_JAVA_TOOLS_DIR\=/Applications/Xcode.app/Contents/Developer/Applications/Java\ Tools
    export SYSTEM_DEVELOPER_PERFORMANCE_TOOLS_DIR\=/Applications/Xcode.app/Contents/Developer/Applications/Performance\ Tools
    export SYSTEM_DEVELOPER_RELEASENOTES_DIR\=/Applications/Xcode.app/Contents/Developer/ADC\ Reference\ Library/releasenotes
    export SYSTEM_DEVELOPER_TOOLS\=/Applications/Xcode.app/Contents/Developer/Tools
    export SYSTEM_DEVELOPER_TOOLS_DOC_DIR\=/Applications/Xcode.app/Contents/Developer/ADC\ Reference\ Library/documentation/DeveloperTools
    export SYSTEM_DEVELOPER_TOOLS_RELEASENOTES_DIR\=/Applications/Xcode.app/Contents/Developer/ADC\ Reference\ Library/releasenotes/DeveloperTools
    export SYSTEM_DEVELOPER_USR_DIR\=/Applications/Xcode.app/Contents/Developer/usr
    export SYSTEM_DEVELOPER_UTILITIES_DIR\=/Applications/Xcode.app/Contents/Developer/Applications/Utilities
    export SYSTEM_DEXT_INSTALL_PATH\=/System/Library/DriverExtensions
    export SYSTEM_DOCUMENTATION_DIR\=/Library/Documentation
    export SYSTEM_KEXT_INSTALL_PATH\=/System/Library/Extensions
    export SYSTEM_LIBRARY_DIR\=/System/Library
    export TAPI_DEMANGLE\=YES
    export TAPI_ENABLE_PROJECT_HEADERS\=NO
    export TAPI_LANGUAGE\=objective-c
    export TAPI_LANGUAGE_STANDARD\=compiler-default
    export TAPI_USE_SRCROOT\=YES
    export TAPI_VERIFY_MODE\=Pedantic
    export TARGETED_DEVICE_FAMILY\=1,2
    export TARGETNAME\=React-FabricComponents
    export TARGET_BUILD_DIR\=/Users/apple/Library/Developer/Xcode/DerivedData/Planmoni-fdypulhkiungwycuxcfoxcpgffow/Build/Products/Debug-iphonesimulator/React-FabricComponents
    export TARGET_DEVICE_IDENTIFIER\=2898BCB4-256C-4A0D-82F1-572E772951CB
    export TARGET_DEVICE_MODEL\=iPhone16,1
    export TARGET_DEVICE_OS_VERSION\=17.5
    export TARGET_DEVICE_PLATFORM_NAME\=iphonesimulator
    export TARGET_NAME\=React-FabricComponents
    export TARGET_TEMP_DIR\=/Users/apple/Library/Developer/Xcode/DerivedData/Planmoni-fdypulhkiungwycuxcfoxcpgffow/Build/Intermediates.noindex/Pods.build/Debug-iphonesimulator/React-FabricComponents.build
    export TEMP_DIR\=/Users/apple/Library/Developer/Xcode/DerivedData/Planmoni-fdypulhkiungwycuxcfoxcpgffow/Build/Intermediates.noindex/Pods.build/Debug-iphonesimulator/React-FabricComponents.build
    export TEMP_FILES_DIR\=/Users/apple/Library/Developer/Xcode/DerivedData/Planmoni-fdypulhkiungwycuxcfoxcpgffow/Build/Intermediates.noindex/Pods.build/Debug-iphonesimulator/React-FabricComponents.build
    export TEMP_FILE_DIR\=/Users/apple/Library/Developer/Xcode/DerivedData/Planmoni-fdypulhkiungwycuxcfoxcpgffow/Build/Intermediates.noindex/Pods.build/Debug-iphonesimulator/React-FabricComponents.build
    export TEMP_ROOT\=/Users/apple/Library/Developer/Xcode/DerivedData/Planmoni-fdypulhkiungwycuxcfoxcpgffow/Build/Intermediates.noindex
    export TEST_FRAMEWORK_SEARCH_PATHS\=\ /Applications/Xcode.app/Contents/Developer/Platforms/iPhoneSimulator.platform/Developer/Library/Frameworks\ /Applications/Xcode.app/Contents/Developer/Platforms/iPhoneSimulator.platform/Developer/SDKs/iPhoneSimulator17.5.sdk/Developer/Library/Frameworks
    export TEST_LIBRARY_SEARCH_PATHS\=\ /Applications/Xcode.app/Contents/Developer/Platforms/iPhoneSimulator.platform/Developer/usr/lib
    export TOOLCHAINS\=com.apple.dt.toolchain.XcodeDefault
    export TOOLCHAIN_DIR\=/Applications/Xcode.app/Contents/Developer/Toolchains/XcodeDefault.xctoolchain
    export TREAT_MISSING_BASELINES_AS_TEST_FAILURES\=NO
    export UID\=501
    export UNINSTALLED_PRODUCTS_DIR\=/Users/apple/Library/Developer/Xcode/DerivedData/Planmoni-fdypulhkiungwycuxcfoxcpgffow/Build/Intermediates.noindex/UninstalledProducts
    export UNSTRIPPED_PRODUCT\=NO
    export USER\=apple
    export USER_APPS_DIR\=/Users/apple/Applications
    export USER_LIBRARY_DIR\=/Users/apple/Library
    export USE_DYNAMIC_NO_PIC\=YES
    export USE_HEADERMAP\=YES
    export USE_HEADER_SYMLINKS\=NO
    export USE_HERMES\=true
    export USE_RECURSIVE_SCRIPT_INPUTS_IN_SCRIPT_PHASES\=YES
    export VALIDATE_DEVELOPMENT_ASSET_PATHS\=YES_ERROR
    export VALIDATE_PRODUCT\=NO
    export VALID_ARCHS\=arm64\ arm64e\ i386\ x86_64
    export VERBOSE_PBXCP\=NO
    export VERSION_INFO_BUILDER\=apple
    export VERSION_INFO_FILE\=React-FabricComponents_vers.c
    export VERSION_INFO_STRING\=\"@\(\#\)PROGRAM:React-FabricComponents\ \ PROJECT:Pods-\"
    export WRAP_ASSET_PACKS_IN_SEPARATE_DIRECTORIES\=NO
    export XCODE_APP_SUPPORT_DIR\=/Applications/Xcode.app/Contents/Developer/Library/Xcode
    export XCODE_PRODUCT_BUILD_VERSION\=15F31d
    export XCODE_VERSION_ACTUAL\=1540
    export XCODE_VERSION_MAJOR\=1500
    export XCODE_VERSION_MINOR\=1540
    export XPCSERVICES_FOLDER_PATH\=/XPCServices
    export YACC\=yacc
    export arch\=undefined_arch
    export variant\=normal
    /bin/sh -c /Users/apple/Library/Developer/Xcode/DerivedData/Planmoni-fdypulhkiungwycuxcfoxcpgffow/Build/Intermediates.noindex/Pods.build/Debug-iphonesimulator/React-FabricComponents.build/Script-46EB2E00037480.sh
Checking whether Codegen has run...

SwiftDriver ExpoModulesCore normal arm64 com.apple.xcode.tools.swift.compiler (in target 'ExpoModulesCore' from project 'Pods')
    cd /Users/apple/Plnmo/app/ios/Pods
    builtin-SwiftDriver -- /Applications/Xcode.app/Contents/Developer/Toolchains/XcodeDefault.xctoolchain/usr/bin/swiftc -module-name ExpoModulesCore -Onone -whole-module-optimization -enforce-exclusivity\=checked @/Users/apple/Library/Developer/Xcode/DerivedData/Planmoni-fdypulhkiungwycuxcfoxcpgffow/Build/Intermediates.noindex/Pods.build/Debug-iphonesimulator/ExpoModulesCore.build/Objects-normal/arm64/ExpoModulesCore.SwiftFileList -DDEBUG -D COCOAPODS -Xcc -fmodule-map-file\=/Users/apple/Plnmo/app/ios/Pods/Headers/Public/DoubleConversion/DoubleConversion.modulemap -Xcc -fmodule-map-file\=/Users/apple/Plnmo/app/ios/Pods/Headers/Public/RCTDeprecation/RCTDeprecation.modulemap -Xcc -fmodule-map-file\=/Users/apple/Plnmo/app/ios/Pods/Headers/Public/RCTFabric/React-RCTFabric.modulemap -Xcc -fmodule-map-file\=/Users/apple/Plnmo/app/ios/Pods/Headers/Public/RCTRuntime/React-RCTRuntime.modulemap -Xcc -fmodule-map-file\=/Users/apple/Plnmo/app/ios/Pods/Headers/Public/RCTTypeSafety/RCTTypeSafety.modulemap -Xcc -fmodule-map-file\=/Users/apple/Plnmo/app/ios/Pods/Headers/Public/React/React-Core.modulemap -Xcc -fmodule-map-file\=/Users/apple/Plnmo/app/ios/Pods/Headers/Public/ReactCodegen/ReactCodegen.modulemap -Xcc -fmodule-map-file\=/Users/apple/Plnmo/app/ios/Pods/Headers/Public/ReactCommon/ReactCommon.modulemap -Xcc -fmodule-map-file\=/Users/apple/Plnmo/app/ios/Pods/Headers/Public/React_Fabric/React-Fabric.modulemap -Xcc -fmodule-map-file\=/Users/apple/Plnmo/app/ios/Pods/Headers/Public/React_FabricComponents/React-FabricComponents.modulemap -Xcc -fmodule-map-file\=/Users/apple/Plnmo/app/ios/Pods/Headers/Public/React_NativeModulesApple/React-NativeModulesApple.modulemap -Xcc -fmodule-map-file\=/Users/apple/Plnmo/app/ios/Pods/Headers/Public/React_RCTAppDelegate/React-RCTAppDelegate.modulemap -Xcc -fmodule-map-file\=/Users/apple/Plnmo/app/ios/Pods/Headers/Public/folly/RCT-Folly.modulemap -Xcc -fmodule-map-file\=/Users/apple/Plnmo/app/ios/Pods/Headers/Public/glog/glog.modulemap -Xcc -fmodule-map-file\=/Users/apple/Plnmo/app/ios/Pods/Headers/Public/jsi/React-jsi.modulemap -Xcc -fmodule-map-file\=/Users/apple/Plnmo/app/ios/Pods/Headers/Public/jsinspector_modern/React-jsinspector.modulemap -Xcc -fmodule-map-file\=/Users/apple/Plnmo/app/ios/Pods/Headers/Public/jsinspector_modern_tracing/React-jsinspectortracing.modulemap -Xcc -fmodule-map-file\=/Users/apple/Plnmo/app/ios/Pods/Headers/Public/react_debug/React-debug.modulemap -Xcc -fmodule-map-file\=/Users/apple/Plnmo/app/ios/Pods/Headers/Public/react_featureflags/React-featureflags.modulemap -Xcc -fmodule-map-file\=/Users/apple/Plnmo/app/ios/Pods/Headers/Public/react_nativemodule_defaults/React-defaultsnativemodule.modulemap -Xcc -fmodule-map-file\=/Users/apple/Plnmo/app/ios/Pods/Headers/Public/react_nativemodule_dom/React-domnativemodule.modulemap -Xcc -fmodule-map-file\=/Users/apple/Plnmo/app/ios/Pods/Headers/Public/react_nativemodule_featureflags/React-featureflagsnativemodule.modulemap -Xcc -fmodule-map-file\=/Users/apple/Plnmo/app/ios/Pods/Headers/Public/react_nativemodule_idlecallbacks/React-idlecallbacksnativemodule.modulemap -Xcc -fmodule-map-file\=/Users/apple/Plnmo/app/ios/Pods/Headers/Public/react_nativemodule_microtasks/React-microtasksnativemodule.modulemap -Xcc -fmodule-map-file\=/Users/apple/Plnmo/app/ios/Pods/Headers/Public/react_renderer_css/React-renderercss.modulemap -Xcc -fmodule-map-file\=/Users/apple/Plnmo/app/ios/Pods/Headers/Public/react_renderer_debug/React-rendererdebug.modulemap -Xcc -fmodule-map-file\=/Users/apple/Plnmo/app/ios/Pods/Headers/Public/react_renderer_graphics/React-graphics.modulemap -Xcc -fmodule-map-file\=/Users/apple/Plnmo/app/ios/Pods/Headers/Public/react_renderer_imagemanager/React-ImageManager.modulemap -Xcc -fmodule-map-file\=/Users/apple/Plnmo/app/ios/Pods/Headers/Public/react_runtime/React-jsitooling.modulemap -Xcc -fmodule-map-file\=/Users/apple/Plnmo/app/ios/Pods/Headers/Public/react_utils/React-utils.modulemap -Xcc -fmodule-map-file\=/Users/apple/Plnmo/app/ios/Pods/Headers/Public/reacthermes/React-hermes.modulemap -Xcc -fmodule-map-file\=/Users/apple/Plnmo/app/ios/Pods/Headers/Public/yoga/Yoga.modulemap -import-underlying-module -Xcc -fmodule-map-file\=/Users/apple/Plnmo/app/ios/Pods/Headers/Public/ExpoModulesCore/ExpoModulesCore.modulemap -DRCT_NEW_ARCH_ENABLED -sdk /Applications/Xcode.app/Contents/Developer/Platforms/iPhoneSimulator.platform/Developer/SDKs/iPhoneSimulator17.5.sdk -target arm64-apple-ios15.1-simulator -enable-bare-slash-regex -g -module-cache-path /Users/apple/Library/Developer/Xcode/DerivedData/ModuleCache.noindex -Xfrontend -serialize-debugging-options -enable-testing -index-store-path /Users/apple/Library/Developer/Xcode/DerivedData/Planmoni-fdypulhkiungwycuxcfoxcpgffow/Index.noindex/DataStore -swift-version 5 -I /Users/apple/Library/Developer/Xcode/DerivedData/Planmoni-fdypulhkiungwycuxcfoxcpgffow/Build/Products/Debug-iphonesimulator/ExpoModulesCore -F /Users/apple/Library/Developer/Xcode/DerivedData/Planmoni-fdypulhkiungwycuxcfoxcpgffow/Build/Products/Debug-iphonesimulator/ExpoModulesCore -F /Users/apple/Plnmo/app/ios/Pods/hermes-engine/destroot/Library/Frameworks/universal -F /Users/apple/Library/Developer/Xcode/DerivedData/Planmoni-fdypulhkiungwycuxcfoxcpgffow/Build/Products/Debug-iphonesimulator/XCFrameworkIntermediates/hermes-engine/Pre-built -c -num-threads 8 -Xcc -ivfsstatcache -Xcc /Users/apple/Library/Developer/Xcode/DerivedData/SDKStatCaches.noindex/iphonesimulator17.5-21F77-c098706a9f71eba4e76ae92ab367209a.sdkstatcache -output-file-map /Users/apple/Library/Developer/Xcode/DerivedData/Planmoni-fdypulhkiungwycuxcfoxcpgffow/Build/Intermediates.noindex/Pods.build/Debug-iphonesimulator/ExpoModulesCore.build/Objects-normal/arm64/ExpoModulesCore-OutputFileMap.json -use-frontend-parseable-output -save-temps -no-color-diagnostics -serialize-diagnostics -emit-dependencies -emit-module -emit-module-path /Users/apple/Library/Developer/Xcode/DerivedData/Planmoni-fdypulhkiungwycuxcfoxcpgffow/Build/Intermediates.noindex/Pods.build/Debug-iphonesimulator/ExpoModulesCore.build/Objects-normal/arm64/ExpoModulesCore.swiftmodule -validate-clang-modules-once -clang-build-session-file /Users/apple/Library/Developer/Xcode/DerivedData/ModuleCache.noindex/Session.modulevalidation -Xcc -I/Users/apple/Library/Developer/Xcode/DerivedData/Planmoni-fdypulhkiungwycuxcfoxcpgffow/Build/Intermediates.noindex/Pods.build/Debug-iphonesimulator/ExpoModulesCore.build/swift-overrides.hmap -emit-const-values -Xfrontend -const-gather-protocols-file -Xfrontend /Users/apple/Library/Developer/Xcode/DerivedData/Planmoni-fdypulhkiungwycuxcfoxcpgffow/Build/Intermediates.noindex/Pods.build/Debug-iphonesimulator/ExpoModulesCore.build/Objects-normal/arm64/ExpoModulesCore_const_extract_protocols.json -Xcc -iquote -Xcc /Users/apple/Library/Developer/Xcode/DerivedData/Planmoni-fdypulhkiungwycuxcfoxcpgffow/Build/Intermediates.noindex/Pods.build/Debug-iphonesimulator/ExpoModulesCore.build/ExpoModulesCore-generated-files.hmap -Xcc -I/Users/apple/Library/Developer/Xcode/DerivedData/Planmoni-fdypulhkiungwycuxcfoxcpgffow/Build/Intermediates.noindex/Pods.build/Debug-iphonesimulator/ExpoModulesCore.build/ExpoModulesCore-own-target-headers.hmap -Xcc -I/Users/apple/Library/Developer/Xcode/DerivedData/Planmoni-fdypulhkiungwycuxcfoxcpgffow/Build/Intermediates.noindex/Pods.build/Debug-iphonesimulator/ExpoModulesCore.build/ExpoModulesCore-all-non-framework-target-headers.hmap -Xcc -ivfsoverlay -Xcc /Users/apple/Library/Developer/Xcode/DerivedData/Planmoni-fdypulhkiungwycuxcfoxcpgffow/Build/Intermediates.noindex/Pods.build/Debug-iphonesimulator/ExpoModulesCore.build/all-product-headers.yaml -Xcc -iquote -Xcc /Users/apple/Library/Developer/Xcode/DerivedData/Planmoni-fdypulhkiungwycuxcfoxcpgffow/Build/Intermediates.noindex/Pods.build/Debug-iphonesimulator/ExpoModulesCore.build/ExpoModulesCore-project-headers.hmap -Xcc -I/Users/apple/Library/Developer/Xcode/DerivedData/Planmoni-fdypulhkiungwycuxcfoxcpgffow/Build/Products/Debug-iphonesimulator/ExpoModulesCore/include -Xcc -I/Users/apple/Plnmo/app/ios/Pods/Headers/Private -Xcc -I/Users/apple/Plnmo/app/ios/Pods/Headers/Private/ExpoModulesCore -Xcc -I/Users/apple/Plnmo/app/ios/Pods/Headers/Public -Xcc -I/Users/apple/Plnmo/app/ios/Pods/Headers/Public/DoubleConversion -Xcc -I/Users/apple/Plnmo/app/ios/Pods/Headers/Public/ExpoModulesCore -Xcc -I/Users/apple/Plnmo/app/ios/Pods/Headers/Public/FBLazyVector -Xcc -I/Users/apple/Plnmo/app/ios/Pods/Headers/Public/RCT-Folly -Xcc -I/Users/apple/Plnmo/app/ios/Pods/Headers/Public/RCTRequired -Xcc -I/Users/apple/Plnmo/app/ios/Pods/Headers/Public/RCTTypeSafety -Xcc -I/Users/apple/Plnmo/app/ios/Pods/Headers/Public/React-Core -Xcc -I/Users/apple/Plnmo/app/ios/Pods/Headers/Public/React-Fabric -Xcc -I/Users/apple/Plnmo/app/ios/Pods/Headers/Public/React-FabricComponents -Xcc -I/Users/apple/Plnmo/app/ios/Pods/Headers/Public/React-FabricImage -Xcc -I/Users/apple/Plnmo/app/ios/Pods/Headers/Public/React-ImageManager -Xcc -I/Users/apple/Plnmo/app/ios/Pods/Headers/Public/React-Mapbuffer -Xcc -I/Users/apple/Plnmo/app/ios/Pods/Headers/Public/React-NativeModulesApple -Xcc -I/Users/apple/Plnmo/app/ios/Pods/Headers/Public/React-RCTAnimation -Xcc -I/Users/apple/Plnmo/app/ios/Pods/Headers/Public/React-RCTBlob -Xcc -I/Users/apple/Plnmo/app/ios/Pods/Headers/Public/React-RCTFBReactNativeSpec -Xcc -I/Users/apple/Plnmo/app/ios/Pods/Headers/Public/React-RCTFabric -Xcc -I/Users/apple/Plnmo/app/ios/Pods/Headers/Public/React-RCTRuntime -Xcc -I/Users/apple/Plnmo/app/ios/Pods/Headers/Public/React-RCTText -Xcc -I/Users/apple/Plnmo/app/ios/Pods/Headers/Public/React-RuntimeApple -Xcc -I/Users/apple/Plnmo/app/ios/Pods/Headers/Public/React-RuntimeCore -Xcc -I/Users/apple/Plnmo/app/ios/Pods/Headers/Public/React-RuntimeHermes -Xcc -I/Users/apple/Plnmo/app/ios/Pods/Headers/Public/React-callinvoker -Xcc -I/Users/apple/Plnmo/app/ios/Pods/Headers/Public/React-cxxreact -Xcc -I/Users/apple/Plnmo/app/ios/Pods/Headers/Public/React-debug -Xcc -I/Users/apple/Plnmo/app/ios/Pods/Headers/Public/React-defaultsnativemodule -Xcc -I/Users/apple/Plnmo/app/ios/Pods/Headers/Public/React-domnativemodule -Xcc -I/Users/apple/Plnmo/app/ios/Pods/Headers/Public/React-featureflags -Xcc -I/Users/apple/Plnmo/app/ios/Pods/Headers/Public/React-featureflagsnativemodule -Xcc -I/Users/apple/Plnmo/app/ios/Pods/Headers/Public/React-graphics -Xcc -I/Users/apple/Plnmo/app/ios/Pods/Headers/Public/React-hermes -Xcc -I/Users/apple/Plnmo/app/ios/Pods/Headers/Public/React-idlecallbacksnativemodule -Xcc -I/Users/apple/Plnmo/app/ios/Pods/Headers/Public/React-jserrorhandler -Xcc -I/Users/apple/Plnmo/app/ios/Pods/Headers/Public/React-jsi -Xcc -I/Users/apple/Plnmo/app/ios/Pods/Headers/Public/React-jsiexecutor -Xcc -I/Users/apple/Plnmo/app/ios/Pods/Headers/Public/React-jsinspector -Xcc -I/Users/apple/Plnmo/app/ios/Pods/Headers/Public/React-jsinspectortracing -Xcc -I/Users/apple/Plnmo/app/ios/Pods/Headers/Public/React-jsitooling -Xcc -I/Users/apple/Plnmo/app/ios/Pods/Headers/Public/React-logger -Xcc -I/Users/apple/Plnmo/app/ios/Pods/Headers/Public/React-microtasksnativemodule -Xcc -I/Users/apple/Plnmo/app/ios/Pods/Headers/Public/React-oscompat -Xcc -I/Users/apple/Plnmo/app/ios/Pods/Headers/Public/React-perflogger -Xcc -I/Users/apple/Plnmo/app/ios/Pods/Headers/Public/React-performancetimeline -Xcc -I/Users/apple/Plnmo/app/ios/Pods/Headers/Public/React-rendererconsistency -Xcc -I/Users/apple/Plnmo/app/ios/Pods/Headers/Public/React-renderercss -Xcc -I/Users/apple/Plnmo/app/ios/Pods/Headers/Public/React-rendererdebug -Xcc -I/Users/apple/Plnmo/app/ios/Pods/Headers/Public/React-runtimeexecutor -Xcc -I/Users/apple/Plnmo/app/ios/Pods/Headers/Public/React-runtimescheduler -Xcc -I/Users/apple/Plnmo/app/ios/Pods/Headers/Public/React-timing -Xcc -I/Users/apple/Plnmo/app/ios/Pods/Headers/Public/React-utils -Xcc -I/Users/apple/Plnmo/app/ios/Pods/Headers/Public/ReactCodegen -Xcc -I/Users/apple/Plnmo/app/ios/Pods/Headers/Public/ReactCommon -Xcc -I/Users/apple/Plnmo/app/ios/Pods/Headers/Public/Yoga -Xcc -I/Users/apple/Plnmo/app/ios/Pods/Headers/Public/boost -Xcc -I/Users/apple/Plnmo/app/ios/Pods/Headers/Public/fast_float -Xcc -I/Users/apple/Plnmo/app/ios/Pods/Headers/Public/fmt -Xcc -I/Users/apple/Plnmo/app/ios/Pods/Headers/Public/glog -Xcc -I/Users/apple/Plnmo/app/ios/Pods/Headers/Public/hermes-engine -Xcc -I/Users/apple/Library/Developer/Xcode/DerivedData/Planmoni-fdypulhkiungwycuxcfoxcpgffow/Build/Products/Debug-iphonesimulator/React-jsinspector/jsinspector_modern.framework/Headers -Xcc -I/Users/apple/Plnmo/app/ios/Pods/boost -Xcc -I/Users/apple/Plnmo/app/ios/Pods/Headers/Private/Yoga -Xcc -I/Users/apple/Library/Developer/Xcode/DerivedData/Planmoni-fdypulhkiungwycuxcfoxcpgffow/Build/Intermediates.noindex/Pods.build/Debug-iphonesimulator/ExpoModulesCore.build/DerivedSources-normal/arm64 -Xcc -I/Users/apple/Library/Developer/Xcode/DerivedData/Planmoni-fdypulhkiungwycuxcfoxcpgffow/Build/Intermediates.noindex/Pods.build/Debug-iphonesimulator/ExpoModulesCore.build/DerivedSources/arm64 -Xcc -I/Users/apple/Library/Developer/Xcode/DerivedData/Planmoni-fdypulhkiungwycuxcfoxcpgffow/Build/Intermediates.noindex/Pods.build/Debug-iphonesimulator/ExpoModulesCore.build/DerivedSources -Xcc -DPOD_CONFIGURATION_DEBUG\=1 -Xcc -DDEBUG\=1 -Xcc -DCOCOAPODS\=1 -Xcc -DPOD_CONFIGURATION_DEBUG\=1 -Xcc -DDEBUG\=1 -Xcc -DEXPO_MODULES_CORE_VERSION\=2.5.0 -emit-objc-header -emit-objc-header-path /Users/apple/Library/Developer/Xcode/DerivedData/Planmoni-fdypulhkiungwycuxcfoxcpgffow/Build/Intermediates.noindex/Pods.build/Debug-iphonesimulator/ExpoModulesCore.build/Objects-normal/arm64/ExpoModulesCore-Swift.h -working-directory /Users/apple/Plnmo/app/ios/Pods -no-emit-module-separately-wmo

CompileC /Users/apple/Library/Developer/Xcode/DerivedData/Planmoni-fdypulhkiungwycuxcfoxcpgffow/Build/Intermediates.noindex/Pods.build/Debug-iphonesimulator/RNScreens.build/Objects-normal/arm64/RCTTouchHandler+RNSUtility.o /Users/apple/Plnmo/app/node_modules/react-native-screens/ios/utils/RCTTouchHandler+RNSUtility.mm normal arm64 objective-c++ com.apple.compilers.llvm.clang.1_0.compiler (in target 'RNScreens' from project 'Pods')
    cd /Users/apple/Plnmo/app/ios/Pods
    /Applications/Xcode.app/Contents/Developer/Toolchains/XcodeDefault.xctoolchain/usr/bin/clang -x objective-c++ -ivfsstatcache /Users/apple/Library/Developer/Xcode/DerivedData/SDKStatCaches.noindex/iphonesimulator17.5-21F77-c098706a9f71eba4e76ae92ab367209a.sdkstatcache -fmessage-length\=0 -fdiagnostics-show-note-include-stack -fmacro-backtrace-limit\=0 -fno-color-diagnostics -fmodules-prune-interval\=86400 -fmodules-prune-after\=345600 -fbuild-session-file\=/Users/apple/Library/Developer/Xcode/DerivedData/ModuleCache.noindex/Session.modulevalidation -fmodules-validate-once-per-build-session -Wnon-modular-include-in-framework-module -Werror\=non-modular-include-in-framework-module -Wno-trigraphs -Wno-missing-field-initializers -Wno-missing-prototypes -Werror\=return-type -Wdocumentation -Wunreachable-code -Wno-implicit-atomic-properties -Werror\=deprecated-objc-isa-usage -Wno-objc-interface-ivars -Werror\=objc-root-class -Wno-arc-repeated-use-of-weak -Wimplicit-retain-self -Wno-non-virtual-dtor -Wno-overloaded-virtual -Wno-exit-time-destructors -Wduplicate-method-match -Wno-missing-braces -Wparentheses -Wswitch -Wunused-function -Wno-unused-label -Wno-unused-parameter -Wunused-variable -Wunused-value -Wempty-body -Wuninitialized -Wconditional-uninitialized -Wno-unknown-pragmas -Wno-shadow -Wno-four-char-constants -Wno-conversion -Wconstant-conversion -Wint-conversion -Wbool-conversion -Wenum-conversion -Wno-float-conversion -Wnon-literal-null-conversion -Wobjc-literal-conversion -Wshorten-64-to-32 -Wno-newline-eof -Wno-selector -Wno-strict-selector-match -Wundeclared-selector -Wdeprecated-implementations -Wno-c++11-extensions -Wno-implicit-fallthrough -fstrict-aliasing -Wprotocol -Wdeprecated-declarations -Winvalid-offsetof -Wno-sign-conversion -Winfinite-recursion -Wmove -Wcomma -Wblock-capture-autoreleasing -Wstrict-prototypes -Wrange-loop-analysis -Wno-semicolon-before-method-body -Wunguarded-availability -index-store-path /Users/apple/Library/Developer/Xcode/DerivedData/Planmoni-fdypulhkiungwycuxcfoxcpgffow/Index.noindex/DataStore -Wno-comma -Wno-shorten-64-to-32 @/Users/apple/Library/Developer/Xcode/DerivedData/Planmoni-fdypulhkiungwycuxcfoxcpgffow/Build/Intermediates.noindex/Pods.build/Debug-iphonesimulator/RNScreens.build/Objects-normal/arm64/af3fcb34312c57c0f52879cdce924b91-common-args.resp -DRCT_NEW_ARCH_ENABLED\=1 -DFOLLY_NO_CONFIG -DFOLLY_MOBILE\=1 -DFOLLY_USE_LIBCPP\=1 -DFOLLY_CFG_NO_COROUTINES\=1 -DFOLLY_HAVE_CLOCK_GETTIME\=1 -Wno-comma -Wno-shorten-64-to-32 -include /Users/apple/Plnmo/app/ios/Pods/Target\ Support\ Files/RNScreens/RNScreens-prefix.pch -MMD -MT dependencies -MF /Users/apple/Library/Developer/Xcode/DerivedData/Planmoni-fdypulhkiungwycuxcfoxcpgffow/Build/Intermediates.noindex/Pods.build/Debug-iphonesimulator/RNScreens.build/Objects-normal/arm64/RCTTouchHandler+RNSUtility.d --serialize-diagnostics /Users/apple/Library/Developer/Xcode/DerivedData/Planmoni-fdypulhkiungwycuxcfoxcpgffow/Build/Intermediates.noindex/Pods.build/Debug-iphonesimulator/RNScreens.build/Objects-normal/arm64/RCTTouchHandler+RNSUtility.dia -c /Users/apple/Plnmo/app/node_modules/react-native-screens/ios/utils/RCTTouchHandler+RNSUtility.mm -o /Users/apple/Library/Developer/Xcode/DerivedData/Planmoni-fdypulhkiungwycuxcfoxcpgffow/Build/Intermediates.noindex/Pods.build/Debug-iphonesimulator/RNScreens.build/Objects-normal/arm64/RCTTouchHandler+RNSUtility.o -index-unit-output-path /Pods.build/Debug-iphonesimulator/RNScreens.build/Objects-normal/arm64/RCTTouchHandler+RNSUtility.o

CompileC /Users/apple/Library/Developer/Xcode/DerivedData/Planmoni-fdypulhkiungwycuxcfoxcpgffow/Build/Intermediates.noindex/Pods.build/Debug-iphonesimulator/RNScreens.build/Objects-normal/arm64/RCTSurfaceTouchHandler+RNSUtility.o /Users/apple/Plnmo/app/node_modules/react-native-screens/ios/utils/RCTSurfaceTouchHandler+RNSUtility.mm normal arm64 objective-c++ com.apple.compilers.llvm.clang.1_0.compiler (in target 'RNScreens' from project 'Pods')
    cd /Users/apple/Plnmo/app/ios/Pods
    /Applications/Xcode.app/Contents/Developer/Toolchains/XcodeDefault.xctoolchain/usr/bin/clang -x objective-c++ -ivfsstatcache /Users/apple/Library/Developer/Xcode/DerivedData/SDKStatCaches.noindex/iphonesimulator17.5-21F77-c098706a9f71eba4e76ae92ab367209a.sdkstatcache -fmessage-length\=0 -fdiagnostics-show-note-include-stack -fmacro-backtrace-limit\=0 -fno-color-diagnostics -fmodules-prune-interval\=86400 -fmodules-prune-after\=345600 -fbuild-session-file\=/Users/apple/Library/Developer/Xcode/DerivedData/ModuleCache.noindex/Session.modulevalidation -fmodules-validate-once-per-build-session -Wnon-modular-include-in-framework-module -Werror\=non-modular-include-in-framework-module -Wno-trigraphs -Wno-missing-field-initializers -Wno-missing-prototypes -Werror\=return-type -Wdocumentation -Wunreachable-code -Wno-implicit-atomic-properties -Werror\=deprecated-objc-isa-usage -Wno-objc-interface-ivars -Werror\=objc-root-class -Wno-arc-repeated-use-of-weak -Wimplicit-retain-self -Wno-non-virtual-dtor -Wno-overloaded-virtual -Wno-exit-time-destructors -Wduplicate-method-match -Wno-missing-braces -Wparentheses -Wswitch -Wunused-function -Wno-unused-label -Wno-unused-parameter -Wunused-variable -Wunused-value -Wempty-body -Wuninitialized -Wconditional-uninitialized -Wno-unknown-pragmas -Wno-shadow -Wno-four-char-constants -Wno-conversion -Wconstant-conversion -Wint-conversion -Wbool-conversion -Wenum-conversion -Wno-float-conversion -Wnon-literal-null-conversion -Wobjc-literal-conversion -Wshorten-64-to-32 -Wno-newline-eof -Wno-selector -Wno-strict-selector-match -Wundeclared-selector -Wdeprecated-implementations -Wno-c++11-extensions -Wno-implicit-fallthrough -fstrict-aliasing -Wprotocol -Wdeprecated-declarations -Winvalid-offsetof -Wno-sign-conversion -Winfinite-recursion -Wmove -Wcomma -Wblock-capture-autoreleasing -Wstrict-prototypes -Wrange-loop-analysis -Wno-semicolon-before-method-body -Wunguarded-availability -index-store-path /Users/apple/Library/Developer/Xcode/DerivedData/Planmoni-fdypulhkiungwycuxcfoxcpgffow/Index.noindex/DataStore -Wno-comma -Wno-shorten-64-to-32 @/Users/apple/Library/Developer/Xcode/DerivedData/Planmoni-fdypulhkiungwycuxcfoxcpgffow/Build/Intermediates.noindex/Pods.build/Debug-iphonesimulator/RNScreens.build/Objects-normal/arm64/af3fcb34312c57c0f52879cdce924b91-common-args.resp -DRCT_NEW_ARCH_ENABLED\=1 -DFOLLY_NO_CONFIG -DFOLLY_MOBILE\=1 -DFOLLY_USE_LIBCPP\=1 -DFOLLY_CFG_NO_COROUTINES\=1 -DFOLLY_HAVE_CLOCK_GETTIME\=1 -Wno-comma -Wno-shorten-64-to-32 -include /Users/apple/Plnmo/app/ios/Pods/Target\ Support\ Files/RNScreens/RNScreens-prefix.pch -MMD -MT dependencies -MF /Users/apple/Library/Developer/Xcode/DerivedData/Planmoni-fdypulhkiungwycuxcfoxcpgffow/Build/Intermediates.noindex/Pods.build/Debug-iphonesimulator/RNScreens.build/Objects-normal/arm64/RCTSurfaceTouchHandler+RNSUtility.d --serialize-diagnostics /Users/apple/Library/Developer/Xcode/DerivedData/Planmoni-fdypulhkiungwycuxcfoxcpgffow/Build/Intermediates.noindex/Pods.build/Debug-iphonesimulator/RNScreens.build/Objects-normal/arm64/RCTSurfaceTouchHandler+RNSUtility.dia -c /Users/apple/Plnmo/app/node_modules/react-native-screens/ios/utils/RCTSurfaceTouchHandler+RNSUtility.mm -o /Users/apple/Library/Developer/Xcode/DerivedData/Planmoni-fdypulhkiungwycuxcfoxcpgffow/Build/Intermediates.noindex/Pods.build/Debug-iphonesimulator/RNScreens.build/Objects-normal/arm64/RCTSurfaceTouchHandler+RNSUtility.o -index-unit-output-path /Pods.build/Debug-iphonesimulator/RNScreens.build/Objects-normal/arm64/RCTSurfaceTouchHandler+RNSUtility.o

CompileC /Users/apple/Library/Developer/Xcode/DerivedData/Planmoni-fdypulhkiungwycuxcfoxcpgffow/Build/Intermediates.noindex/Pods.build/Debug-iphonesimulator/RNScreens.build/Objects-normal/arm64/RNScreensTurboModule.o /Users/apple/Plnmo/app/node_modules/react-native-screens/cpp/RNScreensTurboModule.cpp normal arm64 c++ com.apple.compilers.llvm.clang.1_0.compiler (in target 'RNScreens' from project 'Pods')
    cd /Users/apple/Plnmo/app/ios/Pods
    /Applications/Xcode.app/Contents/Developer/Toolchains/XcodeDefault.xctoolchain/usr/bin/clang -x c++ -ivfsstatcache /Users/apple/Library/Developer/Xcode/DerivedData/SDKStatCaches.noindex/iphonesimulator17.5-21F77-c098706a9f71eba4e76ae92ab367209a.sdkstatcache -fmessage-length\=0 -fdiagnostics-show-note-include-stack -fmacro-backtrace-limit\=0 -fno-color-diagnostics -fmodules-prune-interval\=86400 -fmodules-prune-after\=345600 -fbuild-session-file\=/Users/apple/Library/Developer/Xcode/DerivedData/ModuleCache.noindex/Session.modulevalidation -fmodules-validate-once-per-build-session -Wnon-modular-include-in-framework-module -Werror\=non-modular-include-in-framework-module -Wno-trigraphs -Wno-missing-field-initializers -Wno-missing-prototypes -Werror\=return-type -Wdocumentation -Wunreachable-code -Werror\=deprecated-objc-isa-usage -Werror\=objc-root-class -Wno-non-virtual-dtor -Wno-overloaded-virtual -Wno-exit-time-destructors -Wno-missing-braces -Wparentheses -Wswitch -Wunused-function -Wno-unused-label -Wno-unused-parameter -Wunused-variable -Wunused-value -Wempty-body -Wuninitialized -Wconditional-uninitialized -Wno-unknown-pragmas -Wno-shadow -Wno-four-char-constants -Wno-conversion -Wconstant-conversion -Wint-conversion -Wbool-conversion -Wenum-conversion -Wno-float-conversion -Wnon-literal-null-conversion -Wobjc-literal-conversion -Wshorten-64-to-32 -Wno-newline-eof -Wno-c++11-extensions -Wno-implicit-fallthrough -fstrict-aliasing -Wdeprecated-declarations -Winvalid-offsetof -Wno-sign-conversion -Winfinite-recursion -Wmove -Wcomma -Wblock-capture-autoreleasing -Wstrict-prototypes -Wrange-loop-analysis -Wno-semicolon-before-method-body -Wunguarded-availability -index-store-path /Users/apple/Library/Developer/Xcode/DerivedData/Planmoni-fdypulhkiungwycuxcfoxcpgffow/Index.noindex/DataStore -Wno-comma -Wno-shorten-64-to-32 @/Users/apple/Library/Developer/Xcode/DerivedData/Planmoni-fdypulhkiungwycuxcfoxcpgffow/Build/Intermediates.noindex/Pods.build/Debug-iphonesimulator/RNScreens.build/Objects-normal/arm64/82b82416624d2658e5098eb0a28c15c5-common-args.resp -DRCT_NEW_ARCH_ENABLED\=1 -DFOLLY_NO_CONFIG -DFOLLY_MOBILE\=1 -DFOLLY_USE_LIBCPP\=1 -DFOLLY_CFG_NO_COROUTINES\=1 -DFOLLY_HAVE_CLOCK_GETTIME\=1 -Wno-comma -Wno-shorten-64-to-32 -include /Users/apple/Plnmo/app/ios/Pods/Target\ Support\ Files/RNScreens/RNScreens-prefix.pch -MMD -MT dependencies -MF /Users/apple/Library/Developer/Xcode/DerivedData/Planmoni-fdypulhkiungwycuxcfoxcpgffow/Build/Intermediates.noindex/Pods.build/Debug-iphonesimulator/RNScreens.build/Objects-normal/arm64/RNScreensTurboModule.d --serialize-diagnostics /Users/apple/Library/Developer/Xcode/DerivedData/Planmoni-fdypulhkiungwycuxcfoxcpgffow/Build/Intermediates.noindex/Pods.build/Debug-iphonesimulator/RNScreens.build/Objects-normal/arm64/RNScreensTurboModule.dia -c /Users/apple/Plnmo/app/node_modules/react-native-screens/cpp/RNScreensTurboModule.cpp -o /Users/apple/Library/Developer/Xcode/DerivedData/Planmoni-fdypulhkiungwycuxcfoxcpgffow/Build/Intermediates.noindex/Pods.build/Debug-iphonesimulator/RNScreens.build/Objects-normal/arm64/RNScreensTurboModule.o -index-unit-output-path /Pods.build/Debug-iphonesimulator/RNScreens.build/Objects-normal/arm64/RNScreensTurboModule.o

CompileC /Users/apple/Library/Developer/Xcode/DerivedData/Planmoni-fdypulhkiungwycuxcfoxcpgffow/Build/Intermediates.noindex/Pods.build/Debug-iphonesimulator/RNScreens.build/Objects-normal/arm64/RNScreens-dummy.o /Users/apple/Plnmo/app/ios/Pods/Target\ Support\ Files/RNScreens/RNScreens-dummy.m normal arm64 objective-c com.apple.compilers.llvm.clang.1_0.compiler (in target 'RNScreens' from project 'Pods')
    cd /Users/apple/Plnmo/app/ios/Pods
    /Applications/Xcode.app/Contents/Developer/Toolchains/XcodeDefault.xctoolchain/usr/bin/clang -x objective-c -ivfsstatcache /Users/apple/Library/Developer/Xcode/DerivedData/SDKStatCaches.noindex/iphonesimulator17.5-21F77-c098706a9f71eba4e76ae92ab367209a.sdkstatcache -fmessage-length\=0 -fdiagnostics-show-note-include-stack -fmacro-backtrace-limit\=0 -fno-color-diagnostics -fmodules-prune-interval\=86400 -fmodules-prune-after\=345600 -fbuild-session-file\=/Users/apple/Library/Developer/Xcode/DerivedData/ModuleCache.noindex/Session.modulevalidation -fmodules-validate-once-per-build-session -Wnon-modular-include-in-framework-module -Werror\=non-modular-include-in-framework-module -Wno-trigraphs -Wno-missing-field-initializers -Wno-missing-prototypes -Werror\=return-type -Wdocumentation -Wunreachable-code -Wno-implicit-atomic-properties -Werror\=deprecated-objc-isa-usage -Wno-objc-interface-ivars -Werror\=objc-root-class -Wno-arc-repeated-use-of-weak -Wimplicit-retain-self -Wduplicate-method-match -Wno-missing-braces -Wparentheses -Wswitch -Wunused-function -Wno-unused-label -Wno-unused-parameter -Wunused-variable -Wunused-value -Wempty-body -Wuninitialized -Wconditional-uninitialized -Wno-unknown-pragmas -Wno-shadow -Wno-four-char-constants -Wno-conversion -Wconstant-conversion -Wint-conversion -Wbool-conversion -Wenum-conversion -Wno-float-conversion -Wnon-literal-null-conversion -Wobjc-literal-conversion -Wshorten-64-to-32 -Wpointer-sign -Wno-newline-eof -Wno-selector -Wno-strict-selector-match -Wundeclared-selector -Wdeprecated-implementations -Wno-implicit-fallthrough -fstrict-aliasing -Wprotocol -Wdeprecated-declarations -Wno-sign-conversion -Winfinite-recursion -Wcomma -Wblock-capture-autoreleasing -Wstrict-prototypes -Wno-semicolon-before-method-body -Wunguarded-availability -index-store-path /Users/apple/Library/Developer/Xcode/DerivedData/Planmoni-fdypulhkiungwycuxcfoxcpgffow/Index.noindex/DataStore @/Users/apple/Library/Developer/Xcode/DerivedData/Planmoni-fdypulhkiungwycuxcfoxcpgffow/Build/Intermediates.noindex/Pods.build/Debug-iphonesimulator/RNScreens.build/Objects-normal/arm64/e6072d4f65d7061329687fe24e3d63a7-common-args.resp -include /Users/apple/Plnmo/app/ios/Pods/Target\ Support\ Files/RNScreens/RNScreens-prefix.pch -MMD -MT dependencies -MF /Users/apple/Library/Developer/Xcode/DerivedData/Planmoni-fdypulhkiungwycuxcfoxcpgffow/Build/Intermediates.noindex/Pods.build/Debug-iphonesimulator/RNScreens.build/Objects-normal/arm64/RNScreens-dummy.d --serialize-diagnostics /Users/apple/Library/Developer/Xcode/DerivedData/Planmoni-fdypulhkiungwycuxcfoxcpgffow/Build/Intermediates.noindex/Pods.build/Debug-iphonesimulator/RNScreens.build/Objects-normal/arm64/RNScreens-dummy.dia -c /Users/apple/Plnmo/app/ios/Pods/Target\ Support\ Files/RNScreens/RNScreens-dummy.m -o /Users/apple/Library/Developer/Xcode/DerivedData/Planmoni-fdypulhkiungwycuxcfoxcpgffow/Build/Intermediates.noindex/Pods.build/Debug-iphonesimulator/RNScreens.build/Objects-normal/arm64/RNScreens-dummy.o -index-unit-output-path /Pods.build/Debug-iphonesimulator/RNScreens.build/Objects-normal/arm64/RNScreens-dummy.o

CompileC /Users/apple/Library/Developer/Xcode/DerivedData/Planmoni-fdypulhkiungwycuxcfoxcpgffow/Build/Intermediates.noindex/Pods.build/Debug-iphonesimulator/RNScreens.build/Objects-normal/arm64/RNSScreen.o /Users/apple/Plnmo/app/node_modules/react-native-screens/ios/RNSScreen.mm normal arm64 objective-c++ com.apple.compilers.llvm.clang.1_0.compiler (in target 'RNScreens' from project 'Pods')
    cd /Users/apple/Plnmo/app/ios/Pods
    /Applications/Xcode.app/Contents/Developer/Toolchains/XcodeDefault.xctoolchain/usr/bin/clang -x objective-c++ -ivfsstatcache /Users/apple/Library/Developer/Xcode/DerivedData/SDKStatCaches.noindex/iphonesimulator17.5-21F77-c098706a9f71eba4e76ae92ab367209a.sdkstatcache -fmessage-length\=0 -fdiagnostics-show-note-include-stack -fmacro-backtrace-limit\=0 -fno-color-diagnostics -fmodules-prune-interval\=86400 -fmodules-prune-after\=345600 -fbuild-session-file\=/Users/apple/Library/Developer/Xcode/DerivedData/ModuleCache.noindex/Session.modulevalidation -fmodules-validate-once-per-build-session -Wnon-modular-include-in-framework-module -Werror\=non-modular-include-in-framework-module -Wno-trigraphs -Wno-missing-field-initializers -Wno-missing-prototypes -Werror\=return-type -Wdocumentation -Wunreachable-code -Wno-implicit-atomic-properties -Werror\=deprecated-objc-isa-usage -Wno-objc-interface-ivars -Werror\=objc-root-class -Wno-arc-repeated-use-of-weak -Wimplicit-retain-self -Wno-non-virtual-dtor -Wno-overloaded-virtual -Wno-exit-time-destructors -Wduplicate-method-match -Wno-missing-braces -Wparentheses -Wswitch -Wunused-function -Wno-unused-label -Wno-unused-parameter -Wunused-variable -Wunused-value -Wempty-body -Wuninitialized -Wconditional-uninitialized -Wno-unknown-pragmas -Wno-shadow -Wno-four-char-constants -Wno-conversion -Wconstant-conversion -Wint-conversion -Wbool-conversion -Wenum-conversion -Wno-float-conversion -Wnon-literal-null-conversion -Wobjc-literal-conversion -Wshorten-64-to-32 -Wno-newline-eof -Wno-selector -Wno-strict-selector-match -Wundeclared-selector -Wdeprecated-implementations -Wno-c++11-extensions -Wno-implicit-fallthrough -fstrict-aliasing -Wprotocol -Wdeprecated-declarations -Winvalid-offsetof -Wno-sign-conversion -Winfinite-recursion -Wmove -Wcomma -Wblock-capture-autoreleasing -Wstrict-prototypes -Wrange-loop-analysis -Wno-semicolon-before-method-body -Wunguarded-availability -index-store-path /Users/apple/Library/Developer/Xcode/DerivedData/Planmoni-fdypulhkiungwycuxcfoxcpgffow/Index.noindex/DataStore -Wno-comma -Wno-shorten-64-to-32 @/Users/apple/Library/Developer/Xcode/DerivedData/Planmoni-fdypulhkiungwycuxcfoxcpgffow/Build/Intermediates.noindex/Pods.build/Debug-iphonesimulator/RNScreens.build/Objects-normal/arm64/af3fcb34312c57c0f52879cdce924b91-common-args.resp -DRCT_NEW_ARCH_ENABLED\=1 -DFOLLY_NO_CONFIG -DFOLLY_MOBILE\=1 -DFOLLY_USE_LIBCPP\=1 -DFOLLY_CFG_NO_COROUTINES\=1 -DFOLLY_HAVE_CLOCK_GETTIME\=1 -Wno-comma -Wno-shorten-64-to-32 -include /Users/apple/Plnmo/app/ios/Pods/Target\ Support\ Files/RNScreens/RNScreens-prefix.pch -MMD -MT dependencies -MF /Users/apple/Library/Developer/Xcode/DerivedData/Planmoni-fdypulhkiungwycuxcfoxcpgffow/Build/Intermediates.noindex/Pods.build/Debug-iphonesimulator/RNScreens.build/Objects-normal/arm64/RNSScreen.d --serialize-diagnostics /Users/apple/Library/Developer/Xcode/DerivedData/Planmoni-fdypulhkiungwycuxcfoxcpgffow/Build/Intermediates.noindex/Pods.build/Debug-iphonesimulator/RNScreens.build/Objects-normal/arm64/RNSScreen.dia -c /Users/apple/Plnmo/app/node_modules/react-native-screens/ios/RNSScreen.mm -o /Users/apple/Library/Developer/Xcode/DerivedData/Planmoni-fdypulhkiungwycuxcfoxcpgffow/Build/Intermediates.noindex/Pods.build/Debug-iphonesimulator/RNScreens.build/Objects-normal/arm64/RNSScreen.o -index-unit-output-path /Pods.build/Debug-iphonesimulator/RNScreens.build/Objects-normal/arm64/RNSScreen.o
In file included from /Users/apple/Plnmo/app/node_modules/react-native-screens/ios/RNSScreen.mm:13:
In file included from /Users/apple/Plnmo/app/ios/Pods/Headers/Public/React-RCTFabric/React/RCTScrollViewComponentView.h:12:
In file included from /Users/apple/Plnmo/app/ios/Pods/Headers/Public/React-RCTFabric/React/RCTMountingTransactionObserving.h:10:
In file included from /Users/apple/Plnmo/app/ios/Pods/Headers/Public/React-Fabric/react/renderer/mounting/MountingTransaction.h:10:
/Users/apple/Plnmo/app/ios/Pods/Headers/Public/React-Fabric/react/renderer/mounting/ShadowViewMutation.h:47:7: warning: declaration is marked with '@deprecated' command but does not have a deprecation attribute [-Wdocumentation-deprecated-sync]
   * @deprecated Pass parentTag instead of parentShadowView.
     ~^~~~~~~~~~~~~~~~~~~~~~~~~~~~~~~~~~~~~~~~~~~~~~~~~~~~~~
/Users/apple/Plnmo/app/ios/Pods/Headers/Public/React-Fabric/react/renderer/mounting/ShadowViewMutation.h:49:3: note: add a deprecation attribute to the declaration to silence this warning
  static ShadowViewMutation InsertMutation(
  ^
  FMT_DEPRECATED 
/Users/apple/Plnmo/app/ios/Pods/Headers/Public/React-Fabric/react/renderer/mounting/ShadowViewMutation.h:64:7: warning: declaration is marked with '@deprecated' command but does not have a deprecation attribute [-Wdocumentation-deprecated-sync]
   * @deprecated Pass parentTag instead of parentShadowView.
     ~^~~~~~~~~~~~~~~~~~~~~~~~~~~~~~~~~~~~~~~~~~~~~~~~~~~~~~
/Users/apple/Plnmo/app/ios/Pods/Headers/Public/React-Fabric/react/renderer/mounting/ShadowViewMutation.h:66:3: note: add a deprecation attribute to the declaration to silence this warning
  static ShadowViewMutation RemoveMutation(
  ^
  FMT_DEPRECATED 
/Users/apple/Plnmo/app/ios/Pods/Headers/Public/React-Fabric/react/renderer/mounting/ShadowViewMutation.h:83:7: warning: declaration is marked with '@deprecated' command but does not have a deprecation attribute [-Wdocumentation-deprecated-sync]
   * @deprecated Pass parentTag instead of parentShadowView.
     ~^~~~~~~~~~~~~~~~~~~~~~~~~~~~~~~~~~~~~~~~~~~~~~~~~~~~~~
/Users/apple/Plnmo/app/ios/Pods/Headers/Public/React-Fabric/react/renderer/mounting/ShadowViewMutation.h:85:3: note: add a deprecation attribute to the declaration to silence this warning
  static ShadowViewMutation UpdateMutation(
  ^
  FMT_DEPRECATED 
In file included from /Users/apple/Plnmo/app/node_modules/react-native-screens/ios/RNSScreen.mm:33:
/Users/apple/Plnmo/app/node_modules/react-native-screens/ios/RNSScreenStackHeaderConfig.h:26:43: warning: pointer is missing a nullability type specifier (_Nonnull, _Nullable, or _Null_unspecified) [-Wnullability-completeness]
@property (nonatomic, weak) RNSScreenView *screenView;
                                          ^
/Users/apple/Plnmo/app/node_modules/react-native-screens/ios/RNSScreenStackHeaderConfig.h:26:43: note: insert '_Nullable' if the pointer may be null
@property (nonatomic, weak) RNSScreenView *screenView;
                                          ^
                                            _Nullable 
/Users/apple/Plnmo/app/node_modules/react-native-screens/ios/RNSScreenStackHeaderConfig.h:26:43: note: insert '_Nonnull' if the pointer should never be null
@property (nonatomic, weak) RNSScreenView *screenView;
                                          ^
                                            _Nonnull 
/Users/apple/Plnmo/app/node_modules/react-native-screens/ios/RNSScreen.mm:1577:69: warning: 'statusBarFrame' is deprecated: first deprecated in iOS 13.0 - Use the statusBarManager property of the window scene instead. [-Wdeprecated-declarations]
  CGSize fallbackStatusBarSize = [[UIApplication sharedApplication] statusBarFrame].size;
                                                                    ^
In file included from <built-in>:1:
In file included from /Users/apple/Plnmo/app/ios/Pods/Target Support Files/RNScreens/RNScreens-prefix.pch:2:
In file included from /Applications/Xcode.app/Contents/Developer/Platforms/iPhoneSimulator.platform/Developer/SDKs/iPhoneSimulator17.5.sdk/System/Library/Frameworks/UIKit.framework/Headers/UIKit.h:9:
In file included from /Applications/Xcode.app/Contents/Developer/Platforms/iPhoneSimulator.platform/Developer/SDKs/iPhoneSimulator17.5.sdk/System/Library/Frameworks/UIKit.framework/Headers/UIKitCore.h:34:
In file included from /Applications/Xcode.app/Contents/Developer/Platforms/iPhoneSimulator.platform/Developer/SDKs/iPhoneSimulator17.5.sdk/System/Library/Frameworks/UIKit.framework/Headers/UIAccessibility.h:20:
In file included from /Applications/Xcode.app/Contents/Developer/Platforms/iPhoneSimulator.platform/Developer/SDKs/iPhoneSimulator17.5.sdk/System/Library/Frameworks/UIKit.framework/Headers/UIAccessibilityElement.h:12:
In file included from /Applications/Xcode.app/Contents/Developer/Platforms/iPhoneSimulator.platform/Developer/SDKs/iPhoneSimulator17.5.sdk/System/Library/Frameworks/UIKit.framework/Headers/UIAccessibilityIdentification.h:13:
In file included from /Applications/Xcode.app/Contents/Developer/Platforms/iPhoneSimulator.platform/Developer/SDKs/iPhoneSimulator17.5.sdk/System/Library/Frameworks/UIKit.framework/Headers/UIAlertController.h:9:
In file included from /Applications/Xcode.app/Contents/Developer/Platforms/iPhoneSimulator.platform/Developer/SDKs/iPhoneSimulator17.5.sdk/System/Library/Frameworks/UIKit.framework/Headers/UIViewController.h:12:
/Applications/Xcode.app/Contents/Developer/Platforms/iPhoneSimulator.platform/Developer/SDKs/iPhoneSimulator17.5.sdk/System/Library/Frameworks/UIKit.framework/Headers/UIApplication.h:131:38: note: property 'statusBarFrame' is declared deprecated here
@property(nonatomic,readonly) CGRect statusBarFrame API_UNAVAILABLE(tvos) API_DEPRECATED("Use the statusBarManager property of the window scene instead.", ios(2.0, 13.0)) API_UNAVAILABLE(visionos); // returns CGRectZero if the status bar is hidden
                                     ^
/Applications/Xcode.app/Contents/Developer/Platforms/iPhoneSimulator.platform/Developer/SDKs/iPhoneSimulator17.5.sdk/System/Library/Frameworks/UIKit.framework/Headers/UIApplication.h:131:38: note: 'statusBarFrame' has been explicitly marked deprecated here

CompileC /Users/apple/Library/Developer/Xcode/DerivedData/Planmoni-fdypulhkiungwycuxcfoxcpgffow/Build/Intermediates.noindex/Pods.build/Debug-iphonesimulator/RNScreens.build/Objects-normal/arm64/RNSFullWindowOverlayShadowNode.o /Users/apple/Plnmo/app/node_modules/react-native-screens/common/cpp/react/renderer/components/rnscreens/RNSFullWindowOverlayShadowNode.cpp normal arm64 c++ com.apple.compilers.llvm.clang.1_0.compiler (in target 'RNScreens' from project 'Pods')
    cd /Users/apple/Plnmo/app/ios/Pods
    /Applications/Xcode.app/Contents/Developer/Toolchains/XcodeDefault.xctoolchain/usr/bin/clang -x c++ -ivfsstatcache /Users/apple/Library/Developer/Xcode/DerivedData/SDKStatCaches.noindex/iphonesimulator17.5-21F77-c098706a9f71eba4e76ae92ab367209a.sdkstatcache -fmessage-length\=0 -fdiagnostics-show-note-include-stack -fmacro-backtrace-limit\=0 -fno-color-diagnostics -fmodules-prune-interval\=86400 -fmodules-prune-after\=345600 -fbuild-session-file\=/Users/apple/Library/Developer/Xcode/DerivedData/ModuleCache.noindex/Session.modulevalidation -fmodules-validate-once-per-build-session -Wnon-modular-include-in-framework-module -Werror\=non-modular-include-in-framework-module -Wno-trigraphs -Wno-missing-field-initializers -Wno-missing-prototypes -Werror\=return-type -Wdocumentation -Wunreachable-code -Werror\=deprecated-objc-isa-usage -Werror\=objc-root-class -Wno-non-virtual-dtor -Wno-overloaded-virtual -Wno-exit-time-destructors -Wno-missing-braces -Wparentheses -Wswitch -Wunused-function -Wno-unused-label -Wno-unused-parameter -Wunused-variable -Wunused-value -Wempty-body -Wuninitialized -Wconditional-uninitialized -Wno-unknown-pragmas -Wno-shadow -Wno-four-char-constants -Wno-conversion -Wconstant-conversion -Wint-conversion -Wbool-conversion -Wenum-conversion -Wno-float-conversion -Wnon-literal-null-conversion -Wobjc-literal-conversion -Wshorten-64-to-32 -Wno-newline-eof -Wno-c++11-extensions -Wno-implicit-fallthrough -fstrict-aliasing -Wdeprecated-declarations -Winvalid-offsetof -Wno-sign-conversion -Winfinite-recursion -Wmove -Wcomma -Wblock-capture-autoreleasing -Wstrict-prototypes -Wrange-loop-analysis -Wno-semicolon-before-method-body -Wunguarded-availability -index-store-path /Users/apple/Library/Developer/Xcode/DerivedData/Planmoni-fdypulhkiungwycuxcfoxcpgffow/Index.noindex/DataStore -Wno-comma -Wno-shorten-64-to-32 @/Users/apple/Library/Developer/Xcode/DerivedData/Planmoni-fdypulhkiungwycuxcfoxcpgffow/Build/Intermediates.noindex/Pods.build/Debug-iphonesimulator/RNScreens.build/Objects-normal/arm64/82b82416624d2658e5098eb0a28c15c5-common-args.resp -DRCT_NEW_ARCH_ENABLED\=1 -DFOLLY_NO_CONFIG -DFOLLY_MOBILE\=1 -DFOLLY_USE_LIBCPP\=1 -DFOLLY_CFG_NO_COROUTINES\=1 -DFOLLY_HAVE_CLOCK_GETTIME\=1 -Wno-comma -Wno-shorten-64-to-32 -include /Users/apple/Plnmo/app/ios/Pods/Target\ Support\ Files/RNScreens/RNScreens-prefix.pch -MMD -MT dependencies -MF /Users/apple/Library/Developer/Xcode/DerivedData/Planmoni-fdypulhkiungwycuxcfoxcpgffow/Build/Intermediates.noindex/Pods.build/Debug-iphonesimulator/RNScreens.build/Objects-normal/arm64/RNSFullWindowOverlayShadowNode.d --serialize-diagnostics /Users/apple/Library/Developer/Xcode/DerivedData/Planmoni-fdypulhkiungwycuxcfoxcpgffow/Build/Intermediates.noindex/Pods.build/Debug-iphonesimulator/RNScreens.build/Objects-normal/arm64/RNSFullWindowOverlayShadowNode.dia -c /Users/apple/Plnmo/app/node_modules/react-native-screens/common/cpp/react/renderer/components/rnscreens/RNSFullWindowOverlayShadowNode.cpp -o /Users/apple/Library/Developer/Xcode/DerivedData/Planmoni-fdypulhkiungwycuxcfoxcpgffow/Build/Intermediates.noindex/Pods.build/Debug-iphonesimulator/RNScreens.build/Objects-normal/arm64/RNSFullWindowOverlayShadowNode.o -index-unit-output-path /Pods.build/Debug-iphonesimulator/RNScreens.build/Objects-normal/arm64/RNSFullWindowOverlayShadowNode.o

CompileC /Users/apple/Library/Developer/Xcode/DerivedData/Planmoni-fdypulhkiungwycuxcfoxcpgffow/Build/Intermediates.noindex/Pods.build/Debug-iphonesimulator/RNSentry.build/Objects-normal/arm64/RNSentryVersion.o /Users/apple/Plnmo/app/node_modules/@sentry/react-native/ios/RNSentryVersion.m normal arm64 objective-c com.apple.compilers.llvm.clang.1_0.compiler (in target 'RNSentry' from project 'Pods')
    cd /Users/apple/Plnmo/app/ios/Pods
    /Applications/Xcode.app/Contents/Developer/Toolchains/XcodeDefault.xctoolchain/usr/bin/clang -x objective-c -ivfsstatcache /Users/apple/Library/Developer/Xcode/DerivedData/SDKStatCaches.noindex/iphonesimulator17.5-21F77-c098706a9f71eba4e76ae92ab367209a.sdkstatcache -fmessage-length\=0 -fdiagnostics-show-note-include-stack -fmacro-backtrace-limit\=0 -fno-color-diagnostics -fmodules-prune-interval\=86400 -fmodules-prune-after\=345600 -fbuild-session-file\=/Users/apple/Library/Developer/Xcode/DerivedData/ModuleCache.noindex/Session.modulevalidation -fmodules-validate-once-per-build-session -Wnon-modular-include-in-framework-module -Werror\=non-modular-include-in-framework-module -Wno-trigraphs -Wno-missing-field-initializers -Wno-missing-prototypes -Werror\=return-type -Wdocumentation -Wunreachable-code -Wno-implicit-atomic-properties -Werror\=deprecated-objc-isa-usage -Wno-objc-interface-ivars -Werror\=objc-root-class -Wno-arc-repeated-use-of-weak -Wimplicit-retain-self -Wduplicate-method-match -Wno-missing-braces -Wparentheses -Wswitch -Wunused-function -Wno-unused-label -Wno-unused-parameter -Wunused-variable -Wunused-value -Wempty-body -Wuninitialized -Wconditional-uninitialized -Wno-unknown-pragmas -Wno-shadow -Wno-four-char-constants -Wno-conversion -Wconstant-conversion -Wint-conversion -Wbool-conversion -Wenum-conversion -Wno-float-conversion -Wnon-literal-null-conversion -Wobjc-literal-conversion -Wshorten-64-to-32 -Wpointer-sign -Wno-newline-eof -Wno-selector -Wno-strict-selector-match -Wundeclared-selector -Wdeprecated-implementations -Wno-implicit-fallthrough -fstrict-aliasing -Wprotocol -Wdeprecated-declarations -Wno-sign-conversion -Winfinite-recursion -Wcomma -Wblock-capture-autoreleasing -Wstrict-prototypes -Wno-semicolon-before-method-body -Wunguarded-availability -index-store-path /Users/apple/Library/Developer/Xcode/DerivedData/Planmoni-fdypulhkiungwycuxcfoxcpgffow/Index.noindex/DataStore @/Users/apple/Library/Developer/Xcode/DerivedData/Planmoni-fdypulhkiungwycuxcfoxcpgffow/Build/Intermediates.noindex/Pods.build/Debug-iphonesimulator/RNSentry.build/Objects-normal/arm64/e6072d4f65d7061329687fe24e3d63a7-common-args.resp -DFOLLY_NO_CONFIG -DFOLLY_MOBILE\=1 -DFOLLY_USE_LIBCPP\=1 -Wno-comma -Wno-shorten-64-to-32 -DRCT_NEW_ARCH_ENABLED -DSENTRY_PROFILING_SUPPORTED\=1 -DRCT_NEW_ARCH_ENABLED\=1 -DFOLLY_NO_CONFIG -DFOLLY_MOBILE\=1 -DFOLLY_USE_LIBCPP\=1 -DFOLLY_CFG_NO_COROUTINES\=1 -DFOLLY_HAVE_CLOCK_GETTIME\=1 -Wno-comma -Wno-shorten-64-to-32 -include /Users/apple/Plnmo/app/ios/Pods/Target\ Support\ Files/RNSentry/RNSentry-prefix.pch -MMD -MT dependencies -MF /Users/apple/Library/Developer/Xcode/DerivedData/Planmoni-fdypulhkiungwycuxcfoxcpgffow/Build/Intermediates.noindex/Pods.build/Debug-iphonesimulator/RNSentry.build/Objects-normal/arm64/RNSentryVersion.d --serialize-diagnostics /Users/apple/Library/Developer/Xcode/DerivedData/Planmoni-fdypulhkiungwycuxcfoxcpgffow/Build/Intermediates.noindex/Pods.build/Debug-iphonesimulator/RNSentry.build/Objects-normal/arm64/RNSentryVersion.dia -c /Users/apple/Plnmo/app/node_modules/@sentry/react-native/ios/RNSentryVersion.m -o /Users/apple/Library/Developer/Xcode/DerivedData/Planmoni-fdypulhkiungwycuxcfoxcpgffow/Build/Intermediates.noindex/Pods.build/Debug-iphonesimulator/RNSentry.build/Objects-normal/arm64/RNSentryVersion.o -index-unit-output-path /Pods.build/Debug-iphonesimulator/RNSentry.build/Objects-normal/arm64/RNSentryVersion.o

SwiftDriver lottie-react-native normal arm64 com.apple.xcode.tools.swift.compiler (in target 'lottie-react-native' from project 'Pods')
    cd /Users/apple/Plnmo/app/ios/Pods
    builtin-SwiftDriver -- /Applications/Xcode.app/Contents/Developer/Toolchains/XcodeDefault.xctoolchain/usr/bin/swiftc -module-name lottie_react_native -Onone -enforce-exclusivity\=checked @/Users/apple/Library/Developer/Xcode/DerivedData/Planmoni-fdypulhkiungwycuxcfoxcpgffow/Build/Intermediates.noindex/Pods.build/Debug-iphonesimulator/lottie-react-native.build/Objects-normal/arm64/lottie-react-native.SwiftFileList -DDEBUG -D COCOAPODS -Xcc -fmodule-map-file\=/Users/apple/Library/Developer/Xcode/DerivedData/Planmoni-fdypulhkiungwycuxcfoxcpgffow/Build/Products/Debug-iphonesimulator/lottie-ios/Lottie.modulemap -Xcc -fmodule-map-file\=/Users/apple/Plnmo/app/ios/Pods/Headers/Public/DoubleConversion/DoubleConversion.modulemap -Xcc -fmodule-map-file\=/Users/apple/Plnmo/app/ios/Pods/Headers/Public/RCTDeprecation/RCTDeprecation.modulemap -Xcc -fmodule-map-file\=/Users/apple/Plnmo/app/ios/Pods/Headers/Public/RCTFabric/React-RCTFabric.modulemap -Xcc -fmodule-map-file\=/Users/apple/Plnmo/app/ios/Pods/Headers/Public/RCTRuntime/React-RCTRuntime.modulemap -Xcc -fmodule-map-file\=/Users/apple/Plnmo/app/ios/Pods/Headers/Public/RCTTypeSafety/RCTTypeSafety.modulemap -Xcc -fmodule-map-file\=/Users/apple/Plnmo/app/ios/Pods/Headers/Public/React/React-Core.modulemap -Xcc -fmodule-map-file\=/Users/apple/Plnmo/app/ios/Pods/Headers/Public/ReactCodegen/ReactCodegen.modulemap -Xcc -fmodule-map-file\=/Users/apple/Plnmo/app/ios/Pods/Headers/Public/ReactCommon/ReactCommon.modulemap -Xcc -fmodule-map-file\=/Users/apple/Plnmo/app/ios/Pods/Headers/Public/React_Fabric/React-Fabric.modulemap -Xcc -fmodule-map-file\=/Users/apple/Plnmo/app/ios/Pods/Headers/Public/React_FabricComponents/React-FabricComponents.modulemap -Xcc -fmodule-map-file\=/Users/apple/Plnmo/app/ios/Pods/Headers/Public/React_NativeModulesApple/React-NativeModulesApple.modulemap -Xcc -fmodule-map-file\=/Users/apple/Plnmo/app/ios/Pods/Headers/Public/React_RCTAppDelegate/React-RCTAppDelegate.modulemap -Xcc -fmodule-map-file\=/Users/apple/Plnmo/app/ios/Pods/Headers/Public/folly/RCT-Folly.modulemap -Xcc -fmodule-map-file\=/Users/apple/Plnmo/app/ios/Pods/Headers/Public/glog/glog.modulemap -Xcc -fmodule-map-file\=/Users/apple/Plnmo/app/ios/Pods/Headers/Public/jsi/React-jsi.modulemap -Xcc -fmodule-map-file\=/Users/apple/Plnmo/app/ios/Pods/Headers/Public/jsinspector_modern/React-jsinspector.modulemap -Xcc -fmodule-map-file\=/Users/apple/Plnmo/app/ios/Pods/Headers/Public/jsinspector_modern_tracing/React-jsinspectortracing.modulemap -Xcc -fmodule-map-file\=/Users/apple/Plnmo/app/ios/Pods/Headers/Public/react_debug/React-debug.modulemap -Xcc -fmodule-map-file\=/Users/apple/Plnmo/app/ios/Pods/Headers/Public/react_featureflags/React-featureflags.modulemap -Xcc -fmodule-map-file\=/Users/apple/Plnmo/app/ios/Pods/Headers/Public/react_nativemodule_defaults/React-defaultsnativemodule.modulemap -Xcc -fmodule-map-file\=/Users/apple/Plnmo/app/ios/Pods/Headers/Public/react_nativemodule_dom/React-domnativemodule.modulemap -Xcc -fmodule-map-file\=/Users/apple/Plnmo/app/ios/Pods/Headers/Public/react_nativemodule_featureflags/React-featureflagsnativemodule.modulemap -Xcc -fmodule-map-file\=/Users/apple/Plnmo/app/ios/Pods/Headers/Public/react_nativemodule_idlecallbacks/React-idlecallbacksnativemodule.modulemap -Xcc -fmodule-map-file\=/Users/apple/Plnmo/app/ios/Pods/Headers/Public/react_nativemodule_microtasks/React-microtasksnativemodule.modulemap -Xcc -fmodule-map-file\=/Users/apple/Plnmo/app/ios/Pods/Headers/Public/react_renderer_css/React-renderercss.modulemap -Xcc -fmodule-map-file\=/Users/apple/Plnmo/app/ios/Pods/Headers/Public/react_renderer_debug/React-rendererdebug.modulemap -Xcc -fmodule-map-file\=/Users/apple/Plnmo/app/ios/Pods/Headers/Public/react_renderer_graphics/React-graphics.modulemap -Xcc -fmodule-map-file\=/Users/apple/Plnmo/app/ios/Pods/Headers/Public/react_renderer_imagemanager/React-ImageManager.modulemap -Xcc -fmodule-map-file\=/Users/apple/Plnmo/app/ios/Pods/Headers/Public/react_runtime/React-jsitooling.modulemap -Xcc -fmodule-map-file\=/Users/apple/Plnmo/app/ios/Pods/Headers/Public/react_utils/React-utils.modulemap -Xcc -fmodule-map-file\=/Users/apple/Plnmo/app/ios/Pods/Headers/Public/reacthermes/React-hermes.modulemap -Xcc -fmodule-map-file\=/Users/apple/Plnmo/app/ios/Pods/Headers/Public/yoga/Yoga.modulemap -import-underlying-module -Xcc -fmodule-map-file\=/Users/apple/Plnmo/app/ios/Pods/Headers/Public/lottie_react_native/lottie-react-native.modulemap -DRCT_NEW_ARCH_ENABLED -sdk /Applications/Xcode.app/Contents/Developer/Platforms/iPhoneSimulator.platform/Developer/SDKs/iPhoneSimulator17.5.sdk -target arm64-apple-ios15.1-simulator -enable-bare-slash-regex -g -module-cache-path /Users/apple/Library/Developer/Xcode/DerivedData/ModuleCache.noindex -Xfrontend -serialize-debugging-options -enable-testing -index-store-path /Users/apple/Library/Developer/Xcode/DerivedData/Planmoni-fdypulhkiungwycuxcfoxcpgffow/Index.noindex/DataStore -swift-version 5 -I /Users/apple/Library/Developer/Xcode/DerivedData/Planmoni-fdypulhkiungwycuxcfoxcpgffow/Build/Products/Debug-iphonesimulator/lottie-react-native -I /Users/apple/Library/Developer/Xcode/DerivedData/Planmoni-fdypulhkiungwycuxcfoxcpgffow/Build/Products/Debug-iphonesimulator/lottie-ios -F /Users/apple/Library/Developer/Xcode/DerivedData/Planmoni-fdypulhkiungwycuxcfoxcpgffow/Build/Products/Debug-iphonesimulator/lottie-react-native -F /Users/apple/Plnmo/app/ios/Pods/hermes-engine/destroot/Library/Frameworks/universal -F /Users/apple/Library/Developer/Xcode/DerivedData/Planmoni-fdypulhkiungwycuxcfoxcpgffow/Build/Products/Debug-iphonesimulator/XCFrameworkIntermediates/hermes-engine/Pre-built -c -j8 -enable-batch-mode -incremental -Xcc -ivfsstatcache -Xcc /Users/apple/Library/Developer/Xcode/DerivedData/SDKStatCaches.noindex/iphonesimulator17.5-21F77-c098706a9f71eba4e76ae92ab367209a.sdkstatcache -output-file-map /Users/apple/Library/Developer/Xcode/DerivedData/Planmoni-fdypulhkiungwycuxcfoxcpgffow/Build/Intermediates.noindex/Pods.build/Debug-iphonesimulator/lottie-react-native.build/Objects-normal/arm64/lottie-react-native-OutputFileMap.json -use-frontend-parseable-output -save-temps -no-color-diagnostics -serialize-diagnostics -emit-dependencies -emit-module -emit-module-path /Users/apple/Library/Developer/Xcode/DerivedData/Planmoni-fdypulhkiungwycuxcfoxcpgffow/Build/Intermediates.noindex/Pods.build/Debug-iphonesimulator/lottie-react-native.build/Objects-normal/arm64/lottie_react_native.swiftmodule -validate-clang-modules-once -clang-build-session-file /Users/apple/Library/Developer/Xcode/DerivedData/ModuleCache.noindex/Session.modulevalidation -Xcc -I/Users/apple/Library/Developer/Xcode/DerivedData/Planmoni-fdypulhkiungwycuxcfoxcpgffow/Build/Intermediates.noindex/Pods.build/Debug-iphonesimulator/lottie-react-native.build/swift-overrides.hmap -emit-const-values -Xfrontend -const-gather-protocols-file -Xfrontend /Users/apple/Library/Developer/Xcode/DerivedData/Planmoni-fdypulhkiungwycuxcfoxcpgffow/Build/Intermediates.noindex/Pods.build/Debug-iphonesimulator/lottie-react-native.build/Objects-normal/arm64/lottie-react-native_const_extract_protocols.json -Xcc -iquote -Xcc /Users/apple/Library/Developer/Xcode/DerivedData/Planmoni-fdypulhkiungwycuxcfoxcpgffow/Build/Intermediates.noindex/Pods.build/Debug-iphonesimulator/lottie-react-native.build/lottie-react-native-generated-files.hmap -Xcc -I/Users/apple/Library/Developer/Xcode/DerivedData/Planmoni-fdypulhkiungwycuxcfoxcpgffow/Build/Intermediates.noindex/Pods.build/Debug-iphonesimulator/lottie-react-native.build/lottie-react-native-own-target-headers.hmap -Xcc -I/Users/apple/Library/Developer/Xcode/DerivedData/Planmoni-fdypulhkiungwycuxcfoxcpgffow/Build/Intermediates.noindex/Pods.build/Debug-iphonesimulator/lottie-react-native.build/lottie-react-native-all-non-framework-target-headers.hmap -Xcc -ivfsoverlay -Xcc /Users/apple/Library/Developer/Xcode/DerivedData/Planmoni-fdypulhkiungwycuxcfoxcpgffow/Build/Intermediates.noindex/Pods.build/Debug-iphonesimulator/lottie-react-native.build/all-product-headers.yaml -Xcc -iquote -Xcc /Users/apple/Library/Developer/Xcode/DerivedData/Planmoni-fdypulhkiungwycuxcfoxcpgffow/Build/Intermediates.noindex/Pods.build/Debug-iphonesimulator/lottie-react-native.build/lottie-react-native-project-headers.hmap -Xcc -I/Users/apple/Library/Developer/Xcode/DerivedData/Planmoni-fdypulhkiungwycuxcfoxcpgffow/Build/Products/Debug-iphonesimulator/lottie-react-native/include -Xcc -I/Users/apple/Plnmo/app/ios/Pods/Headers/Private -Xcc -I/Users/apple/Plnmo/app/ios/Pods/Headers/Private/lottie-react-native -Xcc -I/Users/apple/Plnmo/app/ios/Pods/Headers/Public -Xcc -I/Users/apple/Plnmo/app/ios/Pods/Headers/Public/DoubleConversion -Xcc -I/Users/apple/Plnmo/app/ios/Pods/Headers/Public/FBLazyVector -Xcc -I/Users/apple/Plnmo/app/ios/Pods/Headers/Public/RCT-Folly -Xcc -I/Users/apple/Plnmo/app/ios/Pods/Headers/Public/RCTRequired -Xcc -I/Users/apple/Plnmo/app/ios/Pods/Headers/Public/RCTTypeSafety -Xcc -I/Users/apple/Plnmo/app/ios/Pods/Headers/Public/React-Core -Xcc -I/Users/apple/Plnmo/app/ios/Pods/Headers/Public/React-Fabric -Xcc -I/Users/apple/Plnmo/app/ios/Pods/Headers/Public/React-FabricComponents -Xcc -I/Users/apple/Plnmo/app/ios/Pods/Headers/Public/React-FabricImage -Xcc -I/Users/apple/Plnmo/app/ios/Pods/Headers/Public/React-ImageManager -Xcc -I/Users/apple/Plnmo/app/ios/Pods/Headers/Public/React-Mapbuffer -Xcc -I/Users/apple/Plnmo/app/ios/Pods/Headers/Public/React-NativeModulesApple -Xcc -I/Users/apple/Plnmo/app/ios/Pods/Headers/Public/React-RCTAnimation -Xcc -I/Users/apple/Plnmo/app/ios/Pods/Headers/Public/React-RCTBlob -Xcc -I/Users/apple/Plnmo/app/ios/Pods/Headers/Public/React-RCTFBReactNativeSpec -Xcc -I/Users/apple/Plnmo/app/ios/Pods/Headers/Public/React-RCTFabric -Xcc -I/Users/apple/Plnmo/app/ios/Pods/Headers/Public/React-RCTRuntime -Xcc -I/Users/apple/Plnmo/app/ios/Pods/Headers/Public/React-RCTText -Xcc -I/Users/apple/Plnmo/app/ios/Pods/Headers/Public/React-RuntimeApple -Xcc -I/Users/apple/Plnmo/app/ios/Pods/Headers/Public/React-RuntimeCore -Xcc -I/Users/apple/Plnmo/app/ios/Pods/Headers/Public/React-RuntimeHermes -Xcc -I/Users/apple/Plnmo/app/ios/Pods/Headers/Public/React-callinvoker -Xcc -I/Users/apple/Plnmo/app/ios/Pods/Headers/Public/React-cxxreact -Xcc -I/Users/apple/Plnmo/app/ios/Pods/Headers/Public/React-debug -Xcc -I/Users/apple/Plnmo/app/ios/Pods/Headers/Public/React-defaultsnativemodule -Xcc -I/Users/apple/Plnmo/app/ios/Pods/Headers/Public/React-domnativemodule -Xcc -I/Users/apple/Plnmo/app/ios/Pods/Headers/Public/React-featureflags -Xcc -I/Users/apple/Plnmo/app/ios/Pods/Headers/Public/React-featureflagsnativemodule -Xcc -I/Users/apple/Plnmo/app/ios/Pods/Headers/Public/React-graphics -Xcc -I/Users/apple/Plnmo/app/ios/Pods/Headers/Public/React-hermes -Xcc -I/Users/apple/Plnmo/app/ios/Pods/Headers/Public/React-idlecallbacksnativemodule -Xcc -I/Users/apple/Plnmo/app/ios/Pods/Headers/Public/React-jserrorhandler -Xcc -I/Users/apple/Plnmo/app/ios/Pods/Headers/Public/React-jsi -Xcc -I/Users/apple/Plnmo/app/ios/Pods/Headers/Public/React-jsiexecutor -Xcc -I/Users/apple/Plnmo/app/ios/Pods/Headers/Public/React-jsinspector -Xcc -I/Users/apple/Plnmo/app/ios/Pods/Headers/Public/React-jsinspectortracing -Xcc -I/Users/apple/Plnmo/app/ios/Pods/Headers/Public/React-jsitooling -Xcc -I/Users/apple/Plnmo/app/ios/Pods/Headers/Public/React-logger -Xcc -I/Users/apple/Plnmo/app/ios/Pods/Headers/Public/React-microtasksnativemodule -Xcc -I/Users/apple/Plnmo/app/ios/Pods/Headers/Public/React-oscompat -Xcc -I/Users/apple/Plnmo/app/ios/Pods/Headers/Public/React-perflogger -Xcc -I/Users/apple/Plnmo/app/ios/Pods/Headers/Public/React-performancetimeline -Xcc -I/Users/apple/Plnmo/app/ios/Pods/Headers/Public/React-rendererconsistency -Xcc -I/Users/apple/Plnmo/app/ios/Pods/Headers/Public/React-renderercss -Xcc -I/Users/apple/Plnmo/app/ios/Pods/Headers/Public/React-rendererdebug -Xcc -I/Users/apple/Plnmo/app/ios/Pods/Headers/Public/React-runtimeexecutor -Xcc -I/Users/apple/Plnmo/app/ios/Pods/Headers/Public/React-runtimescheduler -Xcc -I/Users/apple/Plnmo/app/ios/Pods/Headers/Public/React-timing -Xcc -I/Users/apple/Plnmo/app/ios/Pods/Headers/Public/React-utils -Xcc -I/Users/apple/Plnmo/app/ios/Pods/Headers/Public/ReactCodegen -Xcc -I/Users/apple/Plnmo/app/ios/Pods/Headers/Public/ReactCommon -Xcc -I/Users/apple/Plnmo/app/ios/Pods/Headers/Public/Yoga -Xcc -I/Users/apple/Plnmo/app/ios/Pods/Headers/Public/boost -Xcc -I/Users/apple/Plnmo/app/ios/Pods/Headers/Public/fast_float -Xcc -I/Users/apple/Plnmo/app/ios/Pods/Headers/Public/fmt -Xcc -I/Users/apple/Plnmo/app/ios/Pods/Headers/Public/glog -Xcc -I/Users/apple/Plnmo/app/ios/Pods/Headers/Public/hermes-engine -Xcc -I/Users/apple/Plnmo/app/ios/Pods/boost -Xcc -I/Users/apple/Plnmo/app/ios/Pods/Headers/Private/Yoga -Xcc -I/Users/apple/Library/Developer/Xcode/DerivedData/Planmoni-fdypulhkiungwycuxcfoxcpgffow/Build/Intermediates.noindex/Pods.build/Debug-iphonesimulator/lottie-react-native.build/DerivedSources-normal/arm64 -Xcc -I/Users/apple/Library/Developer/Xcode/DerivedData/Planmoni-fdypulhkiungwycuxcfoxcpgffow/Build/Intermediates.noindex/Pods.build/Debug-iphonesimulator/lottie-react-native.build/DerivedSources/arm64 -Xcc -I/Users/apple/Library/Developer/Xcode/DerivedData/Planmoni-fdypulhkiungwycuxcfoxcpgffow/Build/Intermediates.noindex/Pods.build/Debug-iphonesimulator/lottie-react-native.build/DerivedSources -Xcc -DPOD_CONFIGURATION_DEBUG\=1 -Xcc -DDEBUG\=1 -Xcc -DCOCOAPODS\=1 -emit-objc-header -emit-objc-header-path /Users/apple/Library/Developer/Xcode/DerivedData/Planmoni-fdypulhkiungwycuxcfoxcpgffow/Build/Intermediates.noindex/Pods.build/Debug-iphonesimulator/lottie-react-native.build/Objects-normal/arm64/lottie_react_native-Swift.h -working-directory /Users/apple/Plnmo/app/ios/Pods -experimental-emit-module-separately -disable-cmo

SwiftCompile normal arm64 Compiling\ AnyArgument.swift,\ AnyChild.swift,\ AnyClassDefinitionElement.swift,\ AnyDefinition.swift,\ AnyDynamicType.swift,\ AnyExpoView.swift,\ AnyField.swift,\ AnyFunctionDefinition.swift,\ AnyModule.swift,\ AnyTypedArray.swift,\ AnyViewDefinition.swift,\ AnyViewProp.swift,\ AppCodeSignEntitlements.swift,\ AppContext.swift,\ AppContextConfig.swift,\ AppleView.swift,\ AsyncFunctionDefinition.swift,\ AsyncFunctionFactories.swift,\ AutoSizingStack.swift,\ Callback.swift,\ CdpNetworkTypes.swift,\ ChainableException.swift,\ ClassComponentBuilder.swift,\ ClassDefinition.swift,\ ClassFactories.swift,\ ClassRegistry.swift,\ CodedError.swift,\ CommonExceptions.swift,\ ComponentData.swift,\ ConcreteTypedArrays.swift,\ ConcreteViewProp.swift,\ ConcurrentFunctionDefinition.swift,\ ConcurrentFunctionFactories.swift,\ ConstantDefinition.swift,\ ConstantFactories.swift,\ Conversions.swift,\ Convertible.swift,\ Convertibles.swift,\ Convertibles+CMTime.swift,\ Convertibles+Color.swift,\ Convertibles+SwiftUI.swift,\ CoreModule.swift,\ DynamicArrayType.swift,\ DynamicConvertibleType.swift,\ DynamicDataType.swift,\ DynamicDictionaryType.swift,\ DynamicEitherType.swift,\ DynamicEnumType.swift,\ DynamicJavaScriptType.swift,\ DynamicNumberType.swift,\ DynamicOptionalType.swift,\ DynamicRawType.swift,\ DynamicSharedObjectType.swift,\ DynamicStringType.swift,\ DynamicSwiftUIViewType.swift,\ DynamicType.swift,\ DynamicTypedArrayType.swift,\ DynamicViewType.swift,\ DynamicVoidType.swift,\ Either.swift,\ Enumerable.swift,\ EventDispatcher.swift,\ EventListener.swift,\ EventListenersFactories.swift,\ EventObservingDefinition.swift,\ Exception.swift,\ ExceptionOrigin.swift,\ Exceptions.swift,\ ExpoAppDelegateSubscriber.swift,\ ExpoAppDelegateSubscriberRepository.swift,\ ExpoFabricView.swift,\ ExpoReactDelegate.swift,\ ExpoReactDelegateHandler.swift,\ ExpoRequestCdpInterceptor.swift,\ ExpoRequestInterceptorProtocol.swift,\ ExpoRuntime.swift,\ ExpoSwiftUI.swift,\ ExpoView.swift,\ Field.swift,\ FieldExtensions.swift,\ FieldOption.swift,\ FileSystemLegacyUtilities.swift,\ FileSystemUtilities.swift,\ GenericException.swift,\ GenericTypedArray.swift,\ JavaScriptFunction.swift,\ JavaScriptObjectBuilder.swift,\ JavaScriptRuntime.swift,\ JavaScriptUtils.swift,\ JavaScriptValue.swift,\ LegacyEventEmitterCompat.swift,\ Logger.swift,\ LoggerTimer.swift,\ LogHandlers.swift,\ LogType.swift,\ MainValueConverter.swift,\ Module.swift,\ ModuleDefinition.swift,\ ModuleDefinitionBuilder.swift,\ ModuleDefinitionEncoder.swift,\ ModuleFactories.swift,\ ModuleHolder.swift,\ ModulePriorities.swift,\ ModuleRegistry.swift,\ ModulesProvider.swift,\ NativeModulesProxyModule.swift,\ NSLabel.swift,\ ObjectDefinition.swift,\ ObjectDefinitionBuilder.swift,\ ObjectFactories.swift,\ PersistentFileLog.swift,\ Platform.swift,\ Promise.swift,\ PropertyDefinition.swift,\ PropertyFactories.swift,\ ReactNativeFactoryProvider.swift,\ Record.swift,\ SharedObject.swift,\ SharedObjectRegistry.swift,\ SharedRef.swift,\ SwiftUIHostingView.swift,\ SwiftUILayoutMetrics.swift,\ SwiftUIShadowNodeProxy.swift,\ SwiftUIViewDefinition.swift,\ SwiftUIViewDefinitionBuilder.swift,\ SwiftUIViewDefinitionDefaultProps.swift,\ SwiftUIViewFrameObserver.swift,\ SwiftUIViewHost.swift,\ SwiftUIViewProps.swift,\ SwiftUIVirtualView.swift,\ SyncFunctionDefinition.swift,\ SyncFunctionFactories.swift,\ TypedArray.swift,\ UnexpectedException.swift,\ UnimplementedExpoView.swift,\ URLAuthenticationChallengeForwardSender.swift,\ URLRequest+httpBodyData.swift,\ URLSessionSessionDelegateProxy.swift,\ Utilities.swift,\ Uuidv5.swift,\ View+Modifiers.swift,\ ViewDefinition.swift,\ ViewDefinitionBuilder.swift,\ ViewFactories.swift,\ ViewLifecycleMethod.swift,\ ViewModuleWrapper.swift /Users/apple/Plnmo/app/node_modules/expo-modules-core/ios/Core/Arguments/AnyArgument.swift /Users/apple/Plnmo/app/node_modules/expo-modules-core/ios/Core/Views/SwiftUI/AnyChild.swift /Users/apple/Plnmo/app/node_modules/expo-modules-core/ios/Core/Classes/AnyClassDefinitionElement.swift /Users/apple/Plnmo/app/node_modules/expo-modules-core/ios/Core/Protocols/AnyDefinition.swift /Users/apple/Plnmo/app/node_modules/expo-modules-core/ios/Core/DynamicTypes/AnyDynamicType.swift /Users/apple/Plnmo/app/node_modules/expo-modules-core/ios/Core/Protocols/AnyExpoView.swift /Users/apple/Plnmo/app/node_modules/expo-modules-core/ios/Core/Records/AnyField.swift /Users/apple/Plnmo/app/node_modules/expo-modules-core/ios/Core/Functions/AnyFunctionDefinition.swift /Users/apple/Plnmo/app/node_modules/expo-modules-core/ios/Core/Protocols/AnyModule.swift /Users/apple/Plnmo/app/node_modules/expo-modules-core/ios/Core/TypedArrays/AnyTypedArray.swift /Users/apple/Plnmo/app/node_modules/expo-modules-core/ios/Core/Protocols/AnyViewDefinition.swift /Users/apple/Plnmo/app/node_modules/expo-modules-core/ios/Core/Views/AnyViewProp.swift /Users/apple/Plnmo/app/node_modules/expo-modules-core/ios/Core/AppCodeSignEntitlements.swift /Users/apple/Plnmo/app/node_modules/expo-modules-core/ios/Core/AppContext.swift /Users/apple/Plnmo/app/node_modules/expo-modules-core/ios/Core/AppContextConfig.swift /Users/apple/Plnmo/app/node_modules/expo-modules-core/ios/Core/Views/AppleView.swift /Users/apple/Plnmo/app/node_modules/expo-modules-core/ios/Core/Functions/AsyncFunctionDefinition.swift /Users/apple/Plnmo/app/node_modules/expo-modules-core/ios/Api/Factories/AsyncFunctionFactories.swift /Users/apple/Plnmo/app/node_modules/expo-modules-core/ios/Core/Views/SwiftUI/AutoSizingStack.swift /Users/apple/Plnmo/app/node_modules/expo-modules-core/ios/Core/Events/Callback.swift /Users/apple/Plnmo/app/node_modules/expo-modules-core/ios/DevTools/CdpNetworkTypes.swift /Users/apple/Plnmo/app/node_modules/expo-modules-core/ios/Core/Exceptions/ChainableException.swift /Users/apple/Plnmo/app/node_modules/expo-modules-core/ios/Api/Builders/ClassComponentBuilder.swift /Users/apple/Plnmo/app/node_modules/expo-modules-core/ios/Core/Classes/ClassDefinition.swift /Users/apple/Plnmo/app/node_modules/expo-modules-core/ios/Api/Factories/ClassFactories.swift /Users/apple/Plnmo/app/node_modules/expo-modules-core/ios/Core/Classes/ClassRegistry.swift /Users/apple/Plnmo/app/node_modules/expo-modules-core/ios/Core/Exceptions/CodedError.swift /Users/apple/Plnmo/app/node_modules/expo-modules-core/ios/Core/Exceptions/CommonExceptions.swift /Users/apple/Plnmo/app/node_modules/expo-modules-core/ios/Core/Views/ComponentData.swift /Users/apple/Plnmo/app/node_modules/expo-modules-core/ios/Core/TypedArrays/ConcreteTypedArrays.swift /Users/apple/Plnmo/app/node_modules/expo-modules-core/ios/Core/Views/ConcreteViewProp.swift /Users/apple/Plnmo/app/node_modules/expo-modules-core/ios/Core/Functions/ConcurrentFunctionDefinition.swift /Users/apple/Plnmo/app/node_modules/expo-modules-core/ios/Api/Factories/ConcurrentFunctionFactories.swift /Users/apple/Plnmo/app/node_modules/expo-modules-core/ios/Core/Objects/ConstantDefinition.swift /Users/apple/Plnmo/app/node_modules/expo-modules-core/ios/Api/Factories/ConstantFactories.swift /Users/apple/Plnmo/app/node_modules/expo-modules-core/ios/Core/Conversions.swift /Users/apple/Plnmo/app/node_modules/expo-modules-core/ios/Core/Arguments/Convertible.swift /Users/apple/Plnmo/app/node_modules/expo-modules-core/ios/Core/Arguments/Convertibles.swift /Users/apple/Plnmo/app/node_modules/expo-modules-core/ios/Core/Convertibles/Convertibles+CMTime.swift /Users/apple/Plnmo/app/node_modules/expo-modules-core/ios/Core/Convertibles/Convertibles+Color.swift /Users/apple/Plnmo/app/node_modules/expo-modules-core/ios/Core/Views/SwiftUI/Convertibles+SwiftUI.swift /Users/apple/Plnmo/app/node_modules/expo-modules-core/ios/Core/Modules/CoreModule.swift /Users/apple/Plnmo/app/node_modules/expo-modules-core/ios/Core/DynamicTypes/DynamicArrayType.swift /Users/apple/Plnmo/app/node_modules/expo-modules-core/ios/Core/DynamicTypes/DynamicConvertibleType.swift /Users/apple/Plnmo/app/node_modules/expo-modules-core/ios/Core/DynamicTypes/DynamicDataType.swift /Users/apple/Plnmo/app/node_modules/expo-modules-core/ios/Core/DynamicTypes/DynamicDictionaryType.swift /Users/apple/Plnmo/app/node_modules/expo-modules-core/ios/Core/DynamicTypes/DynamicEitherType.swift /Users/apple/Plnmo/app/node_modules/expo-modules-core/ios/Core/DynamicTypes/DynamicEnumType.swift /Users/apple/Plnmo/app/node_modules/expo-modules-core/ios/Core/DynamicTypes/DynamicJavaScriptType.swift /Users/apple/Plnmo/app/node_modules/expo-modules-core/ios/Core/DynamicTypes/DynamicNumberType.swift /Users/apple/Plnmo/app/node_modules/expo-modules-core/ios/Core/DynamicTypes/DynamicOptionalType.swift /Users/apple/Plnmo/app/node_modules/expo-modules-core/ios/Core/DynamicTypes/DynamicRawType.swift /Users/apple/Plnmo/app/node_modules/expo-modules-core/ios/Core/DynamicTypes/DynamicSharedObjectType.swift /Users/apple/Plnmo/app/node_modules/expo-modules-core/ios/Core/DynamicTypes/DynamicStringType.swift /Users/apple/Plnmo/app/node_modules/expo-modules-core/ios/Core/DynamicTypes/DynamicSwiftUIViewType.swift /Users/apple/Plnmo/app/node_modules/expo-modules-core/ios/Core/DynamicTypes/DynamicType.swift /Users/apple/Plnmo/app/node_modules/expo-modules-core/ios/Core/DynamicTypes/DynamicTypedArrayType.swift /Users/apple/Plnmo/app/node_modules/expo-modules-core/ios/Core/DynamicTypes/DynamicViewType.swift /Users/apple/Plnmo/app/node_modules/expo-modules-core/ios/Core/DynamicTypes/DynamicVoidType.swift /Users/apple/Plnmo/app/node_modules/expo-modules-core/ios/Core/Arguments/Either.swift /Users/apple/Plnmo/app/node_modules/expo-modules-core/ios/Core/Arguments/Enumerable.swift /Users/apple/Plnmo/app/node_modules/expo-modules-core/ios/Core/Events/EventDispatcher.swift /Users/apple/Plnmo/app/node_modules/expo-modules-core/ios/Core/EventListener.swift /Users/apple/Plnmo/app/node_modules/expo-modules-core/ios/Api/Factories/EventListenersFactories.swift /Users/apple/Plnmo/app/node_modules/expo-modules-core/ios/Core/Events/EventObservingDefinition.swift /Users/apple/Plnmo/app/node_modules/expo-modules-core/ios/Core/Exceptions/Exception.swift /Users/apple/Plnmo/app/node_modules/expo-modules-core/ios/Core/Exceptions/ExceptionOrigin.swift /Users/apple/Plnmo/app/node_modules/expo-modules-core/ios/Uuidv5/Exceptions.swift /Users/apple/Plnmo/app/node_modules/expo-modules-core/ios/AppDelegates/ExpoAppDelegateSubscriber.swift /Users/apple/Plnmo/app/node_modules/expo-modules-core/ios/AppDelegates/ExpoAppDelegateSubscriberRepository.swift /Users/apple/Plnmo/app/node_modules/expo-modules-core/ios/Fabric/ExpoFabricView.swift /Users/apple/Plnmo/app/node_modules/expo-modules-core/ios/ReactDelegates/ExpoReactDelegate.swift /Users/apple/Plnmo/app/node_modules/expo-modules-core/ios/ReactDelegates/ExpoReactDelegateHandler.swift /Users/apple/Plnmo/app/node_modules/expo-modules-core/ios/DevTools/ExpoRequestCdpInterceptor.swift /Users/apple/Plnmo/app/node_modules/expo-modules-core/ios/DevTools/ExpoRequestInterceptorProtocol.swift /Users/apple/Plnmo/app/node_modules/expo-modules-core/ios/Core/ExpoRuntime.swift /Users/apple/Plnmo/app/node_modules/expo-modules-core/ios/Core/Views/SwiftUI/ExpoSwiftUI.swift /Users/apple/Plnmo/app/node_modules/expo-modules-core/ios/Core/Views/ExpoView.swift /Users/apple/Plnmo/app/node_modules/expo-modules-core/ios/Core/Records/Field.swift /Users/apple/Plnmo/app/node_modules/expo-modules-core/ios/Core/Records/FieldExtensions.swift /Users/apple/Plnmo/app/node_modules/expo-modules-core/ios/Core/Records/FieldOption.swift /Users/apple/Plnmo/app/node_modules/expo-modules-core/ios/FileSystemUtilities/FileSystemLegacyUtilities.swift /Users/apple/Plnmo/app/node_modules/expo-modules-core/ios/FileSystemUtilities/FileSystemUtilities.swift /Users/apple/Plnmo/app/node_modules/expo-modules-core/ios/Core/Exceptions/GenericException.swift /Users/apple/Plnmo/app/node_modules/expo-modules-core/ios/Core/TypedArrays/GenericTypedArray.swift /Users/apple/Plnmo/app/node_modules/expo-modules-core/ios/Core/JavaScriptFunction.swift /Users/apple/Plnmo/app/node_modules/expo-modules-core/ios/Core/Objects/JavaScriptObjectBuilder.swift /Users/apple/Plnmo/app/node_modules/expo-modules-core/ios/JSI/JavaScriptRuntime.swift /Users/apple/Plnmo/app/node_modules/expo-modules-core/ios/Core/JavaScriptUtils.swift /Users/apple/Plnmo/app/node_modules/expo-modules-core/ios/JSI/JavaScriptValue.swift /Users/apple/Plnmo/app/node_modules/expo-modules-core/ios/Core/Events/LegacyEventEmitterCompat.swift /Users/apple/Plnmo/app/node_modules/expo-modules-core/ios/Core/Logging/Logger.swift /Users/apple/Plnmo/app/node_modules/expo-modules-core/ios/Core/Logging/LoggerTimer.swift /Users/apple/Plnmo/app/node_modules/expo-modules-core/ios/Core/Logging/LogHandlers.swift /Users/apple/Plnmo/app/node_modules/expo-modules-core/ios/Core/Logging/LogType.swift /Users/apple/Plnmo/app/node_modules/expo-modules-core/ios/Core/MainValueConverter.swift /Users/apple/Plnmo/app/node_modules/expo-modules-core/ios/Core/Modules/Module.swift /Users/apple/Plnmo/app/node_modules/expo-modules-core/ios/Core/Modules/ModuleDefinition.swift /Users/apple/Plnmo/app/node_modules/expo-modules-core/ios/Core/Modules/ModuleDefinitionBuilder.swift /Users/apple/Plnmo/app/node_modules/expo-modules-core/ios/DevTools/ModuleDefinitionEncoder.swift /Users/apple/Plnmo/app/node_modules/expo-modules-core/ios/Api/Factories/ModuleFactories.swift /Users/apple/Plnmo/app/node_modules/expo-modules-core/ios/Core/ModuleHolder.swift /Users/apple/Plnmo/app/node_modules/expo-modules-core/ios/AppDelegates/ModulePriorities.swift /Users/apple/Plnmo/app/node_modules/expo-modules-core/ios/Core/ModuleRegistry.swift /Users/apple/Plnmo/app/node_modules/expo-modules-core/ios/Core/ModulesProvider.swift /Users/apple/Plnmo/app/node_modules/expo-modules-core/ios/Legacy/NativeModulesProxy/NativeModulesProxyModule.swift /Users/apple/Plnmo/app/node_modules/expo-modules-core/ios/Platform/NSLabel.swift /Users/apple/Plnmo/app/node_modules/expo-modules-core/ios/Core/Objects/ObjectDefinition.swift /Users/apple/Plnmo/app/node_modules/expo-modules-core/ios/Api/Builders/ObjectDefinitionBuilder.swift /Users/apple/Plnmo/app/node_modules/expo-modules-core/ios/Api/Factories/ObjectFactories.swift /Users/apple/Plnmo/app/node_modules/expo-modules-core/ios/Core/Logging/PersistentFileLog.swift /Users/apple/Plnmo/app/node_modules/expo-modules-core/ios/Platform/Platform.swift /Users/apple/Plnmo/app/node_modules/expo-modules-core/ios/Core/Promise.swift /Users/apple/Plnmo/app/node_modules/expo-modules-core/ios/Core/Objects/PropertyDefinition.swift /Users/apple/Plnmo/app/node_modules/expo-modules-core/ios/Api/Factories/PropertyFactories.swift /Users/apple/Plnmo/app/node_modules/expo-modules-core/ios/AppDelegates/ReactNativeFactoryProvider.swift /Users/apple/Plnmo/app/node_modules/expo-modules-core/ios/Core/Records/Record.swift /Users/apple/Plnmo/app/node_modules/expo-modules-core/ios/Core/SharedObjects/SharedObject.swift /Users/apple/Plnmo/app/node_modules/expo-modules-core/ios/Core/SharedObjects/SharedObjectRegistry.swift /Users/apple/Plnmo/app/node_modules/expo-modules-core/ios/Core/SharedObjects/SharedRef.swift /Users/apple/Plnmo/app/node_modules/expo-modules-core/ios/Core/Views/SwiftUI/SwiftUIHostingView.swift /Users/apple/Plnmo/app/node_modules/expo-modules-core/ios/Core/Views/SwiftUI/SwiftUILayoutMetrics.swift /Users/apple/Plnmo/app/node_modules/expo-modules-core/ios/Core/Views/SwiftUI/SwiftUIShadowNodeProxy.swift /Users/apple/Plnmo/app/node_modules/expo-modules-core/ios/Core/Views/SwiftUI/SwiftUIViewDefinition.swift /Users/apple/Plnmo/app/node_modules/expo-modules-core/ios/Core/Views/SwiftUI/SwiftUIViewDefinitionBuilder.swift /Users/apple/Plnmo/app/node_modules/expo-modules-core/ios/Core/Views/SwiftUI/SwiftUIViewDefinitionDefaultProps.swift /Users/apple/Plnmo/app/node_modules/expo-modules-core/ios/Core/Views/SwiftUI/SwiftUIViewFrameObserver.swift /Users/apple/Plnmo/app/node_modules/expo-modules-core/ios/Core/Views/SwiftUI/SwiftUIViewHost.swift /Users/apple/Plnmo/app/node_modules/expo-modules-core/ios/Core/Views/SwiftUI/SwiftUIViewProps.swift /Users/apple/Plnmo/app/node_modules/expo-modules-core/ios/Core/Views/SwiftUI/SwiftUIVirtualView.swift /Users/apple/Plnmo/app/node_modules/expo-modules-core/ios/Core/Functions/SyncFunctionDefinition.swift /Users/apple/Plnmo/app/node_modules/expo-modules-core/ios/Api/Factories/SyncFunctionFactories.swift /Users/apple/Plnmo/app/node_modules/expo-modules-core/ios/Core/TypedArrays/TypedArray.swift /Users/apple/Plnmo/app/node_modules/expo-modules-core/ios/Core/Exceptions/UnexpectedException.swift /Users/apple/Plnmo/app/node_modules/expo-modules-core/ios/Core/Views/UnimplementedExpoView.swift /Users/apple/Plnmo/app/node_modules/expo-modules-core/ios/DevTools/URLAuthenticationChallengeForwardSender.swift /Users/apple/Plnmo/app/node_modules/expo-modules-core/ios/DevTools/URLRequest+httpBodyData.swift /Users/apple/Plnmo/app/node_modules/expo-modules-core/ios/DevTools/URLSessionSessionDelegateProxy.swift /Users/apple/Plnmo/app/node_modules/expo-modules-core/ios/Utilities.swift /Users/apple/Plnmo/app/node_modules/expo-modules-core/ios/Uuidv5/Uuidv5.swift /Users/apple/Plnmo/app/node_modules/expo-modules-core/ios/Core/Views/SwiftUI/View+Modifiers.swift /Users/apple/Plnmo/app/node_modules/expo-modules-core/ios/Core/Views/ViewDefinition.swift /Users/apple/Plnmo/app/node_modules/expo-modules-core/ios/Api/Builders/ViewDefinitionBuilder.swift /Users/apple/Plnmo/app/node_modules/expo-modules-core/ios/Api/Factories/ViewFactories.swift /Users/apple/Plnmo/app/node_modules/expo-modules-core/ios/Core/Views/ViewLifecycleMethod.swift /Users/apple/Plnmo/app/node_modules/expo-modules-core/ios/Core/Views/ViewModuleWrapper.swift (in target 'ExpoModulesCore' from project 'Pods')
    cd /Users/apple/Plnmo/app/ios/Pods
    builtin-swiftTaskExecution -- /Applications/Xcode.app/Contents/Developer/Toolchains/XcodeDefault.xctoolchain/usr/bin/swift-frontend -frontend -c -filelist /Users/apple/Library/Developer/Xcode/DerivedData/Planmoni-fdypulhkiungwycuxcfoxcpgffow/Build/Intermediates.noindex/Pods.build/Debug-iphonesimulator/ExpoModulesCore.build/Objects-normal/arm64/sources-1 -supplementary-output-file-map /Users/apple/Library/Developer/Xcode/DerivedData/Planmoni-fdypulhkiungwycuxcfoxcpgffow/Build/Intermediates.noindex/Pods.build/Debug-iphonesimulator/ExpoModulesCore.build/Objects-normal/arm64/supplementaryOutputs-1 -target arm64-apple-ios15.1-simulator -Xllvm -aarch64-use-tbi -enable-objc-interop -sdk /Applications/Xcode.app/Contents/Developer/Platforms/iPhoneSimulator.platform/Developer/SDKs/iPhoneSimulator17.5.sdk -I /Users/apple/Library/Developer/Xcode/DerivedData/Planmoni-fdypulhkiungwycuxcfoxcpgffow/Build/Products/Debug-iphonesimulator/ExpoModulesCore -F /Users/apple/Library/Developer/Xcode/DerivedData/Planmoni-fdypulhkiungwycuxcfoxcpgffow/Build/Products/Debug-iphonesimulator/ExpoModulesCore -F /Users/apple/Plnmo/app/ios/Pods/hermes-engine/destroot/Library/Frameworks/universal -F /Users/apple/Library/Developer/Xcode/DerivedData/Planmoni-fdypulhkiungwycuxcfoxcpgffow/Build/Products/Debug-iphonesimulator/XCFrameworkIntermediates/hermes-engine/Pre-built -no-color-diagnostics -enable-testing -g -import-underlying-module -module-cache-path /Users/apple/Library/Developer/Xcode/DerivedData/ModuleCache.noindex -swift-version 5 -enforce-exclusivity\=checked -Onone -D DEBUG -D COCOAPODS -D RCT_NEW_ARCH_ENABLED -serialize-debugging-options -const-gather-protocols-file /Users/apple/Library/Developer/Xcode/DerivedData/Planmoni-fdypulhkiungwycuxcfoxcpgffow/Build/Intermediates.noindex/Pods.build/Debug-iphonesimulator/ExpoModulesCore.build/Objects-normal/arm64/ExpoModulesCore_const_extract_protocols.json -enable-bare-slash-regex -empty-abi-descriptor -validate-clang-modules-once -clang-build-session-file /Users/apple/Library/Developer/Xcode/DerivedData/ModuleCache.noindex/Session.modulevalidation -Xcc -working-directory -Xcc /Users/apple/Plnmo/app/ios/Pods -resource-dir /Applications/Xcode.app/Contents/Developer/Toolchains/XcodeDefault.xctoolchain/usr/lib/swift -enable-anonymous-context-mangled-names -Xcc -fmodule-map-file\=/Users/apple/Plnmo/app/ios/Pods/Headers/Public/DoubleConversion/DoubleConversion.modulemap -Xcc -fmodule-map-file\=/Users/apple/Plnmo/app/ios/Pods/Headers/Public/RCTDeprecation/RCTDeprecation.modulemap -Xcc -fmodule-map-file\=/Users/apple/Plnmo/app/ios/Pods/Headers/Public/RCTFabric/React-RCTFabric.modulemap -Xcc -fmodule-map-file\=/Users/apple/Plnmo/app/ios/Pods/Headers/Public/RCTRuntime/React-RCTRuntime.modulemap -Xcc -fmodule-map-file\=/Users/apple/Plnmo/app/ios/Pods/Headers/Public/RCTTypeSafety/RCTTypeSafety.modulemap -Xcc -fmodule-map-file\=/Users/apple/Plnmo/app/ios/Pods/Headers/Public/React/React-Core.modulemap -Xcc -fmodule-map-file\=/Users/apple/Plnmo/app/ios/Pods/Headers/Public/ReactCodegen/ReactCodegen.modulemap -Xcc -fmodule-map-file\=/Users/apple/Plnmo/app/ios/Pods/Headers/Public/ReactCommon/ReactCommon.modulemap -Xcc -fmodule-map-file\=/Users/apple/Plnmo/app/ios/Pods/Headers/Public/React_Fabric/React-Fabric.modulemap -Xcc -fmodule-map-file\=/Users/apple/Plnmo/app/ios/Pods/Headers/Public/React_FabricComponents/React-FabricComponents.modulemap -Xcc -fmodule-map-file\=/Users/apple/Plnmo/app/ios/Pods/Headers/Public/React_NativeModulesApple/React-NativeModulesApple.modulemap -Xcc -fmodule-map-file\=/Users/apple/Plnmo/app/ios/Pods/Headers/Public/React_RCTAppDelegate/React-RCTAppDelegate.modulemap -Xcc -fmodule-map-file\=/Users/apple/Plnmo/app/ios/Pods/Headers/Public/folly/RCT-Folly.modulemap -Xcc -fmodule-map-file\=/Users/apple/Plnmo/app/ios/Pods/Headers/Public/glog/glog.modulemap -Xcc -fmodule-map-file\=/Users/apple/Plnmo/app/ios/Pods/Headers/Public/jsi/React-jsi.modulemap -Xcc -fmodule-map-file\=/Users/apple/Plnmo/app/ios/Pods/Headers/Public/jsinspector_modern/React-jsinspector.modulemap -Xcc -fmodule-map-file\=/Users/apple/Plnmo/app/ios/Pods/Headers/Public/jsinspector_modern_tracing/React-jsinspectortracing.modulemap -Xcc -fmodule-map-file\=/Users/apple/Plnmo/app/ios/Pods/Headers/Public/react_debug/React-debug.modulemap -Xcc -fmodule-map-file\=/Users/apple/Plnmo/app/ios/Pods/Headers/Public/react_featureflags/React-featureflags.modulemap -Xcc -fmodule-map-file\=/Users/apple/Plnmo/app/ios/Pods/Headers/Public/react_nativemodule_defaults/React-defaultsnativemodule.modulemap -Xcc -fmodule-map-file\=/Users/apple/Plnmo/app/ios/Pods/Headers/Public/react_nativemodule_dom/React-domnativemodule.modulemap -Xcc -fmodule-map-file\=/Users/apple/Plnmo/app/ios/Pods/Headers/Public/react_nativemodule_featureflags/React-featureflagsnativemodule.modulemap -Xcc -fmodule-map-file\=/Users/apple/Plnmo/app/ios/Pods/Headers/Public/react_nativemodule_idlecallbacks/React-idlecallbacksnativemodule.modulemap -Xcc -fmodule-map-file\=/Users/apple/Plnmo/app/ios/Pods/Headers/Public/react_nativemodule_microtasks/React-microtasksnativemodule.modulemap -Xcc -fmodule-map-file\=/Users/apple/Plnmo/app/ios/Pods/Headers/Public/react_renderer_css/React-renderercss.modulemap -Xcc -fmodule-map-file\=/Users/apple/Plnmo/app/ios/Pods/Headers/Public/react_renderer_debug/React-rendererdebug.modulemap -Xcc -fmodule-map-file\=/Users/apple/Plnmo/app/ios/Pods/Headers/Public/react_renderer_graphics/React-graphics.modulemap -Xcc -fmodule-map-file\=/Users/apple/Plnmo/app/ios/Pods/Headers/Public/react_renderer_imagemanager/React-ImageManager.modulemap -Xcc -fmodule-map-file\=/Users/apple/Plnmo/app/ios/Pods/Headers/Public/react_runtime/React-jsitooling.modulemap -Xcc -fmodule-map-file\=/Users/apple/Plnmo/app/ios/Pods/Headers/Public/react_utils/React-utils.modulemap -Xcc -fmodule-map-file\=/Users/apple/Plnmo/app/ios/Pods/Headers/Public/reacthermes/React-hermes.modulemap -Xcc -fmodule-map-file\=/Users/apple/Plnmo/app/ios/Pods/Headers/Public/yoga/Yoga.modulemap -Xcc -fmodule-map-file\=/Users/apple/Plnmo/app/ios/Pods/Headers/Public/ExpoModulesCore/ExpoModulesCore.modulemap -Xcc -ivfsstatcache -Xcc /Users/apple/Library/Developer/Xcode/DerivedData/SDKStatCaches.noindex/iphonesimulator17.5-21F77-c098706a9f71eba4e76ae92ab367209a.sdkstatcache -Xcc -I/Users/apple/Library/Developer/Xcode/DerivedData/Planmoni-fdypulhkiungwycuxcfoxcpgffow/Build/Intermediates.noindex/Pods.build/Debug-iphonesimulator/ExpoModulesCore.build/swift-overrides.hmap -Xcc -iquote -Xcc /Users/apple/Library/Developer/Xcode/DerivedData/Planmoni-fdypulhkiungwycuxcfoxcpgffow/Build/Intermediates.noindex/Pods.build/Debug-iphonesimulator/ExpoModulesCore.build/ExpoModulesCore-generated-files.hmap -Xcc -I/Users/apple/Library/Developer/Xcode/DerivedData/Planmoni-fdypulhkiungwycuxcfoxcpgffow/Build/Intermediates.noindex/Pods.build/Debug-iphonesimulator/ExpoModulesCore.build/ExpoModulesCore-own-target-headers.hmap -Xcc -I/Users/apple/Library/Developer/Xcode/DerivedData/Planmoni-fdypulhkiungwycuxcfoxcpgffow/Build/Intermediates.noindex/Pods.build/Debug-iphonesimulator/ExpoModulesCore.build/ExpoModulesCore-all-non-framework-target-headers.hmap -Xcc -ivfsoverlay -Xcc /Users/apple/Library/Developer/Xcode/DerivedData/Planmoni-fdypulhkiungwycuxcfoxcpgffow/Build/Intermediates.noindex/Pods.build/Debug-iphonesimulator/ExpoModulesCore.build/all-product-headers.yaml -Xcc -iquote -Xcc /Users/apple/Library/Developer/Xcode/DerivedData/Planmoni-fdypulhkiungwycuxcfoxcpgffow/Build/Intermediates.noindex/Pods.build/Debug-iphonesimulator/ExpoModulesCore.build/ExpoModulesCore-project-headers.hmap -Xcc -I/Users/apple/Library/Developer/Xcode/DerivedData/Planmoni-fdypulhkiungwycuxcfoxcpgffow/Build/Products/Debug-iphonesimulator/ExpoModulesCore/include -Xcc -I/Users/apple/Plnmo/app/ios/Pods/Headers/Private -Xcc -I/Users/apple/Plnmo/app/ios/Pods/Headers/Private/ExpoModulesCore -Xcc -I/Users/apple/Plnmo/app/ios/Pods/Headers/Public -Xcc -I/Users/apple/Plnmo/app/ios/Pods/Headers/Public/DoubleConversion -Xcc -I/Users/apple/Plnmo/app/ios/Pods/Headers/Public/ExpoModulesCore -Xcc -I/Users/apple/Plnmo/app/ios/Pods/Headers/Public/FBLazyVector -Xcc -I/Users/apple/Plnmo/app/ios/Pods/Headers/Public/RCT-Folly -Xcc -I/Users/apple/Plnmo/app/ios/Pods/Headers/Public/RCTRequired -Xcc -I/Users/apple/Plnmo/app/ios/Pods/Headers/Public/RCTTypeSafety -Xcc -I/Users/apple/Plnmo/app/ios/Pods/Headers/Public/React-Core -Xcc -I/Users/apple/Plnmo/app/ios/Pods/Headers/Public/React-Fabric -Xcc -I/Users/apple/Plnmo/app/ios/Pods/Headers/Public/React-FabricComponents -Xcc -I/Users/apple/Plnmo/app/ios/Pods/Headers/Public/React-FabricImage -Xcc -I/Users/apple/Plnmo/app/ios/Pods/Headers/Public/React-ImageManager -Xcc -I/Users/apple/Plnmo/app/ios/Pods/Headers/Public/React-Mapbuffer -Xcc -I/Users/apple/Plnmo/app/ios/Pods/Headers/Public/React-NativeModulesApple -Xcc -I/Users/apple/Plnmo/app/ios/Pods/Headers/Public/React-RCTAnimation -Xcc -I/Users/apple/Plnmo/app/ios/Pods/Headers/Public/React-RCTBlob -Xcc -I/Users/apple/Plnmo/app/ios/Pods/Headers/Public/React-RCTFBReactNativeSpec -Xcc -I/Users/apple/Plnmo/app/ios/Pods/Headers/Public/React-RCTFabric -Xcc -I/Users/apple/Plnmo/app/ios/Pods/Headers/Public/React-RCTRuntime -Xcc -I/Users/apple/Plnmo/app/ios/Pods/Headers/Public/React-RCTText -Xcc -I/Users/apple/Plnmo/app/ios/Pods/Headers/Public/React-RuntimeApple -Xcc -I/Users/apple/Plnmo/app/ios/Pods/Headers/Public/React-RuntimeCore -Xcc -I/Users/apple/Plnmo/app/ios/Pods/Headers/Public/React-RuntimeHermes -Xcc -I/Users/apple/Plnmo/app/ios/Pods/Headers/Public/React-callinvoker -Xcc -I/Users/apple/Plnmo/app/ios/Pods/Headers/Public/React-cxxreact -Xcc -I/Users/apple/Plnmo/app/ios/Pods/Headers/Public/React-debug -Xcc -I/Users/apple/Plnmo/app/ios/Pods/Headers/Public/React-defaultsnativemodule -Xcc -I/Users/apple/Plnmo/app/ios/Pods/Headers/Public/React-domnativemodule -Xcc -I/Users/apple/Plnmo/app/ios/Pods/Headers/Public/React-featureflags -Xcc -I/Users/apple/Plnmo/app/ios/Pods/Headers/Public/React-featureflagsnativemodule -Xcc -I/Users/apple/Plnmo/app/ios/Pods/Headers/Public/React-graphics -Xcc -I/Users/apple/Plnmo/app/ios/Pods/Headers/Public/React-hermes -Xcc -I/Users/apple/Plnmo/app/ios/Pods/Headers/Public/React-idlecallbacksnativemodule -Xcc -I/Users/apple/Plnmo/app/ios/Pods/Headers/Public/React-jserrorhandler -Xcc -I/Users/apple/Plnmo/app/ios/Pods/Headers/Public/React-jsi -Xcc -I/Users/apple/Plnmo/app/ios/Pods/Headers/Public/React-jsiexecutor -Xcc -I/Users/apple/Plnmo/app/ios/Pods/Headers/Public/React-jsinspector -Xcc -I/Users/apple/Plnmo/app/ios/Pods/Headers/Public/React-jsinspectortracing -Xcc -I/Users/apple/Plnmo/app/ios/Pods/Headers/Public/React-jsitooling -Xcc -I/Users/apple/Plnmo/app/ios/Pods/Headers/Public/React-logger -Xcc -I/Users/apple/Plnmo/app/ios/Pods/Headers/Public/React-microtasksnativemodule -Xcc -I/Users/apple/Plnmo/app/ios/Pods/Headers/Public/React-oscompat -Xcc -I/Users/apple/Plnmo/app/ios/Pods/Headers/Public/React-perflogger -Xcc -I/Users/apple/Plnmo/app/ios/Pods/Headers/Public/React-performancetimeline -Xcc -I/Users/apple/Plnmo/app/ios/Pods/Headers/Public/React-rendererconsistency -Xcc -I/Users/apple/Plnmo/app/ios/Pods/Headers/Public/React-renderercss -Xcc -I/Users/apple/Plnmo/app/ios/Pods/Headers/Public/React-rendererdebug -Xcc -I/Users/apple/Plnmo/app/ios/Pods/Headers/Public/React-runtimeexecutor -Xcc -I/Users/apple/Plnmo/app/ios/Pods/Headers/Public/React-runtimescheduler -Xcc -I/Users/apple/Plnmo/app/ios/Pods/Headers/Public/React-timing -Xcc -I/Users/apple/Plnmo/app/ios/Pods/Headers/Public/React-utils -Xcc -I/Users/apple/Plnmo/app/ios/Pods/Headers/Public/ReactCodegen -Xcc -I/Users/apple/Plnmo/app/ios/Pods/Headers/Public/ReactCommon -Xcc -I/Users/apple/Plnmo/app/ios/Pods/Headers/Public/Yoga -Xcc -I/Users/apple/Plnmo/app/ios/Pods/Headers/Public/boost -Xcc -I/Users/apple/Plnmo/app/ios/Pods/Headers/Public/fast_float -Xcc -I/Users/apple/Plnmo/app/ios/Pods/Headers/Public/fmt -Xcc -I/Users/apple/Plnmo/app/ios/Pods/Headers/Public/glog -Xcc -I/Users/apple/Plnmo/app/ios/Pods/Headers/Public/hermes-engine -Xcc -I/Users/apple/Library/Developer/Xcode/DerivedData/Planmoni-fdypulhkiungwycuxcfoxcpgffow/Build/Products/Debug-iphonesimulator/React-jsinspector/jsinspector_modern.framework/Headers -Xcc -I/Users/apple/Plnmo/app/ios/Pods/boost -Xcc -I/Users/apple/Plnmo/app/ios/Pods/Headers/Private/Yoga -Xcc -I/Users/apple/Library/Developer/Xcode/DerivedData/Planmoni-fdypulhkiungwycuxcfoxcpgffow/Build/Intermediates.noindex/Pods.build/Debug-iphonesimulator/ExpoModulesCore.build/DerivedSources-normal/arm64 -Xcc -I/Users/apple/Library/Developer/Xcode/DerivedData/Planmoni-fdypulhkiungwycuxcfoxcpgffow/Build/Intermediates.noindex/Pods.build/Debug-iphonesimulator/ExpoModulesCore.build/DerivedSources/arm64 -Xcc -I/Users/apple/Library/Developer/Xcode/DerivedData/Planmoni-fdypulhkiungwycuxcfoxcpgffow/Build/Intermediates.noindex/Pods.build/Debug-iphonesimulator/ExpoModulesCore.build/DerivedSources -Xcc -DPOD_CONFIGURATION_DEBUG\=1 -Xcc -DDEBUG\=1 -Xcc -DCOCOAPODS\=1 -Xcc -DPOD_CONFIGURATION_DEBUG\=1 -Xcc -DDEBUG\=1 -Xcc -DEXPO_MODULES_CORE_VERSION\=2.5.0 -module-name ExpoModulesCore -frontend-parseable-output -disable-clang-spi -target-sdk-version 17.5 -target-sdk-name iphonesimulator17.5 -external-plugin-path /Applications/Xcode.app/Contents/Developer/Platforms/iPhoneSimulator.platform/Developer/SDKs/iPhoneSimulator17.5.sdk/usr/lib/swift/host/plugins\#/Applications/Xcode.app/Contents/Developer/Platforms/iPhoneSimulator.platform/Developer/SDKs/iPhoneSimulator17.5.sdk/usr/bin/swift-plugin-server -external-plugin-path /Applications/Xcode.app/Contents/Developer/Platforms/iPhoneSimulator.platform/Developer/SDKs/iPhoneSimulator17.5.sdk/usr/local/lib/swift/host/plugins\#/Applications/Xcode.app/Contents/Developer/Platforms/iPhoneSimulator.platform/Developer/SDKs/iPhoneSimulator17.5.sdk/usr/bin/swift-plugin-server -external-plugin-path /Applications/Xcode.app/Contents/Developer/Platforms/iPhoneOS.platform/Developer/usr/lib/swift/host/plugins\#/Applications/Xcode.app/Contents/Developer/Platforms/iPhoneOS.platform/Developer/usr/bin/swift-plugin-server -external-plugin-path /Applications/Xcode.app/Contents/Developer/Platforms/iPhoneOS.platform/Developer/usr/local/lib/swift/host/plugins\#/Applications/Xcode.app/Contents/Developer/Platforms/iPhoneOS.platform/Developer/usr/bin/swift-plugin-server -plugin-path /Applications/Xcode.app/Contents/Developer/Toolchains/XcodeDefault.xctoolchain/usr/lib/swift/host/plugins -plugin-path /Applications/Xcode.app/Contents/Developer/Toolchains/XcodeDefault.xctoolchain/usr/local/lib/swift/host/plugins -num-threads 8 -output-filelist /Users/apple/Library/Developer/Xcode/DerivedData/Planmoni-fdypulhkiungwycuxcfoxcpgffow/Build/Intermediates.noindex/Pods.build/Debug-iphonesimulator/ExpoModulesCore.build/Objects-normal/arm64/outputs-1 -index-unit-output-path-filelist /Users/apple/Library/Developer/Xcode/DerivedData/Planmoni-fdypulhkiungwycuxcfoxcpgffow/Build/Intermediates.noindex/Pods.build/Debug-iphonesimulator/ExpoModulesCore.build/Objects-normal/arm64/index-unit-outputs-1 -index-store-path /Users/apple/Library/Developer/Xcode/DerivedData/Planmoni-fdypulhkiungwycuxcfoxcpgffow/Index.noindex/DataStore -index-system-modules

CompileSwift normal arm64 (in target 'ExpoModulesCore' from project 'Pods')
    cd /Users/apple/Plnmo/app/ios/Pods
    /Applications/Xcode.app/Contents/Developer/Toolchains/XcodeDefault.xctoolchain/usr/bin/swift-frontend -c -filelist /Users/apple/Library/Developer/Xcode/DerivedData/Planmoni-fdypulhkiungwycuxcfoxcpgffow/Build/Intermediates.noindex/Pods.build/Debug-iphonesimulator/ExpoModulesCore.build/Objects-normal/arm64/sources-1 -supplementary-output-file-map /Users/apple/Library/Developer/Xcode/DerivedData/Planmoni-fdypulhkiungwycuxcfoxcpgffow/Build/Intermediates.noindex/Pods.build/Debug-iphonesimulator/ExpoModulesCore.build/Objects-normal/arm64/supplementaryOutputs-1 -target arm64-apple-ios15.1-simulator -Xllvm -aarch64-use-tbi -enable-objc-interop -sdk /Applications/Xcode.app/Contents/Developer/Platforms/iPhoneSimulator.platform/Developer/SDKs/iPhoneSimulator17.5.sdk -I /Users/apple/Library/Developer/Xcode/DerivedData/Planmoni-fdypulhkiungwycuxcfoxcpgffow/Build/Products/Debug-iphonesimulator/ExpoModulesCore -F /Users/apple/Library/Developer/Xcode/DerivedData/Planmoni-fdypulhkiungwycuxcfoxcpgffow/Build/Products/Debug-iphonesimulator/ExpoModulesCore -F /Users/apple/Plnmo/app/ios/Pods/hermes-engine/destroot/Library/Frameworks/universal -F /Users/apple/Library/Developer/Xcode/DerivedData/Planmoni-fdypulhkiungwycuxcfoxcpgffow/Build/Products/Debug-iphonesimulator/XCFrameworkIntermediates/hermes-engine/Pre-built -no-color-diagnostics -enable-testing -g -import-underlying-module -module-cache-path /Users/apple/Library/Developer/Xcode/DerivedData/ModuleCache.noindex -swift-version 5 -enforce-exclusivity\=checked -Onone -D DEBUG -D COCOAPODS -D RCT_NEW_ARCH_ENABLED -serialize-debugging-options -const-gather-protocols-file /Users/apple/Library/Developer/Xcode/DerivedData/Planmoni-fdypulhkiungwycuxcfoxcpgffow/Build/Intermediates.noindex/Pods.build/Debug-iphonesimulator/ExpoModulesCore.build/Objects-normal/arm64/ExpoModulesCore_const_extract_protocols.json -enable-bare-slash-regex -empty-abi-descriptor -validate-clang-modules-once -clang-build-session-file /Users/apple/Library/Developer/Xcode/DerivedData/ModuleCache.noindex/Session.modulevalidation -Xcc -working-directory -Xcc /Users/apple/Plnmo/app/ios/Pods -resource-dir /Applications/Xcode.app/Contents/Developer/Toolchains/XcodeDefault.xctoolchain/usr/lib/swift -enable-anonymous-context-mangled-names -Xcc -fmodule-map-file\=/Users/apple/Plnmo/app/ios/Pods/Headers/Public/DoubleConversion/DoubleConversion.modulemap -Xcc -fmodule-map-file\=/Users/apple/Plnmo/app/ios/Pods/Headers/Public/RCTDeprecation/RCTDeprecation.modulemap -Xcc -fmodule-map-file\=/Users/apple/Plnmo/app/ios/Pods/Headers/Public/RCTFabric/React-RCTFabric.modulemap -Xcc -fmodule-map-file\=/Users/apple/Plnmo/app/ios/Pods/Headers/Public/RCTRuntime/React-RCTRuntime.modulemap -Xcc -fmodule-map-file\=/Users/apple/Plnmo/app/ios/Pods/Headers/Public/RCTTypeSafety/RCTTypeSafety.modulemap -Xcc -fmodule-map-file\=/Users/apple/Plnmo/app/ios/Pods/Headers/Public/React/React-Core.modulemap -Xcc -fmodule-map-file\=/Users/apple/Plnmo/app/ios/Pods/Headers/Public/ReactCodegen/ReactCodegen.modulemap -Xcc -fmodule-map-file\=/Users/apple/Plnmo/app/ios/Pods/Headers/Public/ReactCommon/ReactCommon.modulemap -Xcc -fmodule-map-file\=/Users/apple/Plnmo/app/ios/Pods/Headers/Public/React_Fabric/React-Fabric.modulemap -Xcc -fmodule-map-file\=/Users/apple/Plnmo/app/ios/Pods/Headers/Public/React_FabricComponents/React-FabricComponents.modulemap -Xcc -fmodule-map-file\=/Users/apple/Plnmo/app/ios/Pods/Headers/Public/React_NativeModulesApple/React-NativeModulesApple.modulemap -Xcc -fmodule-map-file\=/Users/apple/Plnmo/app/ios/Pods/Headers/Public/React_RCTAppDelegate/React-RCTAppDelegate.modulemap -Xcc -fmodule-map-file\=/Users/apple/Plnmo/app/ios/Pods/Headers/Public/folly/RCT-Folly.modulemap -Xcc -fmodule-map-file\=/Users/apple/Plnmo/app/ios/Pods/Headers/Public/glog/glog.modulemap -Xcc -fmodule-map-file\=/Users/apple/Plnmo/app/ios/Pods/Headers/Public/jsi/React-jsi.modulemap -Xcc -fmodule-map-file\=/Users/apple/Plnmo/app/ios/Pods/Headers/Public/jsinspector_modern/React-jsinspector.modulemap -Xcc -fmodule-map-file\=/Users/apple/Plnmo/app/ios/Pods/Headers/Public/jsinspector_modern_tracing/React-jsinspectortracing.modulemap -Xcc -fmodule-map-file\=/Users/apple/Plnmo/app/ios/Pods/Headers/Public/react_debug/React-debug.modulemap -Xcc -fmodule-map-file\=/Users/apple/Plnmo/app/ios/Pods/Headers/Public/react_featureflags/React-featureflags.modulemap -Xcc -fmodule-map-file\=/Users/apple/Plnmo/app/ios/Pods/Headers/Public/react_nativemodule_defaults/React-defaultsnativemodule.modulemap -Xcc -fmodule-map-file\=/Users/apple/Plnmo/app/ios/Pods/Headers/Public/react_nativemodule_dom/React-domnativemodule.modulemap -Xcc -fmodule-map-file\=/Users/apple/Plnmo/app/ios/Pods/Headers/Public/react_nativemodule_featureflags/React-featureflagsnativemodule.modulemap -Xcc -fmodule-map-file\=/Users/apple/Plnmo/app/ios/Pods/Headers/Public/react_nativemodule_idlecallbacks/React-idlecallbacksnativemodule.modulemap -Xcc -fmodule-map-file\=/Users/apple/Plnmo/app/ios/Pods/Headers/Public/react_nativemodule_microtasks/React-microtasksnativemodule.modulemap -Xcc -fmodule-map-file\=/Users/apple/Plnmo/app/ios/Pods/Headers/Public/react_renderer_css/React-renderercss.modulemap -Xcc -fmodule-map-file\=/Users/apple/Plnmo/app/ios/Pods/Headers/Public/react_renderer_debug/React-rendererdebug.modulemap -Xcc -fmodule-map-file\=/Users/apple/Plnmo/app/ios/Pods/Headers/Public/react_renderer_graphics/React-graphics.modulemap -Xcc -fmodule-map-file\=/Users/apple/Plnmo/app/ios/Pods/Headers/Public/react_renderer_imagemanager/React-ImageManager.modulemap -Xcc -fmodule-map-file\=/Users/apple/Plnmo/app/ios/Pods/Headers/Public/react_runtime/React-jsitooling.modulemap -Xcc -fmodule-map-file\=/Users/apple/Plnmo/app/ios/Pods/Headers/Public/react_utils/React-utils.modulemap -Xcc -fmodule-map-file\=/Users/apple/Plnmo/app/ios/Pods/Headers/Public/reacthermes/React-hermes.modulemap -Xcc -fmodule-map-file\=/Users/apple/Plnmo/app/ios/Pods/Headers/Public/yoga/Yoga.modulemap -Xcc -fmodule-map-file\=/Users/apple/Plnmo/app/ios/Pods/Headers/Public/ExpoModulesCore/ExpoModulesCore.modulemap -Xcc -ivfsstatcache -Xcc /Users/apple/Library/Developer/Xcode/DerivedData/SDKStatCaches.noindex/iphonesimulator17.5-21F77-c098706a9f71eba4e76ae92ab367209a.sdkstatcache -Xcc -I/Users/apple/Library/Developer/Xcode/DerivedData/Planmoni-fdypulhkiungwycuxcfoxcpgffow/Build/Intermediates.noindex/Pods.build/Debug-iphonesimulator/ExpoModulesCore.build/swift-overrides.hmap -Xcc -iquote -Xcc /Users/apple/Library/Developer/Xcode/DerivedData/Planmoni-fdypulhkiungwycuxcfoxcpgffow/Build/Intermediates.noindex/Pods.build/Debug-iphonesimulator/ExpoModulesCore.build/ExpoModulesCore-generated-files.hmap -Xcc -I/Users/apple/Library/Developer/Xcode/DerivedData/Planmoni-fdypulhkiungwycuxcfoxcpgffow/Build/Intermediates.noindex/Pods.build/Debug-iphonesimulator/ExpoModulesCore.build/ExpoModulesCore-own-target-headers.hmap -Xcc -I/Users/apple/Library/Developer/Xcode/DerivedData/Planmoni-fdypulhkiungwycuxcfoxcpgffow/Build/Intermediates.noindex/Pods.build/Debug-iphonesimulator/ExpoModulesCore.build/ExpoModulesCore-all-non-framework-target-headers.hmap -Xcc -ivfsoverlay -Xcc /Users/apple/Library/Developer/Xcode/DerivedData/Planmoni-fdypulhkiungwycuxcfoxcpgffow/Build/Intermediates.noindex/Pods.build/Debug-iphonesimulator/ExpoModulesCore.build/all-product-headers.yaml -Xcc -iquote -Xcc /Users/apple/Library/Developer/Xcode/DerivedData/Planmoni-fdypulhkiungwycuxcfoxcpgffow/Build/Intermediates.noindex/Pods.build/Debug-iphonesimulator/ExpoModulesCore.build/ExpoModulesCore-project-headers.hmap -Xcc -I/Users/apple/Library/Developer/Xcode/DerivedData/Planmoni-fdypulhkiungwycuxcfoxcpgffow/Build/Products/Debug-iphonesimulator/ExpoModulesCore/include -Xcc -I/Users/apple/Plnmo/app/ios/Pods/Headers/Private -Xcc -I/Users/apple/Plnmo/app/ios/Pods/Headers/Private/ExpoModulesCore -Xcc -I/Users/apple/Plnmo/app/ios/Pods/Headers/Public -Xcc -I/Users/apple/Plnmo/app/ios/Pods/Headers/Public/DoubleConversion -Xcc -I/Users/apple/Plnmo/app/ios/Pods/Headers/Public/ExpoModulesCore -Xcc -I/Users/apple/Plnmo/app/ios/Pods/Headers/Public/FBLazyVector -Xcc -I/Users/apple/Plnmo/app/ios/Pods/Headers/Public/RCT-Folly -Xcc -I/Users/apple/Plnmo/app/ios/Pods/Headers/Public/RCTRequired -Xcc -I/Users/apple/Plnmo/app/ios/Pods/Headers/Public/RCTTypeSafety -Xcc -I/Users/apple/Plnmo/app/ios/Pods/Headers/Public/React-Core -Xcc -I/Users/apple/Plnmo/app/ios/Pods/Headers/Public/React-Fabric -Xcc -I/Users/apple/Plnmo/app/ios/Pods/Headers/Public/React-FabricComponents -Xcc -I/Users/apple/Plnmo/app/ios/Pods/Headers/Public/React-FabricImage -Xcc -I/Users/apple/Plnmo/app/ios/Pods/Headers/Public/React-ImageManager -Xcc -I/Users/apple/Plnmo/app/ios/Pods/Headers/Public/React-Mapbuffer -Xcc -I/Users/apple/Plnmo/app/ios/Pods/Headers/Public/React-NativeModulesApple -Xcc -I/Users/apple/Plnmo/app/ios/Pods/Headers/Public/React-RCTAnimation -Xcc -I/Users/apple/Plnmo/app/ios/Pods/Headers/Public/React-RCTBlob -Xcc -I/Users/apple/Plnmo/app/ios/Pods/Headers/Public/React-RCTFBReactNativeSpec -Xcc -I/Users/apple/Plnmo/app/ios/Pods/Headers/Public/React-RCTFabric -Xcc -I/Users/apple/Plnmo/app/ios/Pods/Headers/Public/React-RCTRuntime -Xcc -I/Users/apple/Plnmo/app/ios/Pods/Headers/Public/React-RCTText -Xcc -I/Users/apple/Plnmo/app/ios/Pods/Headers/Public/React-RuntimeApple -Xcc -I/Users/apple/Plnmo/app/ios/Pods/Headers/Public/React-RuntimeCore -Xcc -I/Users/apple/Plnmo/app/ios/Pods/Headers/Public/React-RuntimeHermes -Xcc -I/Users/apple/Plnmo/app/ios/Pods/Headers/Public/React-callinvoker -Xcc -I/Users/apple/Plnmo/app/ios/Pods/Headers/Public/React-cxxreact -Xcc -I/Users/apple/Plnmo/app/ios/Pods/Headers/Public/React-debug -Xcc -I/Users/apple/Plnmo/app/ios/Pods/Headers/Public/React-defaultsnativemodule -Xcc -I/Users/apple/Plnmo/app/ios/Pods/Headers/Public/React-domnativemodule -Xcc -I/Users/apple/Plnmo/app/ios/Pods/Headers/Public/React-featureflags -Xcc -I/Users/apple/Plnmo/app/ios/Pods/Headers/Public/React-featureflagsnativemodule -Xcc -I/Users/apple/Plnmo/app/ios/Pods/Headers/Public/React-graphics -Xcc -I/Users/apple/Plnmo/app/ios/Pods/Headers/Public/React-hermes -Xcc -I/Users/apple/Plnmo/app/ios/Pods/Headers/Public/React-idlecallbacksnativemodule -Xcc -I/Users/apple/Plnmo/app/ios/Pods/Headers/Public/React-jserrorhandler -Xcc -I/Users/apple/Plnmo/app/ios/Pods/Headers/Public/React-jsi -Xcc -I/Users/apple/Plnmo/app/ios/Pods/Headers/Public/React-jsiexecutor -Xcc -I/Users/apple/Plnmo/app/ios/Pods/Headers/Public/React-jsinspector -Xcc -I/Users/apple/Plnmo/app/ios/Pods/Headers/Public/React-jsinspectortracing -Xcc -I/Users/apple/Plnmo/app/ios/Pods/Headers/Public/React-jsitooling -Xcc -I/Users/apple/Plnmo/app/ios/Pods/Headers/Public/React-logger -Xcc -I/Users/apple/Plnmo/app/ios/Pods/Headers/Public/React-microtasksnativemodule -Xcc -I/Users/apple/Plnmo/app/ios/Pods/Headers/Public/React-oscompat -Xcc -I/Users/apple/Plnmo/app/ios/Pods/Headers/Public/React-perflogger -Xcc -I/Users/apple/Plnmo/app/ios/Pods/Headers/Public/React-performancetimeline -Xcc -I/Users/apple/Plnmo/app/ios/Pods/Headers/Public/React-rendererconsistency -Xcc -I/Users/apple/Plnmo/app/ios/Pods/Headers/Public/React-renderercss -Xcc -I/Users/apple/Plnmo/app/ios/Pods/Headers/Public/React-rendererdebug -Xcc -I/Users/apple/Plnmo/app/ios/Pods/Headers/Public/React-runtimeexecutor -Xcc -I/Users/apple/Plnmo/app/ios/Pods/Headers/Public/React-runtimescheduler -Xcc -I/Users/apple/Plnmo/app/ios/Pods/Headers/Public/React-timing -Xcc -I/Users/apple/Plnmo/app/ios/Pods/Headers/Public/React-utils -Xcc -I/Users/apple/Plnmo/app/ios/Pods/Headers/Public/ReactCodegen -Xcc -I/Users/apple/Plnmo/app/ios/Pods/Headers/Public/ReactCommon -Xcc -I/Users/apple/Plnmo/app/ios/Pods/Headers/Public/Yoga -Xcc -I/Users/apple/Plnmo/app/ios/Pods/Headers/Public/boost -Xcc -I/Users/apple/Plnmo/app/ios/Pods/Headers/Public/fast_float -Xcc -I/Users/apple/Plnmo/app/ios/Pods/Headers/Public/fmt -Xcc -I/Users/apple/Plnmo/app/ios/Pods/Headers/Public/glog -Xcc -I/Users/apple/Plnmo/app/ios/Pods/Headers/Public/hermes-engine -Xcc -I/Users/apple/Library/Developer/Xcode/DerivedData/Planmoni-fdypulhkiungwycuxcfoxcpgffow/Build/Products/Debug-iphonesimulator/React-jsinspector/jsinspector_modern.framework/Headers -Xcc -I/Users/apple/Plnmo/app/ios/Pods/boost -Xcc -I/Users/apple/Plnmo/app/ios/Pods/Headers/Private/Yoga -Xcc -I/Users/apple/Library/Developer/Xcode/DerivedData/Planmoni-fdypulhkiungwycuxcfoxcpgffow/Build/Intermediates.noindex/Pods.build/Debug-iphonesimulator/ExpoModulesCore.build/DerivedSources-normal/arm64 -Xcc -I/Users/apple/Library/Developer/Xcode/DerivedData/Planmoni-fdypulhkiungwycuxcfoxcpgffow/Build/Intermediates.noindex/Pods.build/Debug-iphonesimulator/ExpoModulesCore.build/DerivedSources/arm64 -Xcc -I/Users/apple/Library/Developer/Xcode/DerivedData/Planmoni-fdypulhkiungwycuxcfoxcpgffow/Build/Intermediates.noindex/Pods.build/Debug-iphonesimulator/ExpoModulesCore.build/DerivedSources -Xcc -DPOD_CONFIGURATION_DEBUG\=1 -Xcc -DDEBUG\=1 -Xcc -DCOCOAPODS\=1 -Xcc -DPOD_CONFIGURATION_DEBUG\=1 -Xcc -DDEBUG\=1 -Xcc -DEXPO_MODULES_CORE_VERSION\=2.5.0 -module-name ExpoModulesCore -frontend-parseable-output -disable-clang-spi -target-sdk-version 17.5 -target-sdk-name iphonesimulator17.5 -external-plugin-path /Applications/Xcode.app/Contents/Developer/Platforms/iPhoneSimulator.platform/Developer/SDKs/iPhoneSimulator17.5.sdk/usr/lib/swift/host/plugins\#/Applications/Xcode.app/Contents/Developer/Platforms/iPhoneSimulator.platform/Developer/SDKs/iPhoneSimulator17.5.sdk/usr/bin/swift-plugin-server -external-plugin-path /Applications/Xcode.app/Contents/Developer/Platforms/iPhoneSimulator.platform/Developer/SDKs/iPhoneSimulator17.5.sdk/usr/local/lib/swift/host/plugins\#/Applications/Xcode.app/Contents/Developer/Platforms/iPhoneSimulator.platform/Developer/SDKs/iPhoneSimulator17.5.sdk/usr/bin/swift-plugin-server -external-plugin-path /Applications/Xcode.app/Contents/Developer/Platforms/iPhoneOS.platform/Developer/usr/lib/swift/host/plugins\#/Applications/Xcode.app/Contents/Developer/Platforms/iPhoneOS.platform/Developer/usr/bin/swift-plugin-server -external-plugin-path /Applications/Xcode.app/Contents/Developer/Platforms/iPhoneOS.platform/Developer/usr/local/lib/swift/host/plugins\#/Applications/Xcode.app/Contents/Developer/Platforms/iPhoneOS.platform/Developer/usr/bin/swift-plugin-server -plugin-path /Applications/Xcode.app/Contents/Developer/Toolchains/XcodeDefault.xctoolchain/usr/lib/swift/host/plugins -plugin-path /Applications/Xcode.app/Contents/Developer/Toolchains/XcodeDefault.xctoolchain/usr/local/lib/swift/host/plugins -num-threads 8 -output-filelist /Users/apple/Library/Developer/Xcode/DerivedData/Planmoni-fdypulhkiungwycuxcfoxcpgffow/Build/Intermediates.noindex/Pods.build/Debug-iphonesimulator/ExpoModulesCore.build/Objects-normal/arm64/outputs-1 -index-unit-output-path-filelist /Users/apple/Library/Developer/Xcode/DerivedData/Planmoni-fdypulhkiungwycuxcfoxcpgffow/Build/Intermediates.noindex/Pods.build/Debug-iphonesimulator/ExpoModulesCore.build/Objects-normal/arm64/index-unit-outputs-1 -index-store-path /Users/apple/Library/Developer/Xcode/DerivedData/Planmoni-fdypulhkiungwycuxcfoxcpgffow/Index.noindex/DataStore -index-system-modules
/Users/apple/Plnmo/app/node_modules/expo-modules-core/ios/Core/Views/SwiftUI/AutoSizingStack.swift:4:8: error: cannot find 'proxy' in scope
    if proxy !== ShadowNodeProxy.SHADOW_NODE_MOCK_PROXY {
       ^~~~~
/Users/apple/Plnmo/app/node_modules/expo-modules-core/ios/Core/Views/SwiftUI/AutoSizingStack.swift:4:18: error: cannot find 'ShadowNodeProxy' in scope
    if proxy !== ShadowNodeProxy.SHADOW_NODE_MOCK_PROXY {
                 ^~~~~~~~~~~~~~~
/Users/apple/Plnmo/app/node_modules/expo-modules-core/ios/Core/Views/SwiftUI/AutoSizingStack.swift:6:9: error: cannot find 'content' in scope
        content
        ^~~~~~~
/Users/apple/Plnmo/app/node_modules/expo-modules-core/ios/Core/Views/SwiftUI/AutoSizingStack.swift:12:28: error: cannot find 'axis' in scope
              size.width = axis.contains(.horizontal) ? size.width : ShadowNodeProxy.UNDEFINED_SIZE
                           ^~~~
/Users/apple/Plnmo/app/node_modules/expo-modules-core/ios/Core/Views/SwiftUI/AutoSizingStack.swift:12:70: error: cannot find 'ShadowNodeProxy' in scope
              size.width = axis.contains(.horizontal) ? size.width : ShadowNodeProxy.UNDEFINED_SIZE
                                                                     ^~~~~~~~~~~~~~~
/Users/apple/Plnmo/app/node_modules/expo-modules-core/ios/Core/Views/SwiftUI/AutoSizingStack.swift:13:29: error: cannot find 'axis' in scope
              size.height = axis.contains(.vertical) ? size.height : ShadowNodeProxy.UNDEFINED_SIZE
                            ^~~~
/Users/apple/Plnmo/app/node_modules/expo-modules-core/ios/Core/Views/SwiftUI/AutoSizingStack.swift:13:70: error: cannot find 'ShadowNodeProxy' in scope
              size.height = axis.contains(.vertical) ? size.height : ShadowNodeProxy.UNDEFINED_SIZE
                                                                     ^~~~~~~~~~~~~~~
/Users/apple/Plnmo/app/node_modules/expo-modules-core/ios/Core/Views/SwiftUI/AutoSizingStack.swift:14:15: error: cannot find 'proxy' in scope
              proxy.setViewSize?(size)
              ^~~~~
/Users/apple/Plnmo/app/node_modules/expo-modules-core/ios/Core/Views/SwiftUI/AutoSizingStack.swift:18:28: error: cannot find 'axis' in scope
              size.width = axis.contains(.horizontal) ? size.width : ShadowNodeProxy.UNDEFINED_SIZE
                           ^~~~
/Users/apple/Plnmo/app/node_modules/expo-modules-core/ios/Core/Views/SwiftUI/AutoSizingStack.swift:18:70: error: cannot find 'ShadowNodeProxy' in scope
              size.width = axis.contains(.horizontal) ? size.width : ShadowNodeProxy.UNDEFINED_SIZE
                                                                     ^~~~~~~~~~~~~~~
/Users/apple/Plnmo/app/node_modules/expo-modules-core/ios/Core/Views/SwiftUI/AutoSizingStack.swift:19:29: error: cannot find 'axis' in scope
              size.height = axis.contains(.vertical) ? size.height : ShadowNodeProxy.UNDEFINED_SIZE
                            ^~~~
/Users/apple/Plnmo/app/node_modules/expo-modules-core/ios/Core/Views/SwiftUI/AutoSizingStack.swift:19:70: error: cannot find 'ShadowNodeProxy' in scope
              size.height = axis.contains(.vertical) ? size.height : ShadowNodeProxy.UNDEFINED_SIZE
                                                                     ^~~~~~~~~~~~~~~
/Users/apple/Plnmo/app/node_modules/expo-modules-core/ios/Core/Views/SwiftUI/AutoSizingStack.swift:20:15: error: cannot find 'proxy' in scope
              proxy.setViewSize?(size)
              ^~~~~
/Users/apple/Plnmo/app/node_modules/expo-modules-core/ios/Core/Views/SwiftUI/AutoSizingStack.swift:26:7: error: cannot find 'content' in scope
      content
      ^~~~~~~
/Users/apple/Plnmo/app/node_modules/expo-modules-core/ios/Core/Views/SwiftUI/AutoSizingStack.swift:29:5: error: cannot find 'content' in scope
    content.onAppear {
    ^~~~~~~
/Users/apple/Plnmo/app/node_modules/expo-modules-core/ios/Core/DynamicTypes/DynamicDataType.swift:14:17: warning: cast from 'any AnyDynamicType' to unrelated type 'Data.Type' always fails
    return type is Data.Type
           ~~~~ ^  ~~~~~~~~~
/Users/apple/Plnmo/app/node_modules/expo-modules-core/ios/Core/DynamicTypes/DynamicRawType.swift:10:14: warning: generic parameter 'InnerType' shadows generic parameter from outer scope with the same name; this is an error in Swift 6
  func wraps<InnerType>(_ type: InnerType.Type) -> Bool {
             ^
/Users/apple/Plnmo/app/node_modules/expo-modules-core/ios/Core/DynamicTypes/DynamicRawType.swift:7:32: note: 'InnerType' previously declared here
internal struct DynamicRawType<InnerType>: AnyDynamicType {
                               ^
/Users/apple/Plnmo/app/node_modules/expo-modules-core/ios/Fabric/ExpoFabricView.swift:195:53: warning: use '#selector' instead of explicitly constructing a 'Selector'
    class_replaceMethod(object_getClass(viewClass), Selector("new"), newBlockImp, "@@:")
                                                    ^~~~~~~~~~~~~~~
                                                    #selector(self.new)
/Users/apple/Plnmo/app/node_modules/expo-modules-core/ios/Core/Events/LegacyEventEmitterCompat.swift:27:66: warning: coercion of implicitly unwrappable value of type 'Any?' to 'Any' does not unwrap optional
          JSIUtils.emitEvent(name, to: jsObject, withArguments: [body], in: runtime)
                                                                 ^~~~
/Users/apple/Plnmo/app/node_modules/expo-modules-core/ios/Core/Events/LegacyEventEmitterCompat.swift:12:49: note: implicitly unwrapped parameter 'body' declared here
  public func sendEvent(withName name: String!, body: Any!) {
                                                ^
/Users/apple/Plnmo/app/node_modules/expo-modules-core/ios/Core/Events/LegacyEventEmitterCompat.swift:27:66: note: provide a default value to avoid this warning
          JSIUtils.emitEvent(name, to: jsObject, withArguments: [body], in: runtime)
                                                                 ^~~~
                                                                      ?? <#default value#>
/Users/apple/Plnmo/app/node_modules/expo-modules-core/ios/Core/Events/LegacyEventEmitterCompat.swift:27:66: note: force-unwrap the value to avoid this warning
          JSIUtils.emitEvent(name, to: jsObject, withArguments: [body], in: runtime)
                                                                 ^~~~
                                                                     !
/Users/apple/Plnmo/app/node_modules/expo-modules-core/ios/Core/Events/LegacyEventEmitterCompat.swift:27:66: note: explicitly cast to 'Any' with 'as Any' to silence this warning
          JSIUtils.emitEvent(name, to: jsObject, withArguments: [body], in: runtime)
                                                                 ^~~~
                                                                      as Any
/Users/apple/Plnmo/app/node_modules/expo-modules-core/ios/DevTools/ModuleDefinitionEncoder.swift:133:14: warning: immutable value 'value' was never used; consider replacing with '_' or removing it
    case let value as Dictionary<String, Any>:
             ^~~~~
             _
/Users/apple/Plnmo/app/node_modules/expo-modules-core/ios/DevTools/ModuleDefinitionEncoder.swift:136:14: warning: immutable value 'value' was never used; consider replacing with '_' or removing it
    case let value as Array<Any>:
             ^~~~~
             _
/Users/apple/Plnmo/app/node_modules/expo-modules-core/ios/Core/Logging/PersistentFileLog.swift:121:9: warning: no calls to throwing functions occur within 'try' expression
        try fileHandle.write(data)
        ^
/Users/apple/Plnmo/app/node_modules/expo-modules-core/ios/Core/Views/ViewModuleWrapper.swift:93:15: warning: immutable value 'moduleHolder' was never used; consider replacing with '_' or removing it
    guard let moduleHolder, let viewDefinition else {
          ~~~~^~~~~~~~~~~~
          _

SwiftEmitModule normal arm64 Emitting\ module\ for\ lottie_react_native (in target 'lottie-react-native' from project 'Pods')
    cd /Users/apple/Plnmo/app/ios/Pods
    builtin-swiftTaskExecution -- /Applications/Xcode.app/Contents/Developer/Toolchains/XcodeDefault.xctoolchain/usr/bin/swift-frontend -frontend -emit-module -experimental-skip-non-inlinable-function-bodies-without-types /Users/apple/Plnmo/app/node_modules/lottie-react-native/ios/LottieReactNative/AnimationViewManagerModule.swift /Users/apple/Plnmo/app/node_modules/lottie-react-native/ios/LottieReactNative/ContainerView.swift /Users/apple/Plnmo/app/node_modules/lottie-react-native/ios/LottieReactNative/PlatformColor.swift -target arm64-apple-ios15.1-simulator -Xllvm -aarch64-use-tbi -enable-objc-interop -sdk /Applications/Xcode.app/Contents/Developer/Platforms/iPhoneSimulator.platform/Developer/SDKs/iPhoneSimulator17.5.sdk -I /Users/apple/Library/Developer/Xcode/DerivedData/Planmoni-fdypulhkiungwycuxcfoxcpgffow/Build/Products/Debug-iphonesimulator/lottie-react-native -I /Users/apple/Library/Developer/Xcode/DerivedData/Planmoni-fdypulhkiungwycuxcfoxcpgffow/Build/Products/Debug-iphonesimulator/lottie-ios -F /Users/apple/Library/Developer/Xcode/DerivedData/Planmoni-fdypulhkiungwycuxcfoxcpgffow/Build/Products/Debug-iphonesimulator/lottie-react-native -F /Users/apple/Plnmo/app/ios/Pods/hermes-engine/destroot/Library/Frameworks/universal -F /Users/apple/Library/Developer/Xcode/DerivedData/Planmoni-fdypulhkiungwycuxcfoxcpgffow/Build/Products/Debug-iphonesimulator/XCFrameworkIntermediates/hermes-engine/Pre-built -no-color-diagnostics -enable-testing -g -import-underlying-module -module-cache-path /Users/apple/Library/Developer/Xcode/DerivedData/ModuleCache.noindex -swift-version 5 -enforce-exclusivity\=checked -Onone -D DEBUG -D COCOAPODS -D RCT_NEW_ARCH_ENABLED -serialize-debugging-options -const-gather-protocols-file /Users/apple/Library/Developer/Xcode/DerivedData/Planmoni-fdypulhkiungwycuxcfoxcpgffow/Build/Intermediates.noindex/Pods.build/Debug-iphonesimulator/lottie-react-native.build/Objects-normal/arm64/lottie-react-native_const_extract_protocols.json -enable-bare-slash-regex -empty-abi-descriptor -validate-clang-modules-once -clang-build-session-file /Users/apple/Library/Developer/Xcode/DerivedData/ModuleCache.noindex/Session.modulevalidation -Xcc -working-directory -Xcc /Users/apple/Plnmo/app/ios/Pods -resource-dir /Applications/Xcode.app/Contents/Developer/Toolchains/XcodeDefault.xctoolchain/usr/lib/swift -enable-anonymous-context-mangled-names -Xcc -fmodule-map-file\=/Users/apple/Library/Developer/Xcode/DerivedData/Planmoni-fdypulhkiungwycuxcfoxcpgffow/Build/Products/Debug-iphonesimulator/lottie-ios/Lottie.modulemap -Xcc -fmodule-map-file\=/Users/apple/Plnmo/app/ios/Pods/Headers/Public/DoubleConversion/DoubleConversion.modulemap -Xcc -fmodule-map-file\=/Users/apple/Plnmo/app/ios/Pods/Headers/Public/RCTDeprecation/RCTDeprecation.modulemap -Xcc -fmodule-map-file\=/Users/apple/Plnmo/app/ios/Pods/Headers/Public/RCTFabric/React-RCTFabric.modulemap -Xcc -fmodule-map-file\=/Users/apple/Plnmo/app/ios/Pods/Headers/Public/RCTRuntime/React-RCTRuntime.modulemap -Xcc -fmodule-map-file\=/Users/apple/Plnmo/app/ios/Pods/Headers/Public/RCTTypeSafety/RCTTypeSafety.modulemap -Xcc -fmodule-map-file\=/Users/apple/Plnmo/app/ios/Pods/Headers/Public/React/React-Core.modulemap -Xcc -fmodule-map-file\=/Users/apple/Plnmo/app/ios/Pods/Headers/Public/ReactCodegen/ReactCodegen.modulemap -Xcc -fmodule-map-file\=/Users/apple/Plnmo/app/ios/Pods/Headers/Public/ReactCommon/ReactCommon.modulemap -Xcc -fmodule-map-file\=/Users/apple/Plnmo/app/ios/Pods/Headers/Public/React_Fabric/React-Fabric.modulemap -Xcc -fmodule-map-file\=/Users/apple/Plnmo/app/ios/Pods/Headers/Public/React_FabricComponents/React-FabricComponents.modulemap -Xcc -fmodule-map-file\=/Users/apple/Plnmo/app/ios/Pods/Headers/Public/React_NativeModulesApple/React-NativeModulesApple.modulemap -Xcc -fmodule-map-file\=/Users/apple/Plnmo/app/ios/Pods/Headers/Public/React_RCTAppDelegate/React-RCTAppDelegate.modulemap -Xcc -fmodule-map-file\=/Users/apple/Plnmo/app/ios/Pods/Headers/Public/folly/RCT-Folly.modulemap -Xcc -fmodule-map-file\=/Users/apple/Plnmo/app/ios/Pods/Headers/Public/glog/glog.modulemap -Xcc -fmodule-map-file\=/Users/apple/Plnmo/app/ios/Pods/Headers/Public/jsi/React-jsi.modulemap -Xcc -fmodule-map-file\=/Users/apple/Plnmo/app/ios/Pods/Headers/Public/jsinspector_modern/React-jsinspector.modulemap -Xcc -fmodule-map-file\=/Users/apple/Plnmo/app/ios/Pods/Headers/Public/jsinspector_modern_tracing/React-jsinspectortracing.modulemap -Xcc -fmodule-map-file\=/Users/apple/Plnmo/app/ios/Pods/Headers/Public/react_debug/React-debug.modulemap -Xcc -fmodule-map-file\=/Users/apple/Plnmo/app/ios/Pods/Headers/Public/react_featureflags/React-featureflags.modulemap -Xcc -fmodule-map-file\=/Users/apple/Plnmo/app/ios/Pods/Headers/Public/react_nativemodule_defaults/React-defaultsnativemodule.modulemap -Xcc -fmodule-map-file\=/Users/apple/Plnmo/app/ios/Pods/Headers/Public/react_nativemodule_dom/React-domnativemodule.modulemap -Xcc -fmodule-map-file\=/Users/apple/Plnmo/app/ios/Pods/Headers/Public/react_nativemodule_featureflags/React-featureflagsnativemodule.modulemap -Xcc -fmodule-map-file\=/Users/apple/Plnmo/app/ios/Pods/Headers/Public/react_nativemodule_idlecallbacks/React-idlecallbacksnativemodule.modulemap -Xcc -fmodule-map-file\=/Users/apple/Plnmo/app/ios/Pods/Headers/Public/react_nativemodule_microtasks/React-microtasksnativemodule.modulemap -Xcc -fmodule-map-file\=/Users/apple/Plnmo/app/ios/Pods/Headers/Public/react_renderer_css/React-renderercss.modulemap -Xcc -fmodule-map-file\=/Users/apple/Plnmo/app/ios/Pods/Headers/Public/react_renderer_debug/React-rendererdebug.modulemap -Xcc -fmodule-map-file\=/Users/apple/Plnmo/app/ios/Pods/Headers/Public/react_renderer_graphics/React-graphics.modulemap -Xcc -fmodule-map-file\=/Users/apple/Plnmo/app/ios/Pods/Headers/Public/react_renderer_imagemanager/React-ImageManager.modulemap -Xcc -fmodule-map-file\=/Users/apple/Plnmo/app/ios/Pods/Headers/Public/react_runtime/React-jsitooling.modulemap -Xcc -fmodule-map-file\=/Users/apple/Plnmo/app/ios/Pods/Headers/Public/react_utils/React-utils.modulemap -Xcc -fmodule-map-file\=/Users/apple/Plnmo/app/ios/Pods/Headers/Public/reacthermes/React-hermes.modulemap -Xcc -fmodule-map-file\=/Users/apple/Plnmo/app/ios/Pods/Headers/Public/yoga/Yoga.modulemap -Xcc -fmodule-map-file\=/Users/apple/Plnmo/app/ios/Pods/Headers/Public/lottie_react_native/lottie-react-native.modulemap -Xcc -ivfsstatcache -Xcc /Users/apple/Library/Developer/Xcode/DerivedData/SDKStatCaches.noindex/iphonesimulator17.5-21F77-c098706a9f71eba4e76ae92ab367209a.sdkstatcache -Xcc -I/Users/apple/Library/Developer/Xcode/DerivedData/Planmoni-fdypulhkiungwycuxcfoxcpgffow/Build/Intermediates.noindex/Pods.build/Debug-iphonesimulator/lottie-react-native.build/swift-overrides.hmap -Xcc -iquote -Xcc /Users/apple/Library/Developer/Xcode/DerivedData/Planmoni-fdypulhkiungwycuxcfoxcpgffow/Build/Intermediates.noindex/Pods.build/Debug-iphonesimulator/lottie-react-native.build/lottie-react-native-generated-files.hmap -Xcc -I/Users/apple/Library/Developer/Xcode/DerivedData/Planmoni-fdypulhkiungwycuxcfoxcpgffow/Build/Intermediates.noindex/Pods.build/Debug-iphonesimulator/lottie-react-native.build/lottie-react-native-own-target-headers.hmap -Xcc -I/Users/apple/Library/Developer/Xcode/DerivedData/Planmoni-fdypulhkiungwycuxcfoxcpgffow/Build/Intermediates.noindex/Pods.build/Debug-iphonesimulator/lottie-react-native.build/lottie-react-native-all-non-framework-target-headers.hmap -Xcc -ivfsoverlay -Xcc /Users/apple/Library/Developer/Xcode/DerivedData/Planmoni-fdypulhkiungwycuxcfoxcpgffow/Build/Intermediates.noindex/Pods.build/Debug-iphonesimulator/lottie-react-native.build/all-product-headers.yaml -Xcc -iquote -Xcc /Users/apple/Library/Developer/Xcode/DerivedData/Planmoni-fdypulhkiungwycuxcfoxcpgffow/Build/Intermediates.noindex/Pods.build/Debug-iphonesimulator/lottie-react-native.build/lottie-react-native-project-headers.hmap -Xcc -I/Users/apple/Library/Developer/Xcode/DerivedData/Planmoni-fdypulhkiungwycuxcfoxcpgffow/Build/Products/Debug-iphonesimulator/lottie-react-native/include -Xcc -I/Users/apple/Plnmo/app/ios/Pods/Headers/Private -Xcc -I/Users/apple/Plnmo/app/ios/Pods/Headers/Private/lottie-react-native -Xcc -I/Users/apple/Plnmo/app/ios/Pods/Headers/Public -Xcc -I/Users/apple/Plnmo/app/ios/Pods/Headers/Public/DoubleConversion -Xcc -I/Users/apple/Plnmo/app/ios/Pods/Headers/Public/FBLazyVector -Xcc -I/Users/apple/Plnmo/app/ios/Pods/Headers/Public/RCT-Folly -Xcc -I/Users/apple/Plnmo/app/ios/Pods/Headers/Public/RCTRequired -Xcc -I/Users/apple/Plnmo/app/ios/Pods/Headers/Public/RCTTypeSafety -Xcc -I/Users/apple/Plnmo/app/ios/Pods/Headers/Public/React-Core -Xcc -I/Users/apple/Plnmo/app/ios/Pods/Headers/Public/React-Fabric -Xcc -I/Users/apple/Plnmo/app/ios/Pods/Headers/Public/React-FabricComponents -Xcc -I/Users/apple/Plnmo/app/ios/Pods/Headers/Public/React-FabricImage -Xcc -I/Users/apple/Plnmo/app/ios/Pods/Headers/Public/React-ImageManager -Xcc -I/Users/apple/Plnmo/app/ios/Pods/Headers/Public/React-Mapbuffer -Xcc -I/Users/apple/Plnmo/app/ios/Pods/Headers/Public/React-NativeModulesApple -Xcc -I/Users/apple/Plnmo/app/ios/Pods/Headers/Public/React-RCTAnimation -Xcc -I/Users/apple/Plnmo/app/ios/Pods/Headers/Public/React-RCTBlob -Xcc -I/Users/apple/Plnmo/app/ios/Pods/Headers/Public/React-RCTFBReactNativeSpec -Xcc -I/Users/apple/Plnmo/app/ios/Pods/Headers/Public/React-RCTFabric -Xcc -I/Users/apple/Plnmo/app/ios/Pods/Headers/Public/React-RCTRuntime -Xcc -I/Users/apple/Plnmo/app/ios/Pods/Headers/Public/React-RCTText -Xcc -I/Users/apple/Plnmo/app/ios/Pods/Headers/Public/React-RuntimeApple -Xcc -I/Users/apple/Plnmo/app/ios/Pods/Headers/Public/React-RuntimeCore -Xcc -I/Users/apple/Plnmo/app/ios/Pods/Headers/Public/React-RuntimeHermes -Xcc -I/Users/apple/Plnmo/app/ios/Pods/Headers/Public/React-callinvoker -Xcc -I/Users/apple/Plnmo/app/ios/Pods/Headers/Public/React-cxxreact -Xcc -I/Users/apple/Plnmo/app/ios/Pods/Headers/Public/React-debug -Xcc -I/Users/apple/Plnmo/app/ios/Pods/Headers/Public/React-defaultsnativemodule -Xcc -I/Users/apple/Plnmo/app/ios/Pods/Headers/Public/React-domnativemodule -Xcc -I/Users/apple/Plnmo/app/ios/Pods/Headers/Public/React-featureflags -Xcc -I/Users/apple/Plnmo/app/ios/Pods/Headers/Public/React-featureflagsnativemodule -Xcc -I/Users/apple/Plnmo/app/ios/Pods/Headers/Public/React-graphics -Xcc -I/Users/apple/Plnmo/app/ios/Pods/Headers/Public/React-hermes -Xcc -I/Users/apple/Plnmo/app/ios/Pods/Headers/Public/React-idlecallbacksnativemodule -Xcc -I/Users/apple/Plnmo/app/ios/Pods/Headers/Public/React-jserrorhandler -Xcc -I/Users/apple/Plnmo/app/ios/Pods/Headers/Public/React-jsi -Xcc -I/Users/apple/Plnmo/app/ios/Pods/Headers/Public/React-jsiexecutor -Xcc -I/Users/apple/Plnmo/app/ios/Pods/Headers/Public/React-jsinspector -Xcc -I/Users/apple/Plnmo/app/ios/Pods/Headers/Public/React-jsinspectortracing -Xcc -I/Users/apple/Plnmo/app/ios/Pods/Headers/Public/React-jsitooling -Xcc -I/Users/apple/Plnmo/app/ios/Pods/Headers/Public/React-logger -Xcc -I/Users/apple/Plnmo/app/ios/Pods/Headers/Public/React-microtasksnativemodule -Xcc -I/Users/apple/Plnmo/app/ios/Pods/Headers/Public/React-oscompat -Xcc -I/Users/apple/Plnmo/app/ios/Pods/Headers/Public/React-perflogger -Xcc -I/Users/apple/Plnmo/app/ios/Pods/Headers/Public/React-performancetimeline -Xcc -I/Users/apple/Plnmo/app/ios/Pods/Headers/Public/React-rendererconsistency -Xcc -I/Users/apple/Plnmo/app/ios/Pods/Headers/Public/React-renderercss -Xcc -I/Users/apple/Plnmo/app/ios/Pods/Headers/Public/React-rendererdebug -Xcc -I/Users/apple/Plnmo/app/ios/Pods/Headers/Public/React-runtimeexecutor -Xcc -I/Users/apple/Plnmo/app/ios/Pods/Headers/Public/React-runtimescheduler -Xcc -I/Users/apple/Plnmo/app/ios/Pods/Headers/Public/React-timing -Xcc -I/Users/apple/Plnmo/app/ios/Pods/Headers/Public/React-utils -Xcc -I/Users/apple/Plnmo/app/ios/Pods/Headers/Public/ReactCodegen -Xcc -I/Users/apple/Plnmo/app/ios/Pods/Headers/Public/ReactCommon -Xcc -I/Users/apple/Plnmo/app/ios/Pods/Headers/Public/Yoga -Xcc -I/Users/apple/Plnmo/app/ios/Pods/Headers/Public/boost -Xcc -I/Users/apple/Plnmo/app/ios/Pods/Headers/Public/fast_float -Xcc -I/Users/apple/Plnmo/app/ios/Pods/Headers/Public/fmt -Xcc -I/Users/apple/Plnmo/app/ios/Pods/Headers/Public/glog -Xcc -I/Users/apple/Plnmo/app/ios/Pods/Headers/Public/hermes-engine -Xcc -I/Users/apple/Plnmo/app/ios/Pods/boost -Xcc -I/Users/apple/Plnmo/app/ios/Pods/Headers/Private/Yoga -Xcc -I/Users/apple/Library/Developer/Xcode/DerivedData/Planmoni-fdypulhkiungwycuxcfoxcpgffow/Build/Intermediates.noindex/Pods.build/Debug-iphonesimulator/lottie-react-native.build/DerivedSources-normal/arm64 -Xcc -I/Users/apple/Library/Developer/Xcode/DerivedData/Planmoni-fdypulhkiungwycuxcfoxcpgffow/Build/Intermediates.noindex/Pods.build/Debug-iphonesimulator/lottie-react-native.build/DerivedSources/arm64 -Xcc -I/Users/apple/Library/Developer/Xcode/DerivedData/Planmoni-fdypulhkiungwycuxcfoxcpgffow/Build/Intermediates.noindex/Pods.build/Debug-iphonesimulator/lottie-react-native.build/DerivedSources -Xcc -DPOD_CONFIGURATION_DEBUG\=1 -Xcc -DDEBUG\=1 -Xcc -DCOCOAPODS\=1 -module-name lottie_react_native -disable-clang-spi -target-sdk-version 17.5 -target-sdk-name iphonesimulator17.5 -external-plugin-path /Applications/Xcode.app/Contents/Developer/Platforms/iPhoneSimulator.platform/Developer/SDKs/iPhoneSimulator17.5.sdk/usr/lib/swift/host/plugins\#/Applications/Xcode.app/Contents/Developer/Platforms/iPhoneSimulator.platform/Developer/SDKs/iPhoneSimulator17.5.sdk/usr/bin/swift-plugin-server -external-plugin-path /Applications/Xcode.app/Contents/Developer/Platforms/iPhoneSimulator.platform/Developer/SDKs/iPhoneSimulator17.5.sdk/usr/local/lib/swift/host/plugins\#/Applications/Xcode.app/Contents/Developer/Platforms/iPhoneSimulator.platform/Developer/SDKs/iPhoneSimulator17.5.sdk/usr/bin/swift-plugin-server -external-plugin-path /Applications/Xcode.app/Contents/Developer/Platforms/iPhoneOS.platform/Developer/usr/lib/swift/host/plugins\#/Applications/Xcode.app/Contents/Developer/Platforms/iPhoneOS.platform/Developer/usr/bin/swift-plugin-server -external-plugin-path /Applications/Xcode.app/Contents/Developer/Platforms/iPhoneOS.platform/Developer/usr/local/lib/swift/host/plugins\#/Applications/Xcode.app/Contents/Developer/Platforms/iPhoneOS.platform/Developer/usr/bin/swift-plugin-server -plugin-path /Applications/Xcode.app/Contents/Developer/Toolchains/XcodeDefault.xctoolchain/usr/lib/swift/host/plugins -plugin-path /Applications/Xcode.app/Contents/Developer/Toolchains/XcodeDefault.xctoolchain/usr/local/lib/swift/host/plugins -emit-module-doc-path /Users/apple/Library/Developer/Xcode/DerivedData/Planmoni-fdypulhkiungwycuxcfoxcpgffow/Build/Intermediates.noindex/Pods.build/Debug-iphonesimulator/lottie-react-native.build/Objects-normal/arm64/lottie_react_native.swiftdoc -emit-module-source-info-path /Users/apple/Library/Developer/Xcode/DerivedData/Planmoni-fdypulhkiungwycuxcfoxcpgffow/Build/Intermediates.noindex/Pods.build/Debug-iphonesimulator/lottie-react-native.build/Objects-normal/arm64/lottie_react_native.swiftsourceinfo -emit-objc-header-path /Users/apple/Library/Developer/Xcode/DerivedData/Planmoni-fdypulhkiungwycuxcfoxcpgffow/Build/Intermediates.noindex/Pods.build/Debug-iphonesimulator/lottie-react-native.build/Objects-normal/arm64/lottie_react_native-Swift.h -serialize-diagnostics-path /Users/apple/Library/Developer/Xcode/DerivedData/Planmoni-fdypulhkiungwycuxcfoxcpgffow/Build/Intermediates.noindex/Pods.build/Debug-iphonesimulator/lottie-react-native.build/Objects-normal/arm64/lottie-react-native-master-emit-module.dia -emit-dependencies-path /Users/apple/Library/Developer/Xcode/DerivedData/Planmoni-fdypulhkiungwycuxcfoxcpgffow/Build/Intermediates.noindex/Pods.build/Debug-iphonesimulator/lottie-react-native.build/Objects-normal/arm64/lottie-react-native-master-emit-module.d -o /Users/apple/Library/Developer/Xcode/DerivedData/Planmoni-fdypulhkiungwycuxcfoxcpgffow/Build/Intermediates.noindex/Pods.build/Debug-iphonesimulator/lottie-react-native.build/Objects-normal/arm64/lottie_react_native.swiftmodule -emit-abi-descriptor-path /Users/apple/Library/Developer/Xcode/DerivedData/Planmoni-fdypulhkiungwycuxcfoxcpgffow/Build/Intermediates.noindex/Pods.build/Debug-iphonesimulator/lottie-react-native.build/Objects-normal/arm64/lottie_react_native.abi.json

CompileC /Users/apple/Library/Developer/Xcode/DerivedData/Planmoni-fdypulhkiungwycuxcfoxcpgffow/Build/Intermediates.noindex/Pods.build/Debug-iphonesimulator/ReactCodegen.build/Objects-normal/arm64/ShadowNodes-0def52f93b7d2feeff92a620e936edb4.o /Users/apple/Plnmo/app/ios/build/generated/ios/react/renderer/components/RNCWebViewSpec/ShadowNodes.cpp normal arm64 c++ com.apple.compilers.llvm.clang.1_0.compiler (in target 'ReactCodegen' from project 'Pods')
    cd /Users/apple/Plnmo/app/ios/Pods
    /Applications/Xcode.app/Contents/Developer/Toolchains/XcodeDefault.xctoolchain/usr/bin/clang -x c++ -ivfsstatcache /Users/apple/Library/Developer/Xcode/DerivedData/SDKStatCaches.noindex/iphonesimulator17.5-21F77-c098706a9f71eba4e76ae92ab367209a.sdkstatcache -fmessage-length\=0 -fdiagnostics-show-note-include-stack -fmacro-backtrace-limit\=0 -fno-color-diagnostics -fmodules-prune-interval\=86400 -fmodules-prune-after\=345600 -fbuild-session-file\=/Users/apple/Library/Developer/Xcode/DerivedData/ModuleCache.noindex/Session.modulevalidation -fmodules-validate-once-per-build-session -Wnon-modular-include-in-framework-module -Werror\=non-modular-include-in-framework-module -Wno-trigraphs -Wno-missing-field-initializers -Wno-missing-prototypes -Werror\=return-type -Wdocumentation -Wunreachable-code -Werror\=deprecated-objc-isa-usage -Werror\=objc-root-class -Wno-non-virtual-dtor -Wno-overloaded-virtual -Wno-exit-time-destructors -Wno-missing-braces -Wparentheses -Wswitch -Wunused-function -Wno-unused-label -Wno-unused-parameter -Wunused-variable -Wunused-value -Wempty-body -Wuninitialized -Wconditional-uninitialized -Wno-unknown-pragmas -Wno-shadow -Wno-four-char-constants -Wno-conversion -Wconstant-conversion -Wint-conversion -Wbool-conversion -Wenum-conversion -Wno-float-conversion -Wnon-literal-null-conversion -Wobjc-literal-conversion -Wshorten-64-to-32 -Wno-newline-eof -Wno-c++11-extensions -Wno-implicit-fallthrough -fstrict-aliasing -Wdeprecated-declarations -Winvalid-offsetof -Wno-sign-conversion -Winfinite-recursion -Wmove -Wcomma -Wblock-capture-autoreleasing -Wstrict-prototypes -Wrange-loop-analysis -Wno-semicolon-before-method-body -Wunguarded-availability -index-store-path /Users/apple/Library/Developer/Xcode/DerivedData/Planmoni-fdypulhkiungwycuxcfoxcpgffow/Index.noindex/DataStore -Wno-comma -Wno-shorten-64-to-32 -Wno-documentation @/Users/apple/Library/Developer/Xcode/DerivedData/Planmoni-fdypulhkiungwycuxcfoxcpgffow/Build/Intermediates.noindex/Pods.build/Debug-iphonesimulator/ReactCodegen.build/Objects-normal/arm64/82b82416624d2658e5098eb0a28c15c5-common-args.resp -DFOLLY_NO_CONFIG -DFOLLY_MOBILE\=1 -DFOLLY_USE_LIBCPP\=1 -DFOLLY_CFG_NO_COROUTINES\=1 -DFOLLY_HAVE_CLOCK_GETTIME\=1 -Wno-comma -Wno-shorten-64-to-32 -Wno-documentation -Wno-nullability-completeness -std\=c++20 -include /Users/apple/Plnmo/app/ios/Pods/Target\ Support\ Files/ReactCodegen/ReactCodegen-prefix.pch -MMD -MT dependencies -MF /Users/apple/Library/Developer/Xcode/DerivedData/Planmoni-fdypulhkiungwycuxcfoxcpgffow/Build/Intermediates.noindex/Pods.build/Debug-iphonesimulator/ReactCodegen.build/Objects-normal/arm64/ShadowNodes-0def52f93b7d2feeff92a620e936edb4.d --serialize-diagnostics /Users/apple/Library/Developer/Xcode/DerivedData/Planmoni-fdypulhkiungwycuxcfoxcpgffow/Build/Intermediates.noindex/Pods.build/Debug-iphonesimulator/ReactCodegen.build/Objects-normal/arm64/ShadowNodes-0def52f93b7d2feeff92a620e936edb4.dia -c /Users/apple/Plnmo/app/ios/build/generated/ios/react/renderer/components/RNCWebViewSpec/ShadowNodes.cpp -o /Users/apple/Library/Developer/Xcode/DerivedData/Planmoni-fdypulhkiungwycuxcfoxcpgffow/Build/Intermediates.noindex/Pods.build/Debug-iphonesimulator/ReactCodegen.build/Objects-normal/arm64/ShadowNodes-0def52f93b7d2feeff92a620e936edb4.o -index-unit-output-path /Pods.build/Debug-iphonesimulator/ReactCodegen.build/Objects-normal/arm64/ShadowNodes-0def52f93b7d2feeff92a620e936edb4.o

CompileC /Users/apple/Library/Developer/Xcode/DerivedData/Planmoni-fdypulhkiungwycuxcfoxcpgffow/Build/Intermediates.noindex/Pods.build/Debug-iphonesimulator/ReactCodegen.build/Objects-normal/arm64/RNSentrySpecJSI-generated.o /Users/apple/Plnmo/app/ios/build/generated/ios/RNSentrySpecJSI-generated.cpp normal arm64 c++ com.apple.compilers.llvm.clang.1_0.compiler (in target 'ReactCodegen' from project 'Pods')
    cd /Users/apple/Plnmo/app/ios/Pods
    /Applications/Xcode.app/Contents/Developer/Toolchains/XcodeDefault.xctoolchain/usr/bin/clang -x c++ -ivfsstatcache /Users/apple/Library/Developer/Xcode/DerivedData/SDKStatCaches.noindex/iphonesimulator17.5-21F77-c098706a9f71eba4e76ae92ab367209a.sdkstatcache -fmessage-length\=0 -fdiagnostics-show-note-include-stack -fmacro-backtrace-limit\=0 -fno-color-diagnostics -fmodules-prune-interval\=86400 -fmodules-prune-after\=345600 -fbuild-session-file\=/Users/apple/Library/Developer/Xcode/DerivedData/ModuleCache.noindex/Session.modulevalidation -fmodules-validate-once-per-build-session -Wnon-modular-include-in-framework-module -Werror\=non-modular-include-in-framework-module -Wno-trigraphs -Wno-missing-field-initializers -Wno-missing-prototypes -Werror\=return-type -Wdocumentation -Wunreachable-code -Werror\=deprecated-objc-isa-usage -Werror\=objc-root-class -Wno-non-virtual-dtor -Wno-overloaded-virtual -Wno-exit-time-destructors -Wno-missing-braces -Wparentheses -Wswitch -Wunused-function -Wno-unused-label -Wno-unused-parameter -Wunused-variable -Wunused-value -Wempty-body -Wuninitialized -Wconditional-uninitialized -Wno-unknown-pragmas -Wno-shadow -Wno-four-char-constants -Wno-conversion -Wconstant-conversion -Wint-conversion -Wbool-conversion -Wenum-conversion -Wno-float-conversion -Wnon-literal-null-conversion -Wobjc-literal-conversion -Wshorten-64-to-32 -Wno-newline-eof -Wno-c++11-extensions -Wno-implicit-fallthrough -fstrict-aliasing -Wdeprecated-declarations -Winvalid-offsetof -Wno-sign-conversion -Winfinite-recursion -Wmove -Wcomma -Wblock-capture-autoreleasing -Wstrict-prototypes -Wrange-loop-analysis -Wno-semicolon-before-method-body -Wunguarded-availability -index-store-path /Users/apple/Library/Developer/Xcode/DerivedData/Planmoni-fdypulhkiungwycuxcfoxcpgffow/Index.noindex/DataStore -Wno-comma -Wno-shorten-64-to-32 -Wno-documentation @/Users/apple/Library/Developer/Xcode/DerivedData/Planmoni-fdypulhkiungwycuxcfoxcpgffow/Build/Intermediates.noindex/Pods.build/Debug-iphonesimulator/ReactCodegen.build/Objects-normal/arm64/82b82416624d2658e5098eb0a28c15c5-common-args.resp -DFOLLY_NO_CONFIG -DFOLLY_MOBILE\=1 -DFOLLY_USE_LIBCPP\=1 -DFOLLY_CFG_NO_COROUTINES\=1 -DFOLLY_HAVE_CLOCK_GETTIME\=1 -Wno-comma -Wno-shorten-64-to-32 -Wno-documentation -Wno-nullability-completeness -std\=c++20 -include /Users/apple/Plnmo/app/ios/Pods/Target\ Support\ Files/ReactCodegen/ReactCodegen-prefix.pch -MMD -MT dependencies -MF /Users/apple/Library/Developer/Xcode/DerivedData/Planmoni-fdypulhkiungwycuxcfoxcpgffow/Build/Intermediates.noindex/Pods.build/Debug-iphonesimulator/ReactCodegen.build/Objects-normal/arm64/RNSentrySpecJSI-generated.d --serialize-diagnostics /Users/apple/Library/Developer/Xcode/DerivedData/Planmoni-fdypulhkiungwycuxcfoxcpgffow/Build/Intermediates.noindex/Pods.build/Debug-iphonesimulator/ReactCodegen.build/Objects-normal/arm64/RNSentrySpecJSI-generated.dia -c /Users/apple/Plnmo/app/ios/build/generated/ios/RNSentrySpecJSI-generated.cpp -o /Users/apple/Library/Developer/Xcode/DerivedData/Planmoni-fdypulhkiungwycuxcfoxcpgffow/Build/Intermediates.noindex/Pods.build/Debug-iphonesimulator/ReactCodegen.build/Objects-normal/arm64/RNSentrySpecJSI-generated.o -index-unit-output-path /Pods.build/Debug-iphonesimulator/ReactCodegen.build/Objects-normal/arm64/RNSentrySpecJSI-generated.o

CompileC /Users/apple/Library/Developer/Xcode/DerivedData/Planmoni-fdypulhkiungwycuxcfoxcpgffow/Build/Intermediates.noindex/Pods.build/Debug-iphonesimulator/ReactCodegen.build/Objects-normal/arm64/RNSentrySpec-generated.o /Users/apple/Plnmo/app/ios/build/generated/ios/RNSentrySpec/RNSentrySpec-generated.mm normal arm64 objective-c++ com.apple.compilers.llvm.clang.1_0.compiler (in target 'ReactCodegen' from project 'Pods')
    cd /Users/apple/Plnmo/app/ios/Pods
    /Applications/Xcode.app/Contents/Developer/Toolchains/XcodeDefault.xctoolchain/usr/bin/clang -x objective-c++ -ivfsstatcache /Users/apple/Library/Developer/Xcode/DerivedData/SDKStatCaches.noindex/iphonesimulator17.5-21F77-c098706a9f71eba4e76ae92ab367209a.sdkstatcache -fmessage-length\=0 -fdiagnostics-show-note-include-stack -fmacro-backtrace-limit\=0 -fno-color-diagnostics -fmodules-prune-interval\=86400 -fmodules-prune-after\=345600 -fbuild-session-file\=/Users/apple/Library/Developer/Xcode/DerivedData/ModuleCache.noindex/Session.modulevalidation -fmodules-validate-once-per-build-session -Wnon-modular-include-in-framework-module -Werror\=non-modular-include-in-framework-module -Wno-trigraphs -Wno-missing-field-initializers -Wno-missing-prototypes -Werror\=return-type -Wdocumentation -Wunreachable-code -Wno-implicit-atomic-properties -Werror\=deprecated-objc-isa-usage -Wno-objc-interface-ivars -Werror\=objc-root-class -Wno-arc-repeated-use-of-weak -Wimplicit-retain-self -Wno-non-virtual-dtor -Wno-overloaded-virtual -Wno-exit-time-destructors -Wduplicate-method-match -Wno-missing-braces -Wparentheses -Wswitch -Wunused-function -Wno-unused-label -Wno-unused-parameter -Wunused-variable -Wunused-value -Wempty-body -Wuninitialized -Wconditional-uninitialized -Wno-unknown-pragmas -Wno-shadow -Wno-four-char-constants -Wno-conversion -Wconstant-conversion -Wint-conversion -Wbool-conversion -Wenum-conversion -Wno-float-conversion -Wnon-literal-null-conversion -Wobjc-literal-conversion -Wshorten-64-to-32 -Wno-newline-eof -Wno-selector -Wno-strict-selector-match -Wundeclared-selector -Wdeprecated-implementations -Wno-c++11-extensions -Wno-implicit-fallthrough -fstrict-aliasing -Wprotocol -Wdeprecated-declarations -Winvalid-offsetof -Wno-sign-conversion -Winfinite-recursion -Wmove -Wcomma -Wblock-capture-autoreleasing -Wstrict-prototypes -Wrange-loop-analysis -Wno-semicolon-before-method-body -Wunguarded-availability -index-store-path /Users/apple/Library/Developer/Xcode/DerivedData/Planmoni-fdypulhkiungwycuxcfoxcpgffow/Index.noindex/DataStore -Wno-comma -Wno-shorten-64-to-32 -Wno-documentation @/Users/apple/Library/Developer/Xcode/DerivedData/Planmoni-fdypulhkiungwycuxcfoxcpgffow/Build/Intermediates.noindex/Pods.build/Debug-iphonesimulator/ReactCodegen.build/Objects-normal/arm64/af3fcb34312c57c0f52879cdce924b91-common-args.resp -DFOLLY_NO_CONFIG -DFOLLY_MOBILE\=1 -DFOLLY_USE_LIBCPP\=1 -DFOLLY_CFG_NO_COROUTINES\=1 -DFOLLY_HAVE_CLOCK_GETTIME\=1 -Wno-comma -Wno-shorten-64-to-32 -Wno-documentation -Wno-nullability-completeness -std\=c++20 -include /Users/apple/Plnmo/app/ios/Pods/Target\ Support\ Files/ReactCodegen/ReactCodegen-prefix.pch -MMD -MT dependencies -MF /Users/apple/Library/Developer/Xcode/DerivedData/Planmoni-fdypulhkiungwycuxcfoxcpgffow/Build/Intermediates.noindex/Pods.build/Debug-iphonesimulator/ReactCodegen.build/Objects-normal/arm64/RNSentrySpec-generated.d --serialize-diagnostics /Users/apple/Library/Developer/Xcode/DerivedData/Planmoni-fdypulhkiungwycuxcfoxcpgffow/Build/Intermediates.noindex/Pods.build/Debug-iphonesimulator/ReactCodegen.build/Objects-normal/arm64/RNSentrySpec-generated.dia -c /Users/apple/Plnmo/app/ios/build/generated/ios/RNSentrySpec/RNSentrySpec-generated.mm -o /Users/apple/Library/Developer/Xcode/DerivedData/Planmoni-fdypulhkiungwycuxcfoxcpgffow/Build/Intermediates.noindex/Pods.build/Debug-iphonesimulator/ReactCodegen.build/Objects-normal/arm64/RNSentrySpec-generated.o -index-unit-output-path /Pods.build/Debug-iphonesimulator/ReactCodegen.build/Objects-normal/arm64/RNSentrySpec-generated.o

CompileC /Users/apple/Library/Developer/Xcode/DerivedData/Planmoni-fdypulhkiungwycuxcfoxcpgffow/Build/Intermediates.noindex/Pods.build/Debug-iphonesimulator/ReactCodegen.build/Objects-normal/arm64/RNCWebViewSpecJSI-generated.o /Users/apple/Plnmo/app/ios/build/generated/ios/RNCWebViewSpecJSI-generated.cpp normal arm64 c++ com.apple.compilers.llvm.clang.1_0.compiler (in target 'ReactCodegen' from project 'Pods')
    cd /Users/apple/Plnmo/app/ios/Pods
    /Applications/Xcode.app/Contents/Developer/Toolchains/XcodeDefault.xctoolchain/usr/bin/clang -x c++ -ivfsstatcache /Users/apple/Library/Developer/Xcode/DerivedData/SDKStatCaches.noindex/iphonesimulator17.5-21F77-c098706a9f71eba4e76ae92ab367209a.sdkstatcache -fmessage-length\=0 -fdiagnostics-show-note-include-stack -fmacro-backtrace-limit\=0 -fno-color-diagnostics -fmodules-prune-interval\=86400 -fmodules-prune-after\=345600 -fbuild-session-file\=/Users/apple/Library/Developer/Xcode/DerivedData/ModuleCache.noindex/Session.modulevalidation -fmodules-validate-once-per-build-session -Wnon-modular-include-in-framework-module -Werror\=non-modular-include-in-framework-module -Wno-trigraphs -Wno-missing-field-initializers -Wno-missing-prototypes -Werror\=return-type -Wdocumentation -Wunreachable-code -Werror\=deprecated-objc-isa-usage -Werror\=objc-root-class -Wno-non-virtual-dtor -Wno-overloaded-virtual -Wno-exit-time-destructors -Wno-missing-braces -Wparentheses -Wswitch -Wunused-function -Wno-unused-label -Wno-unused-parameter -Wunused-variable -Wunused-value -Wempty-body -Wuninitialized -Wconditional-uninitialized -Wno-unknown-pragmas -Wno-shadow -Wno-four-char-constants -Wno-conversion -Wconstant-conversion -Wint-conversion -Wbool-conversion -Wenum-conversion -Wno-float-conversion -Wnon-literal-null-conversion -Wobjc-literal-conversion -Wshorten-64-to-32 -Wno-newline-eof -Wno-c++11-extensions -Wno-implicit-fallthrough -fstrict-aliasing -Wdeprecated-declarations -Winvalid-offsetof -Wno-sign-conversion -Winfinite-recursion -Wmove -Wcomma -Wblock-capture-autoreleasing -Wstrict-prototypes -Wrange-loop-analysis -Wno-semicolon-before-method-body -Wunguarded-availability -index-store-path /Users/apple/Library/Developer/Xcode/DerivedData/Planmoni-fdypulhkiungwycuxcfoxcpgffow/Index.noindex/DataStore -Wno-comma -Wno-shorten-64-to-32 -Wno-documentation @/Users/apple/Library/Developer/Xcode/DerivedData/Planmoni-fdypulhkiungwycuxcfoxcpgffow/Build/Intermediates.noindex/Pods.build/Debug-iphonesimulator/ReactCodegen.build/Objects-normal/arm64/82b82416624d2658e5098eb0a28c15c5-common-args.resp -DFOLLY_NO_CONFIG -DFOLLY_MOBILE\=1 -DFOLLY_USE_LIBCPP\=1 -DFOLLY_CFG_NO_COROUTINES\=1 -DFOLLY_HAVE_CLOCK_GETTIME\=1 -Wno-comma -Wno-shorten-64-to-32 -Wno-documentation -Wno-nullability-completeness -std\=c++20 -include /Users/apple/Plnmo/app/ios/Pods/Target\ Support\ Files/ReactCodegen/ReactCodegen-prefix.pch -MMD -MT dependencies -MF /Users/apple/Library/Developer/Xcode/DerivedData/Planmoni-fdypulhkiungwycuxcfoxcpgffow/Build/Intermediates.noindex/Pods.build/Debug-iphonesimulator/ReactCodegen.build/Objects-normal/arm64/RNCWebViewSpecJSI-generated.d --serialize-diagnostics /Users/apple/Library/Developer/Xcode/DerivedData/Planmoni-fdypulhkiungwycuxcfoxcpgffow/Build/Intermediates.noindex/Pods.build/Debug-iphonesimulator/ReactCodegen.build/Objects-normal/arm64/RNCWebViewSpecJSI-generated.dia -c /Users/apple/Plnmo/app/ios/build/generated/ios/RNCWebViewSpecJSI-generated.cpp -o /Users/apple/Library/Developer/Xcode/DerivedData/Planmoni-fdypulhkiungwycuxcfoxcpgffow/Build/Intermediates.noindex/Pods.build/Debug-iphonesimulator/ReactCodegen.build/Objects-normal/arm64/RNCWebViewSpecJSI-generated.o -index-unit-output-path /Pods.build/Debug-iphonesimulator/ReactCodegen.build/Objects-normal/arm64/RNCWebViewSpecJSI-generated.o

CompileC /Users/apple/Library/Developer/Xcode/DerivedData/Planmoni-fdypulhkiungwycuxcfoxcpgffow/Build/Intermediates.noindex/Pods.build/Debug-iphonesimulator/ReactCodegen.build/Objects-normal/arm64/RNCWebViewSpec-generated.o /Users/apple/Plnmo/app/ios/build/generated/ios/RNCWebViewSpec/RNCWebViewSpec-generated.mm normal arm64 objective-c++ com.apple.compilers.llvm.clang.1_0.compiler (in target 'ReactCodegen' from project 'Pods')
    cd /Users/apple/Plnmo/app/ios/Pods
    /Applications/Xcode.app/Contents/Developer/Toolchains/XcodeDefault.xctoolchain/usr/bin/clang -x objective-c++ -ivfsstatcache /Users/apple/Library/Developer/Xcode/DerivedData/SDKStatCaches.noindex/iphonesimulator17.5-21F77-c098706a9f71eba4e76ae92ab367209a.sdkstatcache -fmessage-length\=0 -fdiagnostics-show-note-include-stack -fmacro-backtrace-limit\=0 -fno-color-diagnostics -fmodules-prune-interval\=86400 -fmodules-prune-after\=345600 -fbuild-session-file\=/Users/apple/Library/Developer/Xcode/DerivedData/ModuleCache.noindex/Session.modulevalidation -fmodules-validate-once-per-build-session -Wnon-modular-include-in-framework-module -Werror\=non-modular-include-in-framework-module -Wno-trigraphs -Wno-missing-field-initializers -Wno-missing-prototypes -Werror\=return-type -Wdocumentation -Wunreachable-code -Wno-implicit-atomic-properties -Werror\=deprecated-objc-isa-usage -Wno-objc-interface-ivars -Werror\=objc-root-class -Wno-arc-repeated-use-of-weak -Wimplicit-retain-self -Wno-non-virtual-dtor -Wno-overloaded-virtual -Wno-exit-time-destructors -Wduplicate-method-match -Wno-missing-braces -Wparentheses -Wswitch -Wunused-function -Wno-unused-label -Wno-unused-parameter -Wunused-variable -Wunused-value -Wempty-body -Wuninitialized -Wconditional-uninitialized -Wno-unknown-pragmas -Wno-shadow -Wno-four-char-constants -Wno-conversion -Wconstant-conversion -Wint-conversion -Wbool-conversion -Wenum-conversion -Wno-float-conversion -Wnon-literal-null-conversion -Wobjc-literal-conversion -Wshorten-64-to-32 -Wno-newline-eof -Wno-selector -Wno-strict-selector-match -Wundeclared-selector -Wdeprecated-implementations -Wno-c++11-extensions -Wno-implicit-fallthrough -fstrict-aliasing -Wprotocol -Wdeprecated-declarations -Winvalid-offsetof -Wno-sign-conversion -Winfinite-recursion -Wmove -Wcomma -Wblock-capture-autoreleasing -Wstrict-prototypes -Wrange-loop-analysis -Wno-semicolon-before-method-body -Wunguarded-availability -index-store-path /Users/apple/Library/Developer/Xcode/DerivedData/Planmoni-fdypulhkiungwycuxcfoxcpgffow/Index.noindex/DataStore -Wno-comma -Wno-shorten-64-to-32 -Wno-documentation @/Users/apple/Library/Developer/Xcode/DerivedData/Planmoni-fdypulhkiungwycuxcfoxcpgffow/Build/Intermediates.noindex/Pods.build/Debug-iphonesimulator/ReactCodegen.build/Objects-normal/arm64/af3fcb34312c57c0f52879cdce924b91-common-args.resp -DFOLLY_NO_CONFIG -DFOLLY_MOBILE\=1 -DFOLLY_USE_LIBCPP\=1 -DFOLLY_CFG_NO_COROUTINES\=1 -DFOLLY_HAVE_CLOCK_GETTIME\=1 -Wno-comma -Wno-shorten-64-to-32 -Wno-documentation -Wno-nullability-completeness -std\=c++20 -include /Users/apple/Plnmo/app/ios/Pods/Target\ Support\ Files/ReactCodegen/ReactCodegen-prefix.pch -MMD -MT dependencies -MF /Users/apple/Library/Developer/Xcode/DerivedData/Planmoni-fdypulhkiungwycuxcfoxcpgffow/Build/Intermediates.noindex/Pods.build/Debug-iphonesimulator/ReactCodegen.build/Objects-normal/arm64/RNCWebViewSpec-generated.d --serialize-diagnostics /Users/apple/Library/Developer/Xcode/DerivedData/Planmoni-fdypulhkiungwycuxcfoxcpgffow/Build/Intermediates.noindex/Pods.build/Debug-iphonesimulator/ReactCodegen.build/Objects-normal/arm64/RNCWebViewSpec-generated.dia -c /Users/apple/Plnmo/app/ios/build/generated/ios/RNCWebViewSpec/RNCWebViewSpec-generated.mm -o /Users/apple/Library/Developer/Xcode/DerivedData/Planmoni-fdypulhkiungwycuxcfoxcpgffow/Build/Intermediates.noindex/Pods.build/Debug-iphonesimulator/ReactCodegen.build/Objects-normal/arm64/RNCWebViewSpec-generated.o -index-unit-output-path /Pods.build/Debug-iphonesimulator/ReactCodegen.build/Objects-normal/arm64/RNCWebViewSpec-generated.o

CompileC /Users/apple/Library/Developer/Xcode/DerivedData/Planmoni-fdypulhkiungwycuxcfoxcpgffow/Build/Intermediates.noindex/Pods.build/Debug-iphonesimulator/ReactCodegen.build/Objects-normal/arm64/RCTThirdPartyComponentsProvider.o /Users/apple/Plnmo/app/ios/build/generated/ios/RCTThirdPartyComponentsProvider.mm normal arm64 objective-c++ com.apple.compilers.llvm.clang.1_0.compiler (in target 'ReactCodegen' from project 'Pods')
    cd /Users/apple/Plnmo/app/ios/Pods
    /Applications/Xcode.app/Contents/Developer/Toolchains/XcodeDefault.xctoolchain/usr/bin/clang -x objective-c++ -ivfsstatcache /Users/apple/Library/Developer/Xcode/DerivedData/SDKStatCaches.noindex/iphonesimulator17.5-21F77-c098706a9f71eba4e76ae92ab367209a.sdkstatcache -fmessage-length\=0 -fdiagnostics-show-note-include-stack -fmacro-backtrace-limit\=0 -fno-color-diagnostics -fmodules-prune-interval\=86400 -fmodules-prune-after\=345600 -fbuild-session-file\=/Users/apple/Library/Developer/Xcode/DerivedData/ModuleCache.noindex/Session.modulevalidation -fmodules-validate-once-per-build-session -Wnon-modular-include-in-framework-module -Werror\=non-modular-include-in-framework-module -Wno-trigraphs -Wno-missing-field-initializers -Wno-missing-prototypes -Werror\=return-type -Wdocumentation -Wunreachable-code -Wno-implicit-atomic-properties -Werror\=deprecated-objc-isa-usage -Wno-objc-interface-ivars -Werror\=objc-root-class -Wno-arc-repeated-use-of-weak -Wimplicit-retain-self -Wno-non-virtual-dtor -Wno-overloaded-virtual -Wno-exit-time-destructors -Wduplicate-method-match -Wno-missing-braces -Wparentheses -Wswitch -Wunused-function -Wno-unused-label -Wno-unused-parameter -Wunused-variable -Wunused-value -Wempty-body -Wuninitialized -Wconditional-uninitialized -Wno-unknown-pragmas -Wno-shadow -Wno-four-char-constants -Wno-conversion -Wconstant-conversion -Wint-conversion -Wbool-conversion -Wenum-conversion -Wno-float-conversion -Wnon-literal-null-conversion -Wobjc-literal-conversion -Wshorten-64-to-32 -Wno-newline-eof -Wno-selector -Wno-strict-selector-match -Wundeclared-selector -Wdeprecated-implementations -Wno-c++11-extensions -Wno-implicit-fallthrough -fstrict-aliasing -Wprotocol -Wdeprecated-declarations -Winvalid-offsetof -Wno-sign-conversion -Winfinite-recursion -Wmove -Wcomma -Wblock-capture-autoreleasing -Wstrict-prototypes -Wrange-loop-analysis -Wno-semicolon-before-method-body -Wunguarded-availability -index-store-path /Users/apple/Library/Developer/Xcode/DerivedData/Planmoni-fdypulhkiungwycuxcfoxcpgffow/Index.noindex/DataStore -Wno-comma -Wno-shorten-64-to-32 -Wno-documentation @/Users/apple/Library/Developer/Xcode/DerivedData/Planmoni-fdypulhkiungwycuxcfoxcpgffow/Build/Intermediates.noindex/Pods.build/Debug-iphonesimulator/ReactCodegen.build/Objects-normal/arm64/af3fcb34312c57c0f52879cdce924b91-common-args.resp -DFOLLY_NO_CONFIG -DFOLLY_MOBILE\=1 -DFOLLY_USE_LIBCPP\=1 -DFOLLY_CFG_NO_COROUTINES\=1 -DFOLLY_HAVE_CLOCK_GETTIME\=1 -Wno-comma -Wno-shorten-64-to-32 -Wno-documentation -Wno-nullability-completeness -std\=c++20 -include /Users/apple/Plnmo/app/ios/Pods/Target\ Support\ Files/ReactCodegen/ReactCodegen-prefix.pch -MMD -MT dependencies -MF /Users/apple/Library/Developer/Xcode/DerivedData/Planmoni-fdypulhkiungwycuxcfoxcpgffow/Build/Intermediates.noindex/Pods.build/Debug-iphonesimulator/ReactCodegen.build/Objects-normal/arm64/RCTThirdPartyComponentsProvider.d --serialize-diagnostics /Users/apple/Library/Developer/Xcode/DerivedData/Planmoni-fdypulhkiungwycuxcfoxcpgffow/Build/Intermediates.noindex/Pods.build/Debug-iphonesimulator/ReactCodegen.build/Objects-normal/arm64/RCTThirdPartyComponentsProvider.dia -c /Users/apple/Plnmo/app/ios/build/generated/ios/RCTThirdPartyComponentsProvider.mm -o /Users/apple/Library/Developer/Xcode/DerivedData/Planmoni-fdypulhkiungwycuxcfoxcpgffow/Build/Intermediates.noindex/Pods.build/Debug-iphonesimulator/ReactCodegen.build/Objects-normal/arm64/RCTThirdPartyComponentsProvider.o -index-unit-output-path /Pods.build/Debug-iphonesimulator/ReactCodegen.build/Objects-normal/arm64/RCTThirdPartyComponentsProvider.o

CompileC /Users/apple/Library/Developer/Xcode/DerivedData/Planmoni-fdypulhkiungwycuxcfoxcpgffow/Build/Intermediates.noindex/Pods.build/Debug-iphonesimulator/ReactCodegen.build/Objects-normal/arm64/RCTModulesConformingToProtocolsProvider.o /Users/apple/Plnmo/app/ios/build/generated/ios/RCTModulesConformingToProtocolsProvider.mm normal arm64 objective-c++ com.apple.compilers.llvm.clang.1_0.compiler (in target 'ReactCodegen' from project 'Pods')
    cd /Users/apple/Plnmo/app/ios/Pods
    /Applications/Xcode.app/Contents/Developer/Toolchains/XcodeDefault.xctoolchain/usr/bin/clang -x objective-c++ -ivfsstatcache /Users/apple/Library/Developer/Xcode/DerivedData/SDKStatCaches.noindex/iphonesimulator17.5-21F77-c098706a9f71eba4e76ae92ab367209a.sdkstatcache -fmessage-length\=0 -fdiagnostics-show-note-include-stack -fmacro-backtrace-limit\=0 -fno-color-diagnostics -fmodules-prune-interval\=86400 -fmodules-prune-after\=345600 -fbuild-session-file\=/Users/apple/Library/Developer/Xcode/DerivedData/ModuleCache.noindex/Session.modulevalidation -fmodules-validate-once-per-build-session -Wnon-modular-include-in-framework-module -Werror\=non-modular-include-in-framework-module -Wno-trigraphs -Wno-missing-field-initializers -Wno-missing-prototypes -Werror\=return-type -Wdocumentation -Wunreachable-code -Wno-implicit-atomic-properties -Werror\=deprecated-objc-isa-usage -Wno-objc-interface-ivars -Werror\=objc-root-class -Wno-arc-repeated-use-of-weak -Wimplicit-retain-self -Wno-non-virtual-dtor -Wno-overloaded-virtual -Wno-exit-time-destructors -Wduplicate-method-match -Wno-missing-braces -Wparentheses -Wswitch -Wunused-function -Wno-unused-label -Wno-unused-parameter -Wunused-variable -Wunused-value -Wempty-body -Wuninitialized -Wconditional-uninitialized -Wno-unknown-pragmas -Wno-shadow -Wno-four-char-constants -Wno-conversion -Wconstant-conversion -Wint-conversion -Wbool-conversion -Wenum-conversion -Wno-float-conversion -Wnon-literal-null-conversion -Wobjc-literal-conversion -Wshorten-64-to-32 -Wno-newline-eof -Wno-selector -Wno-strict-selector-match -Wundeclared-selector -Wdeprecated-implementations -Wno-c++11-extensions -Wno-implicit-fallthrough -fstrict-aliasing -Wprotocol -Wdeprecated-declarations -Winvalid-offsetof -Wno-sign-conversion -Winfinite-recursion -Wmove -Wcomma -Wblock-capture-autoreleasing -Wstrict-prototypes -Wrange-loop-analysis -Wno-semicolon-before-method-body -Wunguarded-availability -index-store-path /Users/apple/Library/Developer/Xcode/DerivedData/Planmoni-fdypulhkiungwycuxcfoxcpgffow/Index.noindex/DataStore -Wno-comma -Wno-shorten-64-to-32 -Wno-documentation @/Users/apple/Library/Developer/Xcode/DerivedData/Planmoni-fdypulhkiungwycuxcfoxcpgffow/Build/Intermediates.noindex/Pods.build/Debug-iphonesimulator/ReactCodegen.build/Objects-normal/arm64/af3fcb34312c57c0f52879cdce924b91-common-args.resp -DFOLLY_NO_CONFIG -DFOLLY_MOBILE\=1 -DFOLLY_USE_LIBCPP\=1 -DFOLLY_CFG_NO_COROUTINES\=1 -DFOLLY_HAVE_CLOCK_GETTIME\=1 -Wno-comma -Wno-shorten-64-to-32 -Wno-documentation -Wno-nullability-completeness -std\=c++20 -include /Users/apple/Plnmo/app/ios/Pods/Target\ Support\ Files/ReactCodegen/ReactCodegen-prefix.pch -MMD -MT dependencies -MF /Users/apple/Library/Developer/Xcode/DerivedData/Planmoni-fdypulhkiungwycuxcfoxcpgffow/Build/Intermediates.noindex/Pods.build/Debug-iphonesimulator/ReactCodegen.build/Objects-normal/arm64/RCTModulesConformingToProtocolsProvider.d --serialize-diagnostics /Users/apple/Library/Developer/Xcode/DerivedData/Planmoni-fdypulhkiungwycuxcfoxcpgffow/Build/Intermediates.noindex/Pods.build/Debug-iphonesimulator/ReactCodegen.build/Objects-normal/arm64/RCTModulesConformingToProtocolsProvider.dia -c /Users/apple/Plnmo/app/ios/build/generated/ios/RCTModulesConformingToProtocolsProvider.mm -o /Users/apple/Library/Developer/Xcode/DerivedData/Planmoni-fdypulhkiungwycuxcfoxcpgffow/Build/Intermediates.noindex/Pods.build/Debug-iphonesimulator/ReactCodegen.build/Objects-normal/arm64/RCTModulesConformingToProtocolsProvider.o -index-unit-output-path /Pods.build/Debug-iphonesimulator/ReactCodegen.build/Objects-normal/arm64/RCTModulesConformingToProtocolsProvider.o

CompileC /Users/apple/Library/Developer/Xcode/DerivedData/Planmoni-fdypulhkiungwycuxcfoxcpgffow/Build/Intermediates.noindex/Pods.build/Debug-iphonesimulator/ReactCodegen.build/Objects-normal/arm64/RCTModuleProviders.o /Users/apple/Plnmo/app/ios/build/generated/ios/RCTModuleProviders.mm normal arm64 objective-c++ com.apple.compilers.llvm.clang.1_0.compiler (in target 'ReactCodegen' from project 'Pods')
    cd /Users/apple/Plnmo/app/ios/Pods
    /Applications/Xcode.app/Contents/Developer/Toolchains/XcodeDefault.xctoolchain/usr/bin/clang -x objective-c++ -ivfsstatcache /Users/apple/Library/Developer/Xcode/DerivedData/SDKStatCaches.noindex/iphonesimulator17.5-21F77-c098706a9f71eba4e76ae92ab367209a.sdkstatcache -fmessage-length\=0 -fdiagnostics-show-note-include-stack -fmacro-backtrace-limit\=0 -fno-color-diagnostics -fmodules-prune-interval\=86400 -fmodules-prune-after\=345600 -fbuild-session-file\=/Users/apple/Library/Developer/Xcode/DerivedData/ModuleCache.noindex/Session.modulevalidation -fmodules-validate-once-per-build-session -Wnon-modular-include-in-framework-module -Werror\=non-modular-include-in-framework-module -Wno-trigraphs -Wno-missing-field-initializers -Wno-missing-prototypes -Werror\=return-type -Wdocumentation -Wunreachable-code -Wno-implicit-atomic-properties -Werror\=deprecated-objc-isa-usage -Wno-objc-interface-ivars -Werror\=objc-root-class -Wno-arc-repeated-use-of-weak -Wimplicit-retain-self -Wno-non-virtual-dtor -Wno-overloaded-virtual -Wno-exit-time-destructors -Wduplicate-method-match -Wno-missing-braces -Wparentheses -Wswitch -Wunused-function -Wno-unused-label -Wno-unused-parameter -Wunused-variable -Wunused-value -Wempty-body -Wuninitialized -Wconditional-uninitialized -Wno-unknown-pragmas -Wno-shadow -Wno-four-char-constants -Wno-conversion -Wconstant-conversion -Wint-conversion -Wbool-conversion -Wenum-conversion -Wno-float-conversion -Wnon-literal-null-conversion -Wobjc-literal-conversion -Wshorten-64-to-32 -Wno-newline-eof -Wno-selector -Wno-strict-selector-match -Wundeclared-selector -Wdeprecated-implementations -Wno-c++11-extensions -Wno-implicit-fallthrough -fstrict-aliasing -Wprotocol -Wdeprecated-declarations -Winvalid-offsetof -Wno-sign-conversion -Winfinite-recursion -Wmove -Wcomma -Wblock-capture-autoreleasing -Wstrict-prototypes -Wrange-loop-analysis -Wno-semicolon-before-method-body -Wunguarded-availability -index-store-path /Users/apple/Library/Developer/Xcode/DerivedData/Planmoni-fdypulhkiungwycuxcfoxcpgffow/Index.noindex/DataStore -Wno-comma -Wno-shorten-64-to-32 -Wno-documentation @/Users/apple/Library/Developer/Xcode/DerivedData/Planmoni-fdypulhkiungwycuxcfoxcpgffow/Build/Intermediates.noindex/Pods.build/Debug-iphonesimulator/ReactCodegen.build/Objects-normal/arm64/af3fcb34312c57c0f52879cdce924b91-common-args.resp -DFOLLY_NO_CONFIG -DFOLLY_MOBILE\=1 -DFOLLY_USE_LIBCPP\=1 -DFOLLY_CFG_NO_COROUTINES\=1 -DFOLLY_HAVE_CLOCK_GETTIME\=1 -Wno-comma -Wno-shorten-64-to-32 -Wno-documentation -Wno-nullability-completeness -std\=c++20 -include /Users/apple/Plnmo/app/ios/Pods/Target\ Support\ Files/ReactCodegen/ReactCodegen-prefix.pch -MMD -MT dependencies -MF /Users/apple/Library/Developer/Xcode/DerivedData/Planmoni-fdypulhkiungwycuxcfoxcpgffow/Build/Intermediates.noindex/Pods.build/Debug-iphonesimulator/ReactCodegen.build/Objects-normal/arm64/RCTModuleProviders.d --serialize-diagnostics /Users/apple/Library/Developer/Xcode/DerivedData/Planmoni-fdypulhkiungwycuxcfoxcpgffow/Build/Intermediates.noindex/Pods.build/Debug-iphonesimulator/ReactCodegen.build/Objects-normal/arm64/RCTModuleProviders.dia -c /Users/apple/Plnmo/app/ios/build/generated/ios/RCTModuleProviders.mm -o /Users/apple/Library/Developer/Xcode/DerivedData/Planmoni-fdypulhkiungwycuxcfoxcpgffow/Build/Intermediates.noindex/Pods.build/Debug-iphonesimulator/ReactCodegen.build/Objects-normal/arm64/RCTModuleProviders.o -index-unit-output-path /Pods.build/Debug-iphonesimulator/ReactCodegen.build/Objects-normal/arm64/RCTModuleProviders.o

CompileC /Users/apple/Library/Developer/Xcode/DerivedData/Planmoni-fdypulhkiungwycuxcfoxcpgffow/Build/Intermediates.noindex/Pods.build/Debug-iphonesimulator/ReactCodegen.build/Objects-normal/arm64/Props-f55c74ed939d54023295d1ffe807703c.o /Users/apple/Plnmo/app/ios/build/generated/ios/react/renderer/components/rngesturehandler_codegen/Props.cpp normal arm64 c++ com.apple.compilers.llvm.clang.1_0.compiler (in target 'ReactCodegen' from project 'Pods')
    cd /Users/apple/Plnmo/app/ios/Pods
    /Applications/Xcode.app/Contents/Developer/Toolchains/XcodeDefault.xctoolchain/usr/bin/clang -x c++ -ivfsstatcache /Users/apple/Library/Developer/Xcode/DerivedData/SDKStatCaches.noindex/iphonesimulator17.5-21F77-c098706a9f71eba4e76ae92ab367209a.sdkstatcache -fmessage-length\=0 -fdiagnostics-show-note-include-stack -fmacro-backtrace-limit\=0 -fno-color-diagnostics -fmodules-prune-interval\=86400 -fmodules-prune-after\=345600 -fbuild-session-file\=/Users/apple/Library/Developer/Xcode/DerivedData/ModuleCache.noindex/Session.modulevalidation -fmodules-validate-once-per-build-session -Wnon-modular-include-in-framework-module -Werror\=non-modular-include-in-framework-module -Wno-trigraphs -Wno-missing-field-initializers -Wno-missing-prototypes -Werror\=return-type -Wdocumentation -Wunreachable-code -Werror\=deprecated-objc-isa-usage -Werror\=objc-root-class -Wno-non-virtual-dtor -Wno-overloaded-virtual -Wno-exit-time-destructors -Wno-missing-braces -Wparentheses -Wswitch -Wunused-function -Wno-unused-label -Wno-unused-parameter -Wunused-variable -Wunused-value -Wempty-body -Wuninitialized -Wconditional-uninitialized -Wno-unknown-pragmas -Wno-shadow -Wno-four-char-constants -Wno-conversion -Wconstant-conversion -Wint-conversion -Wbool-conversion -Wenum-conversion -Wno-float-conversion -Wnon-literal-null-conversion -Wobjc-literal-conversion -Wshorten-64-to-32 -Wno-newline-eof -Wno-c++11-extensions -Wno-implicit-fallthrough -fstrict-aliasing -Wdeprecated-declarations -Winvalid-offsetof -Wno-sign-conversion -Winfinite-recursion -Wmove -Wcomma -Wblock-capture-autoreleasing -Wstrict-prototypes -Wrange-loop-analysis -Wno-semicolon-before-method-body -Wunguarded-availability -index-store-path /Users/apple/Library/Developer/Xcode/DerivedData/Planmoni-fdypulhkiungwycuxcfoxcpgffow/Index.noindex/DataStore -Wno-comma -Wno-shorten-64-to-32 -Wno-documentation @/Users/apple/Library/Developer/Xcode/DerivedData/Planmoni-fdypulhkiungwycuxcfoxcpgffow/Build/Intermediates.noindex/Pods.build/Debug-iphonesimulator/ReactCodegen.build/Objects-normal/arm64/82b82416624d2658e5098eb0a28c15c5-common-args.resp -DFOLLY_NO_CONFIG -DFOLLY_MOBILE\=1 -DFOLLY_USE_LIBCPP\=1 -DFOLLY_CFG_NO_COROUTINES\=1 -DFOLLY_HAVE_CLOCK_GETTIME\=1 -Wno-comma -Wno-shorten-64-to-32 -Wno-documentation -Wno-nullability-completeness -std\=c++20 -include /Users/apple/Plnmo/app/ios/Pods/Target\ Support\ Files/ReactCodegen/ReactCodegen-prefix.pch -MMD -MT dependencies -MF /Users/apple/Library/Developer/Xcode/DerivedData/Planmoni-fdypulhkiungwycuxcfoxcpgffow/Build/Intermediates.noindex/Pods.build/Debug-iphonesimulator/ReactCodegen.build/Objects-normal/arm64/Props-f55c74ed939d54023295d1ffe807703c.d --serialize-diagnostics /Users/apple/Library/Developer/Xcode/DerivedData/Planmoni-fdypulhkiungwycuxcfoxcpgffow/Build/Intermediates.noindex/Pods.build/Debug-iphonesimulator/ReactCodegen.build/Objects-normal/arm64/Props-f55c74ed939d54023295d1ffe807703c.dia -c /Users/apple/Plnmo/app/ios/build/generated/ios/react/renderer/components/rngesturehandler_codegen/Props.cpp -o /Users/apple/Library/Developer/Xcode/DerivedData/Planmoni-fdypulhkiungwycuxcfoxcpgffow/Build/Intermediates.noindex/Pods.build/Debug-iphonesimulator/ReactCodegen.build/Objects-normal/arm64/Props-f55c74ed939d54023295d1ffe807703c.o -index-unit-output-path /Pods.build/Debug-iphonesimulator/ReactCodegen.build/Objects-normal/arm64/Props-f55c74ed939d54023295d1ffe807703c.o

CompileC /Users/apple/Library/Developer/Xcode/DerivedData/Planmoni-fdypulhkiungwycuxcfoxcpgffow/Build/Intermediates.noindex/Pods.build/Debug-iphonesimulator/ReactCodegen.build/Objects-normal/arm64/Props-de15165a007b2e47970fb5e8aed9f768.o /Users/apple/Plnmo/app/ios/build/generated/ios/react/renderer/components/RNSentrySpec/Props.cpp normal arm64 c++ com.apple.compilers.llvm.clang.1_0.compiler (in target 'ReactCodegen' from project 'Pods')
    cd /Users/apple/Plnmo/app/ios/Pods
    /Applications/Xcode.app/Contents/Developer/Toolchains/XcodeDefault.xctoolchain/usr/bin/clang -x c++ -ivfsstatcache /Users/apple/Library/Developer/Xcode/DerivedData/SDKStatCaches.noindex/iphonesimulator17.5-21F77-c098706a9f71eba4e76ae92ab367209a.sdkstatcache -fmessage-length\=0 -fdiagnostics-show-note-include-stack -fmacro-backtrace-limit\=0 -fno-color-diagnostics -fmodules-prune-interval\=86400 -fmodules-prune-after\=345600 -fbuild-session-file\=/Users/apple/Library/Developer/Xcode/DerivedData/ModuleCache.noindex/Session.modulevalidation -fmodules-validate-once-per-build-session -Wnon-modular-include-in-framework-module -Werror\=non-modular-include-in-framework-module -Wno-trigraphs -Wno-missing-field-initializers -Wno-missing-prototypes -Werror\=return-type -Wdocumentation -Wunreachable-code -Werror\=deprecated-objc-isa-usage -Werror\=objc-root-class -Wno-non-virtual-dtor -Wno-overloaded-virtual -Wno-exit-time-destructors -Wno-missing-braces -Wparentheses -Wswitch -Wunused-function -Wno-unused-label -Wno-unused-parameter -Wunused-variable -Wunused-value -Wempty-body -Wuninitialized -Wconditional-uninitialized -Wno-unknown-pragmas -Wno-shadow -Wno-four-char-constants -Wno-conversion -Wconstant-conversion -Wint-conversion -Wbool-conversion -Wenum-conversion -Wno-float-conversion -Wnon-literal-null-conversion -Wobjc-literal-conversion -Wshorten-64-to-32 -Wno-newline-eof -Wno-c++11-extensions -Wno-implicit-fallthrough -fstrict-aliasing -Wdeprecated-declarations -Winvalid-offsetof -Wno-sign-conversion -Winfinite-recursion -Wmove -Wcomma -Wblock-capture-autoreleasing -Wstrict-prototypes -Wrange-loop-analysis -Wno-semicolon-before-method-body -Wunguarded-availability -index-store-path /Users/apple/Library/Developer/Xcode/DerivedData/Planmoni-fdypulhkiungwycuxcfoxcpgffow/Index.noindex/DataStore -Wno-comma -Wno-shorten-64-to-32 -Wno-documentation @/Users/apple/Library/Developer/Xcode/DerivedData/Planmoni-fdypulhkiungwycuxcfoxcpgffow/Build/Intermediates.noindex/Pods.build/Debug-iphonesimulator/ReactCodegen.build/Objects-normal/arm64/82b82416624d2658e5098eb0a28c15c5-common-args.resp -DFOLLY_NO_CONFIG -DFOLLY_MOBILE\=1 -DFOLLY_USE_LIBCPP\=1 -DFOLLY_CFG_NO_COROUTINES\=1 -DFOLLY_HAVE_CLOCK_GETTIME\=1 -Wno-comma -Wno-shorten-64-to-32 -Wno-documentation -Wno-nullability-completeness -std\=c++20 -include /Users/apple/Plnmo/app/ios/Pods/Target\ Support\ Files/ReactCodegen/ReactCodegen-prefix.pch -MMD -MT dependencies -MF /Users/apple/Library/Developer/Xcode/DerivedData/Planmoni-fdypulhkiungwycuxcfoxcpgffow/Build/Intermediates.noindex/Pods.build/Debug-iphonesimulator/ReactCodegen.build/Objects-normal/arm64/Props-de15165a007b2e47970fb5e8aed9f768.d --serialize-diagnostics /Users/apple/Library/Developer/Xcode/DerivedData/Planmoni-fdypulhkiungwycuxcfoxcpgffow/Build/Intermediates.noindex/Pods.build/Debug-iphonesimulator/ReactCodegen.build/Objects-normal/arm64/Props-de15165a007b2e47970fb5e8aed9f768.dia -c /Users/apple/Plnmo/app/ios/build/generated/ios/react/renderer/components/RNSentrySpec/Props.cpp -o /Users/apple/Library/Developer/Xcode/DerivedData/Planmoni-fdypulhkiungwycuxcfoxcpgffow/Build/Intermediates.noindex/Pods.build/Debug-iphonesimulator/ReactCodegen.build/Objects-normal/arm64/Props-de15165a007b2e47970fb5e8aed9f768.o -index-unit-output-path /Pods.build/Debug-iphonesimulator/ReactCodegen.build/Objects-normal/arm64/Props-de15165a007b2e47970fb5e8aed9f768.o

CompileC /Users/apple/Library/Developer/Xcode/DerivedData/Planmoni-fdypulhkiungwycuxcfoxcpgffow/Build/Intermediates.noindex/Pods.build/Debug-iphonesimulator/ReactCodegen.build/Objects-normal/arm64/Props-d5ecbc1d62118a21c5ab6540fa8e9d85.o /Users/apple/Plnmo/app/ios/build/generated/ios/react/renderer/components/lottiereactnative/Props.cpp normal arm64 c++ com.apple.compilers.llvm.clang.1_0.compiler (in target 'ReactCodegen' from project 'Pods')
    cd /Users/apple/Plnmo/app/ios/Pods
    /Applications/Xcode.app/Contents/Developer/Toolchains/XcodeDefault.xctoolchain/usr/bin/clang -x c++ -ivfsstatcache /Users/apple/Library/Developer/Xcode/DerivedData/SDKStatCaches.noindex/iphonesimulator17.5-21F77-c098706a9f71eba4e76ae92ab367209a.sdkstatcache -fmessage-length\=0 -fdiagnostics-show-note-include-stack -fmacro-backtrace-limit\=0 -fno-color-diagnostics -fmodules-prune-interval\=86400 -fmodules-prune-after\=345600 -fbuild-session-file\=/Users/apple/Library/Developer/Xcode/DerivedData/ModuleCache.noindex/Session.modulevalidation -fmodules-validate-once-per-build-session -Wnon-modular-include-in-framework-module -Werror\=non-modular-include-in-framework-module -Wno-trigraphs -Wno-missing-field-initializers -Wno-missing-prototypes -Werror\=return-type -Wdocumentation -Wunreachable-code -Werror\=deprecated-objc-isa-usage -Werror\=objc-root-class -Wno-non-virtual-dtor -Wno-overloaded-virtual -Wno-exit-time-destructors -Wno-missing-braces -Wparentheses -Wswitch -Wunused-function -Wno-unused-label -Wno-unused-parameter -Wunused-variable -Wunused-value -Wempty-body -Wuninitialized -Wconditional-uninitialized -Wno-unknown-pragmas -Wno-shadow -Wno-four-char-constants -Wno-conversion -Wconstant-conversion -Wint-conversion -Wbool-conversion -Wenum-conversion -Wno-float-conversion -Wnon-literal-null-conversion -Wobjc-literal-conversion -Wshorten-64-to-32 -Wno-newline-eof -Wno-c++11-extensions -Wno-implicit-fallthrough -fstrict-aliasing -Wdeprecated-declarations -Winvalid-offsetof -Wno-sign-conversion -Winfinite-recursion -Wmove -Wcomma -Wblock-capture-autoreleasing -Wstrict-prototypes -Wrange-loop-analysis -Wno-semicolon-before-method-body -Wunguarded-availability -index-store-path /Users/apple/Library/Developer/Xcode/DerivedData/Planmoni-fdypulhkiungwycuxcfoxcpgffow/Index.noindex/DataStore -Wno-comma -Wno-shorten-64-to-32 -Wno-documentation @/Users/apple/Library/Developer/Xcode/DerivedData/Planmoni-fdypulhkiungwycuxcfoxcpgffow/Build/Intermediates.noindex/Pods.build/Debug-iphonesimulator/ReactCodegen.build/Objects-normal/arm64/82b82416624d2658e5098eb0a28c15c5-common-args.resp -DFOLLY_NO_CONFIG -DFOLLY_MOBILE\=1 -DFOLLY_USE_LIBCPP\=1 -DFOLLY_CFG_NO_COROUTINES\=1 -DFOLLY_HAVE_CLOCK_GETTIME\=1 -Wno-comma -Wno-shorten-64-to-32 -Wno-documentation -Wno-nullability-completeness -std\=c++20 -include /Users/apple/Plnmo/app/ios/Pods/Target\ Support\ Files/ReactCodegen/ReactCodegen-prefix.pch -MMD -MT dependencies -MF /Users/apple/Library/Developer/Xcode/DerivedData/Planmoni-fdypulhkiungwycuxcfoxcpgffow/Build/Intermediates.noindex/Pods.build/Debug-iphonesimulator/ReactCodegen.build/Objects-normal/arm64/Props-d5ecbc1d62118a21c5ab6540fa8e9d85.d --serialize-diagnostics /Users/apple/Library/Developer/Xcode/DerivedData/Planmoni-fdypulhkiungwycuxcfoxcpgffow/Build/Intermediates.noindex/Pods.build/Debug-iphonesimulator/ReactCodegen.build/Objects-normal/arm64/Props-d5ecbc1d62118a21c5ab6540fa8e9d85.dia -c /Users/apple/Plnmo/app/ios/build/generated/ios/react/renderer/components/lottiereactnative/Props.cpp -o /Users/apple/Library/Developer/Xcode/DerivedData/Planmoni-fdypulhkiungwycuxcfoxcpgffow/Build/Intermediates.noindex/Pods.build/Debug-iphonesimulator/ReactCodegen.build/Objects-normal/arm64/Props-d5ecbc1d62118a21c5ab6540fa8e9d85.o -index-unit-output-path /Pods.build/Debug-iphonesimulator/ReactCodegen.build/Objects-normal/arm64/Props-d5ecbc1d62118a21c5ab6540fa8e9d85.o

CompileC /Users/apple/Library/Developer/Xcode/DerivedData/Planmoni-fdypulhkiungwycuxcfoxcpgffow/Build/Intermediates.noindex/Pods.build/Debug-iphonesimulator/ReactCodegen.build/Objects-normal/arm64/Props-a99ca4283c06f898a5e341bfe7328b61.o /Users/apple/Plnmo/app/ios/build/generated/ios/react/renderer/components/safeareacontext/Props.cpp normal arm64 c++ com.apple.compilers.llvm.clang.1_0.compiler (in target 'ReactCodegen' from project 'Pods')
    cd /Users/apple/Plnmo/app/ios/Pods
    /Applications/Xcode.app/Contents/Developer/Toolchains/XcodeDefault.xctoolchain/usr/bin/clang -x c++ -ivfsstatcache /Users/apple/Library/Developer/Xcode/DerivedData/SDKStatCaches.noindex/iphonesimulator17.5-21F77-c098706a9f71eba4e76ae92ab367209a.sdkstatcache -fmessage-length\=0 -fdiagnostics-show-note-include-stack -fmacro-backtrace-limit\=0 -fno-color-diagnostics -fmodules-prune-interval\=86400 -fmodules-prune-after\=345600 -fbuild-session-file\=/Users/apple/Library/Developer/Xcode/DerivedData/ModuleCache.noindex/Session.modulevalidation -fmodules-validate-once-per-build-session -Wnon-modular-include-in-framework-module -Werror\=non-modular-include-in-framework-module -Wno-trigraphs -Wno-missing-field-initializers -Wno-missing-prototypes -Werror\=return-type -Wdocumentation -Wunreachable-code -Werror\=deprecated-objc-isa-usage -Werror\=objc-root-class -Wno-non-virtual-dtor -Wno-overloaded-virtual -Wno-exit-time-destructors -Wno-missing-braces -Wparentheses -Wswitch -Wunused-function -Wno-unused-label -Wno-unused-parameter -Wunused-variable -Wunused-value -Wempty-body -Wuninitialized -Wconditional-uninitialized -Wno-unknown-pragmas -Wno-shadow -Wno-four-char-constants -Wno-conversion -Wconstant-conversion -Wint-conversion -Wbool-conversion -Wenum-conversion -Wno-float-conversion -Wnon-literal-null-conversion -Wobjc-literal-conversion -Wshorten-64-to-32 -Wno-newline-eof -Wno-c++11-extensions -Wno-implicit-fallthrough -fstrict-aliasing -Wdeprecated-declarations -Winvalid-offsetof -Wno-sign-conversion -Winfinite-recursion -Wmove -Wcomma -Wblock-capture-autoreleasing -Wstrict-prototypes -Wrange-loop-analysis -Wno-semicolon-before-method-body -Wunguarded-availability -index-store-path /Users/apple/Library/Developer/Xcode/DerivedData/Planmoni-fdypulhkiungwycuxcfoxcpgffow/Index.noindex/DataStore -Wno-comma -Wno-shorten-64-to-32 -Wno-documentation @/Users/apple/Library/Developer/Xcode/DerivedData/Planmoni-fdypulhkiungwycuxcfoxcpgffow/Build/Intermediates.noindex/Pods.build/Debug-iphonesimulator/ReactCodegen.build/Objects-normal/arm64/82b82416624d2658e5098eb0a28c15c5-common-args.resp -DFOLLY_NO_CONFIG -DFOLLY_MOBILE\=1 -DFOLLY_USE_LIBCPP\=1 -DFOLLY_CFG_NO_COROUTINES\=1 -DFOLLY_HAVE_CLOCK_GETTIME\=1 -Wno-comma -Wno-shorten-64-to-32 -Wno-documentation -Wno-nullability-completeness -std\=c++20 -include /Users/apple/Plnmo/app/ios/Pods/Target\ Support\ Files/ReactCodegen/ReactCodegen-prefix.pch -MMD -MT dependencies -MF /Users/apple/Library/Developer/Xcode/DerivedData/Planmoni-fdypulhkiungwycuxcfoxcpgffow/Build/Intermediates.noindex/Pods.build/Debug-iphonesimulator/ReactCodegen.build/Objects-normal/arm64/Props-a99ca4283c06f898a5e341bfe7328b61.d --serialize-diagnostics /Users/apple/Library/Developer/Xcode/DerivedData/Planmoni-fdypulhkiungwycuxcfoxcpgffow/Build/Intermediates.noindex/Pods.build/Debug-iphonesimulator/ReactCodegen.build/Objects-normal/arm64/Props-a99ca4283c06f898a5e341bfe7328b61.dia -c /Users/apple/Plnmo/app/ios/build/generated/ios/react/renderer/components/safeareacontext/Props.cpp -o /Users/apple/Library/Developer/Xcode/DerivedData/Planmoni-fdypulhkiungwycuxcfoxcpgffow/Build/Intermediates.noindex/Pods.build/Debug-iphonesimulator/ReactCodegen.build/Objects-normal/arm64/Props-a99ca4283c06f898a5e341bfe7328b61.o -index-unit-output-path /Pods.build/Debug-iphonesimulator/ReactCodegen.build/Objects-normal/arm64/Props-a99ca4283c06f898a5e341bfe7328b61.o

note: Run script build phase '[CP-User] Generate app.config for prebuilt Constants.manifest' will be run during every build because the option to run the script phase "Based on dependency analysis" is unchecked. (in target 'EXConstants' from project 'Pods')
note: Run script build phase 'Bundle React Native code and images' will be run during every build because the option to run the script phase "Based on dependency analysis" is unchecked. (in target 'Planmoni' from project 'Planmoni')
note: Run script build phase '[Expo] Configure project' will be run during every build because the option to run the script phase "Based on dependency analysis" is unchecked. (in target 'Planmoni' from project 'Planmoni')
/Users/apple/Plnmo/app/ios/Pods/Pods.xcodeproj: warning: The iOS Simulator deployment target 'IPHONEOS_DEPLOYMENT_TARGET' is set to 11.0, but the range of supported deployment target versions is 12.0 to 17.5.99. (in target 'Sentry-Sentry' from project 'Pods')
/Users/apple/Plnmo/app/ios/Pods/Pods.xcodeproj: warning: The iOS Simulator deployment target 'IPHONEOS_DEPLOYMENT_TARGET' is set to 9.0, but the range of supported deployment target versions is 12.0 to 17.5.99. (in target 'SDWebImage-SDWebImage' from project 'Pods')
note: Run script build phase '[CP-User] [RN]Check rncore' will be run during every build because the option to run the script phase "Based on dependency analysis" is unchecked. (in target 'React-Fabric' from project 'Pods')
